"file_name","task_type","category","tier","recipe_name","description","version","imputation_method","imputation_max_iter","imputation_estimator","encoding_method","encoding_smoothing","encoding_handle_unknown","scaling_method","scaling_output_distribution","scaling_n_quantiles","imbalance_method","imbalance_sampling_strategy","imbalance_k_neighbors","outlier_method","outlier_threshold","outlier_strategy","outlier_limits","feature_selection_method","feature_selection_threshold","feature_selection_n_repeats","feature_selection_scoring","variant_id","leakage_risk","estimated_runtime_sec","generation_mode","v1_expected_quality","v1_max_runtime_seconds","v1_level","v1_compatibility_score","performance_tier","expected_runtime_seconds","research_citations"
"variant_01ace0cb3ddd.yml","classification","variant_search","","01ace0cb3ddd","Pipeline Variant: mean+onehot+none+correlation","1.0","mean","","","onehot","","","none","","","none","","","","","","","correlation","0.95","","","01ace0cb3ddd","none","30","grid_sample","","","","","","",""
"variant_01e9778f8033.yml","classification","variant_search","","01e9778f8033","Pipeline Variant: mean+smoteenn+onehot+none+variance","1.0","mean","","","onehot","","","none","","","smoteenn","","","","","","","variance","","","","01e9778f8033","medium","30","grid_sample","","","","","","",""
"variant_025ad086d938.yml","classification","variant_search","","025ad086d938","Pipeline Variant: mean+onehot+robust+none","1.0","mean","","","onehot","","","robust","","","none","","","","","","","none","","","","025ad086d938","none","30","grid_sample","","","","","","",""
"variant_0339a024f104.yml","classification","variant_search","","0339a024f104","Pipeline Variant: mean+smotetomek+label+yeo_johnson+correlation","1.0","mean","","","label","","","yeo_johnson","","","smotetomek","","","","","","","correlation","0.95","","","0339a024f104","medium","30","grid_sample","","","","","","",""
"variant_05bc83b59a91.yml","classification","variant_search","","05bc83b59a91","Pipeline Variant: mean+smotetomek+label+minmax+variance","1.0","mean","","","label","","","minmax","","","smotetomek","","","","","","","variance","","","","05bc83b59a91","medium","30","grid_sample","","","","","","",""
"variant_0715fbaaa7d8.yml","classification","variant_search","","0715fbaaa7d8","Pipeline Variant: mean+label+minmax+correlation","1.0","mean","","","label","","","minmax","","","none","","","","","","","correlation","0.95","","","0715fbaaa7d8","none","30","grid_sample","","","","","","",""
"variant_07a620b2c8d7.yml","classification","variant_search","","07a620b2c8d7","Pipeline Variant: mean+smoteenn+label+standard+none","1.0","mean","","","label","","","standard","","","smoteenn","","","","","","","none","","","","07a620b2c8d7","medium","30","grid_sample","","","","","","",""
"variant_0ca87e7ff3c6.yml","classification","variant_search","","0ca87e7ff3c6","Pipeline Variant: mean+label+none+none","1.0","mean","","","label","","","none","","","none","","","","","","","none","","","","0ca87e7ff3c6","none","30","grid_sample","","","","","","",""
"variant_0e36e01ab078.yml","classification","variant_search","","0e36e01ab078","Pipeline Variant: mean+onehot+minmax+variance","1.0","mean","","","onehot","","","minmax","","","none","","","","","","","variance","","","","0e36e01ab078","none","30","grid_sample","","","","","","",""
"variant_0ec0cc789303.yml","classification","variant_search","","0ec0cc789303","Pipeline Variant: mean+smotetomek+label+yeo_johnson+correlation","1.0","mean","","","label","","","yeo_johnson","","","smotetomek","","","","","","","correlation","0.9","","","0ec0cc789303","medium","30","grid_sample","","","","","","",""
"variant_102a7fe37ba3.yml","classification","variant_search","","102a7fe37ba3","Pipeline Variant: mean+smoteenn+label+quantile+variance","1.0","mean","","","label","","","quantile","","","smoteenn","","","","","","","variance","","","","102a7fe37ba3","medium","30","grid_sample","","","","","","",""
"variant_126885349d0f.yml","classification","variant_search","","126885349d0f","Pipeline Variant: mean+smotetomek+label+none+correlation","1.0","mean","","","label","","","none","","","smotetomek","","","","","","","correlation","0.9","","","126885349d0f","medium","30","grid_sample","","","","","","",""
"variant_138218da7556.yml","classification","variant_search","","138218da7556","Pipeline Variant: mean+smoteenn+label+robust+correlation","1.0","mean","","","label","","","robust","","","smoteenn","","","","","","","correlation","0.95","","","138218da7556","medium","30","grid_sample","","","","","","",""
"variant_13b0ee1eb7a8.yml","classification","variant_search","","13b0ee1eb7a8","Pipeline Variant: mean+label+quantile+none","1.0","mean","","","label","","","quantile","","","none","","","","","","","none","","","","13b0ee1eb7a8","none","30","grid_sample","","","","","","",""
"variant_13be36e8e6e1.yml","classification","variant_search","","13be36e8e6e1","Pipeline Variant: mean+label+standard+correlation","1.0","mean","","","label","","","standard","","","none","","","","","","","correlation","0.85","","","13be36e8e6e1","none","30","grid_sample","","","","","","",""
"variant_1807c4933bae.yml","classification","variant_search","","1807c4933bae","Pipeline Variant: mean+label+minmax+none","1.0","mean","","","label","","","minmax","","","none","","","","","","","none","","","","1807c4933bae","none","30","grid_sample","","","","","","",""
"variant_18bc115b4c80.yml","classification","variant_search","","18bc115b4c80","Pipeline Variant: mean+onehot+none+none","1.0","mean","","","onehot","","","none","","","none","","","","","","","none","","","","18bc115b4c80","none","30","grid_sample","","","","","","",""
"variant_1963c38fdf7c.yml","classification","variant_search","","1963c38fdf7c","Pipeline Variant: mean+smotetomek+onehot+minmax+correlation","1.0","mean","","","onehot","","","minmax","","","smotetomek","","","","","","","correlation","0.9","","","1963c38fdf7c","medium","30","grid_sample","","","","","","",""
"variant_1989c7714cb8.yml","classification","variant_search","","1989c7714cb8","Pipeline Variant: mean+smotetomek+label+standard+correlation","1.0","mean","","","label","","","standard","","","smotetomek","","","","","","","correlation","0.95","","","1989c7714cb8","medium","30","grid_sample","","","","","","",""
"variant_1b6127d96972.yml","classification","variant_search","","1b6127d96972","Pipeline Variant: mean+smoteenn+onehot+minmax+variance","1.0","mean","","","onehot","","","minmax","","","smoteenn","","","","","","","variance","","","","1b6127d96972","medium","30","grid_sample","","","","","","",""
"variant_1c6bbbcbb71b.yml","classification","variant_search","","1c6bbbcbb71b","Pipeline Variant: mean+smotetomek+onehot+standard+variance","1.0","mean","","","onehot","","","standard","","","smotetomek","","","","","","","variance","","","","1c6bbbcbb71b","medium","30","grid_sample","","","","","","",""
"variant_1ef8f1d7eaa2.yml","classification","variant_search","","1ef8f1d7eaa2","Pipeline Variant: mean+onehot+robust+correlation","1.0","mean","","","onehot","","","robust","","","none","","","","","","","correlation","0.85","","","1ef8f1d7eaa2","none","30","grid_sample","","","","","","",""
"variant_1fb2bff4f80a.yml","classification","variant_search","","1fb2bff4f80a","Pipeline Variant: mean+onehot+yeo_johnson+variance","1.0","mean","","","onehot","","","yeo_johnson","","","none","","","","","","","variance","","","","1fb2bff4f80a","none","30","grid_sample","","","","","","",""
"variant_2277be66d1bf.yml","classification","variant_search","","2277be66d1bf","Pipeline Variant: mean+onehot+yeo_johnson+none","1.0","mean","","","onehot","","","yeo_johnson","","","none","","","","","","","none","","","","2277be66d1bf","none","30","grid_sample","","","","","","",""
"variant_268c78180897.yml","classification","variant_search","","268c78180897","Pipeline Variant: mean+smotetomek+label+none+correlation","1.0","mean","","","label","","","none","","","smotetomek","","","","","","","correlation","0.95","","","268c78180897","medium","30","grid_sample","","","","","","",""
"variant_2f8d4ebb4190.yml","classification","variant_search","","2f8d4ebb4190","Pipeline Variant: mean+onehot+minmax+none","1.0","mean","","","onehot","","","minmax","","","none","","","","","","","none","","","","2f8d4ebb4190","none","30","grid_sample","","","","","","",""
"variant_2f967bc79c1f.yml","classification","variant_search","","2f967bc79c1f","Pipeline Variant: mean+onehot+none+variance","1.0","mean","","","onehot","","","none","","","none","","","","","","","variance","","","","2f967bc79c1f","none","30","grid_sample","","","","","","",""
"variant_318ebab2588d.yml","classification","variant_search","","318ebab2588d","Pipeline Variant: mean+smoteenn+onehot+robust+correlation","1.0","mean","","","onehot","","","robust","","","smoteenn","","","","","","","correlation","0.85","","","318ebab2588d","medium","30","grid_sample","","","","","","",""
"variant_3196f1961250.yml","classification","variant_search","","3196f1961250","Pipeline Variant: mean+smoteenn+label+minmax+variance","1.0","mean","","","label","","","minmax","","","smoteenn","","","","","","","variance","","","","3196f1961250","medium","30","grid_sample","","","","","","",""
"variant_34e7eb23f56e.yml","classification","variant_search","","34e7eb23f56e","Pipeline Variant: mean+onehot+yeo_johnson+correlation","1.0","mean","","","onehot","","","yeo_johnson","","","none","","","","","","","correlation","0.95","","","34e7eb23f56e","none","30","grid_sample","","","","","","",""
"variant_36c67cddd303.yml","classification","variant_search","","36c67cddd303","Pipeline Variant: mean+smotetomek+onehot+yeo_johnson+correlation","1.0","mean","","","onehot","","","yeo_johnson","","","smotetomek","","","","","","","correlation","0.9","","","36c67cddd303","medium","30","grid_sample","","","","","","",""
"variant_38c795287136.yml","classification","variant_search","","38c795287136","Pipeline Variant: mean+onehot+robust+correlation","1.0","mean","","","onehot","","","robust","","","none","","","","","","","correlation","0.95","","","38c795287136","none","30","grid_sample","","","","","","",""
"variant_3ac2d9a20d47.yml","classification","variant_search","","3ac2d9a20d47","Pipeline Variant: mean+label+robust+correlation","1.0","mean","","","label","","","robust","","","none","","","","","","","correlation","0.85","","","3ac2d9a20d47","none","30","grid_sample","","","","","","",""
"variant_3d106ce9b772.yml","classification","variant_search","","3d106ce9b772","Pipeline Variant: mean+smotetomek+onehot+robust+variance","1.0","mean","","","onehot","","","robust","","","smotetomek","","","","","","","variance","","","","3d106ce9b772","medium","30","grid_sample","","","","","","",""
"variant_3e20c4f5d937.yml","classification","variant_search","","3e20c4f5d937","Pipeline Variant: mean+smotetomek+label+minmax+correlation","1.0","mean","","","label","","","minmax","","","smotetomek","","","","","","","correlation","0.85","","","3e20c4f5d937","medium","30","grid_sample","","","","","","",""
"variant_42203acb9f9f.yml","classification","variant_search","","42203acb9f9f","Pipeline Variant: mean+onehot+robust+variance","1.0","mean","","","onehot","","","robust","","","none","","","","","","","variance","","","","42203acb9f9f","none","30","grid_sample","","","","","","",""
"variant_42fab0ee71eb.yml","classification","variant_search","","42fab0ee71eb","Pipeline Variant: mean+smotetomek+label+quantile+variance","1.0","mean","","","label","","","quantile","","","smotetomek","","","","","","","variance","","","","42fab0ee71eb","medium","30","grid_sample","","","","","","",""
"variant_4318a1591225.yml","classification","variant_search","","4318a1591225","Pipeline Variant: mean+smoteenn+label+none+none","1.0","mean","","","label","","","none","","","smoteenn","","","","","","","none","","","","4318a1591225","medium","30","grid_sample","","","","","","",""
"variant_44517db5f1eb.yml","classification","variant_search","","44517db5f1eb","Pipeline Variant: mean+smoteenn+label+minmax+none","1.0","mean","","","label","","","minmax","","","smoteenn","","","","","","","none","","","","44517db5f1eb","medium","30","grid_sample","","","","","","",""
"variant_45dc050b379f.yml","classification","variant_search","","45dc050b379f","Pipeline Variant: mean+onehot+yeo_johnson+correlation","1.0","mean","","","onehot","","","yeo_johnson","","","none","","","","","","","correlation","0.9","","","45dc050b379f","none","30","grid_sample","","","","","","",""
"variant_46d4944abca5.yml","classification","variant_search","","46d4944abca5","Pipeline Variant: mean+label+none+correlation","1.0","mean","","","label","","","none","","","none","","","","","","","correlation","0.95","","","46d4944abca5","none","30","grid_sample","","","","","","",""
"variant_499d41ca23a6.yml","classification","variant_search","","499d41ca23a6","Pipeline Variant: mean+smotetomek+onehot+quantile+correlation","1.0","mean","","","onehot","","","quantile","","","smotetomek","","","","","","","correlation","0.95","","","499d41ca23a6","medium","30","grid_sample","","","","","","",""
"variant_4ab8f6c1bfb7.yml","classification","variant_search","","4ab8f6c1bfb7","Pipeline Variant: mean+onehot+standard+none","1.0","mean","","","onehot","","","standard","","","none","","","","","","","none","","","","4ab8f6c1bfb7","none","30","grid_sample","","","","","","",""
"variant_500cfddd26aa.yml","classification","variant_search","","500cfddd26aa","Pipeline Variant: mean+smoteenn+onehot+yeo_johnson+correlation","1.0","mean","","","onehot","","","yeo_johnson","","","smoteenn","","","","","","","correlation","0.95","","","500cfddd26aa","medium","30","grid_sample","","","","","","",""
"variant_51b4a7ae7fe4.yml","classification","variant_search","","51b4a7ae7fe4","Pipeline Variant: mean+label+quantile+variance","1.0","mean","","","label","","","quantile","","","none","","","","","","","variance","","","","51b4a7ae7fe4","none","30","grid_sample","","","","","","",""
"variant_51e2b7673d7a.yml","classification","variant_search","","51e2b7673d7a","Pipeline Variant: mean+label+robust+correlation","1.0","mean","","","label","","","robust","","","none","","","","","","","correlation","0.95","","","51e2b7673d7a","none","30","grid_sample","","","","","","",""
"variant_5265bc575fda.yml","classification","variant_search","","5265bc575fda","Pipeline Variant: mean+smotetomek+label+quantile+correlation","1.0","mean","","","label","","","quantile","","","smotetomek","","","","","","","correlation","0.85","","","5265bc575fda","medium","30","grid_sample","","","","","","",""
"variant_53e637b26621.yml","classification","variant_search","","53e637b26621","Pipeline Variant: mean+smoteenn+label+standard+correlation","1.0","mean","","","label","","","standard","","","smoteenn","","","","","","","correlation","0.85","","","53e637b26621","medium","30","grid_sample","","","","","","",""
"variant_58f7e4d9685d.yml","classification","variant_search","","58f7e4d9685d","Pipeline Variant: mean+smotetomek+label+none+variance","1.0","mean","","","label","","","none","","","smotetomek","","","","","","","variance","","","","58f7e4d9685d","medium","30","grid_sample","","","","","","",""
"variant_58fac2620de9.yml","classification","variant_search","","58fac2620de9","Pipeline Variant: mean+label+standard+correlation","1.0","mean","","","label","","","standard","","","none","","","","","","","correlation","0.95","","","58fac2620de9","none","30","grid_sample","","","","","","",""
"variant_5be3a9ea495e.yml","classification","variant_search","","5be3a9ea495e","Pipeline Variant: mean+smotetomek+onehot+robust+none","1.0","mean","","","onehot","","","robust","","","smotetomek","","","","","","","none","","","","5be3a9ea495e","medium","30","grid_sample","","","","","","",""
"variant_5be47ee345fe.yml","classification","variant_search","","5be47ee345fe","Pipeline Variant: mean+label+yeo_johnson+none","1.0","mean","","","label","","","yeo_johnson","","","none","","","","","","","none","","","","5be47ee345fe","none","30","grid_sample","","","","","","",""
"variant_5c727360e2b1.yml","classification","variant_search","","5c727360e2b1","Pipeline Variant: mean+smoteenn+label+quantile+none","1.0","mean","","","label","","","quantile","","","smoteenn","","","","","","","none","","","","5c727360e2b1","medium","30","grid_sample","","","","","","",""
"variant_5d7a70e27c70.yml","classification","variant_search","","5d7a70e27c70","Pipeline Variant: mean+smotetomek+label+standard+correlation","1.0","mean","","","label","","","standard","","","smotetomek","","","","","","","correlation","0.9","","","5d7a70e27c70","medium","30","grid_sample","","","","","","",""
"variant_62186d148267.yml","classification","variant_search","","62186d148267","Pipeline Variant: mean+onehot+standard+correlation","1.0","mean","","","onehot","","","standard","","","none","","","","","","","correlation","0.9","","","62186d148267","none","30","grid_sample","","","","","","",""
"variant_646b9b18fb2d.yml","classification","variant_search","","646b9b18fb2d","Pipeline Variant: mean+smotetomek+onehot+quantile+correlation","1.0","mean","","","onehot","","","quantile","","","smotetomek","","","","","","","correlation","0.85","","","646b9b18fb2d","medium","30","grid_sample","","","","","","",""
"variant_64d4f514c52f.yml","classification","variant_search","","64d4f514c52f","Pipeline Variant: mean+smoteenn+onehot+quantile+correlation","1.0","mean","","","onehot","","","quantile","","","smoteenn","","","","","","","correlation","0.85","","","64d4f514c52f","medium","30","grid_sample","","","","","","",""
"variant_65c6f204e045.yml","classification","variant_search","","65c6f204e045","Pipeline Variant: mean+smotetomek+onehot+robust+correlation","1.0","mean","","","onehot","","","robust","","","smotetomek","","","","","","","correlation","0.9","","","65c6f204e045","medium","30","grid_sample","","","","","","",""
"variant_697418c00737.yml","classification","variant_search","","697418c00737","Pipeline Variant: mean+onehot+quantile+correlation","1.0","mean","","","onehot","","","quantile","","","none","","","","","","","correlation","0.95","","","697418c00737","none","30","grid_sample","","","","","","",""
"variant_697b8ed2a7ac.yml","classification","variant_search","","697b8ed2a7ac","Pipeline Variant: mean+smoteenn+label+minmax+correlation","1.0","mean","","","label","","","minmax","","","smoteenn","","","","","","","correlation","0.85","","","697b8ed2a7ac","medium","30","grid_sample","","","","","","",""
"variant_69947e6a127e.yml","classification","variant_search","","69947e6a127e","Pipeline Variant: mean+smoteenn+onehot+standard+correlation","1.0","mean","","","onehot","","","standard","","","smoteenn","","","","","","","correlation","0.95","","","69947e6a127e","medium","30","grid_sample","","","","","","",""
"variant_69fcd64efe7b.yml","classification","variant_search","","69fcd64efe7b","Pipeline Variant: mean+smoteenn+label+robust+variance","1.0","mean","","","label","","","robust","","","smoteenn","","","","","","","variance","","","","69fcd64efe7b","medium","30","grid_sample","","","","","","",""
"variant_6a14e6a318ae.yml","classification","variant_search","","6a14e6a318ae","Pipeline Variant: mean+smotetomek+label+yeo_johnson+none","1.0","mean","","","label","","","yeo_johnson","","","smotetomek","","","","","","","none","","","","6a14e6a318ae","medium","30","grid_sample","","","","","","",""
"variant_6a1970b11d59.yml","classification","variant_search","","6a1970b11d59","Pipeline Variant: mean+smoteenn+label+none+correlation","1.0","mean","","","label","","","none","","","smoteenn","","","","","","","correlation","0.85","","","6a1970b11d59","medium","30","grid_sample","","","","","","",""
"variant_6ab38017bf9b.yml","classification","variant_search","","6ab38017bf9b","Pipeline Variant: mean+onehot+quantile+variance","1.0","mean","","","onehot","","","quantile","","","none","","","","","","","variance","","","","6ab38017bf9b","none","30","grid_sample","","","","","","",""
"variant_6ae8a7fb5845.yml","classification","variant_search","","6ae8a7fb5845","Pipeline Variant: mean+smoteenn+label+standard+variance","1.0","mean","","","label","","","standard","","","smoteenn","","","","","","","variance","","","","6ae8a7fb5845","medium","30","grid_sample","","","","","","",""
"variant_707c501d510e.yml","classification","variant_search","","707c501d510e","Pipeline Variant: mean+smoteenn+label+robust+correlation","1.0","mean","","","label","","","robust","","","smoteenn","","","","","","","correlation","0.85","","","707c501d510e","medium","30","grid_sample","","","","","","",""
"variant_710dee2add64.yml","classification","variant_search","","710dee2add64","Pipeline Variant: mean+smotetomek+onehot+quantile+variance","1.0","mean","","","onehot","","","quantile","","","smotetomek","","","","","","","variance","","","","710dee2add64","medium","30","grid_sample","","","","","","",""
"variant_74cae910c091.yml","classification","variant_search","","74cae910c091","Pipeline Variant: mean+smotetomek+label+quantile+correlation","1.0","mean","","","label","","","quantile","","","smotetomek","","","","","","","correlation","0.9","","","74cae910c091","medium","30","grid_sample","","","","","","",""
"variant_77cbe0bea9c5.yml","classification","variant_search","","77cbe0bea9c5","Pipeline Variant: mean+smoteenn+onehot+standard+variance","1.0","mean","","","onehot","","","standard","","","smoteenn","","","","","","","variance","","","","77cbe0bea9c5","medium","30","grid_sample","","","","","","",""
"variant_781f786ba015.yml","classification","variant_search","","781f786ba015","Pipeline Variant: mean+label+yeo_johnson+variance","1.0","mean","","","label","","","yeo_johnson","","","none","","","","","","","variance","","","","781f786ba015","none","30","grid_sample","","","","","","",""
"variant_79a1a7aedb7b.yml","classification","variant_search","","79a1a7aedb7b","Pipeline Variant: mean+onehot+robust+correlation","1.0","mean","","","onehot","","","robust","","","none","","","","","","","correlation","0.9","","","79a1a7aedb7b","none","30","grid_sample","","","","","","",""
"variant_7a367c6716c1.yml","classification","variant_search","","7a367c6716c1","Pipeline Variant: mean+smoteenn+onehot+quantile+none","1.0","mean","","","onehot","","","quantile","","","smoteenn","","","","","","","none","","","","7a367c6716c1","medium","30","grid_sample","","","","","","",""
"variant_7ac8fe19e3d0.yml","classification","variant_search","","7ac8fe19e3d0","Pipeline Variant: mean+smoteenn+label+yeo_johnson+correlation","1.0","mean","","","label","","","yeo_johnson","","","smoteenn","","","","","","","correlation","0.9","","","7ac8fe19e3d0","medium","30","grid_sample","","","","","","",""
"variant_7ccf03e486e1.yml","classification","variant_search","","7ccf03e486e1","Pipeline Variant: mean+smotetomek+label+robust+correlation","1.0","mean","","","label","","","robust","","","smotetomek","","","","","","","correlation","0.95","","","7ccf03e486e1","medium","30","grid_sample","","","","","","",""
"variant_7d6a472cb5ca.yml","classification","variant_search","","7d6a472cb5ca","Pipeline Variant: mean+smoteenn+label+quantile+correlation","1.0","mean","","","label","","","quantile","","","smoteenn","","","","","","","correlation","0.9","","","7d6a472cb5ca","medium","30","grid_sample","","","","","","",""
"variant_7d76cff6139d.yml","classification","variant_search","","7d76cff6139d","Pipeline Variant: mean+smotetomek+label+robust+variance","1.0","mean","","","label","","","robust","","","smotetomek","","","","","","","variance","","","","7d76cff6139d","medium","30","grid_sample","","","","","","",""
"variant_7dc960ac8869.yml","classification","variant_search","","7dc960ac8869","Pipeline Variant: mean+smotetomek+onehot+yeo_johnson+correlation","1.0","mean","","","onehot","","","yeo_johnson","","","smotetomek","","","","","","","correlation","0.95","","","7dc960ac8869","medium","30","grid_sample","","","","","","",""
"variant_7e1144695fcf.yml","classification","variant_search","","7e1144695fcf","Pipeline Variant: mean+label+yeo_johnson+correlation","1.0","mean","","","label","","","yeo_johnson","","","none","","","","","","","correlation","0.95","","","7e1144695fcf","none","30","grid_sample","","","","","","",""
"variant_8116fa52360f.yml","classification","variant_search","","8116fa52360f","Pipeline Variant: mean+smoteenn+onehot+yeo_johnson+correlation","1.0","mean","","","onehot","","","yeo_johnson","","","smoteenn","","","","","","","correlation","0.9","","","8116fa52360f","medium","30","grid_sample","","","","","","",""
"variant_81ae05a1fab6.yml","classification","variant_search","","81ae05a1fab6","Pipeline Variant: mean+smoteenn+onehot+none+correlation","1.0","mean","","","onehot","","","none","","","smoteenn","","","","","","","correlation","0.95","","","81ae05a1fab6","medium","30","grid_sample","","","","","","",""
"variant_8237c59f1739.yml","classification","variant_search","","8237c59f1739","Pipeline Variant: mean+smoteenn+onehot+none+correlation","1.0","mean","","","onehot","","","none","","","smoteenn","","","","","","","correlation","0.85","","","8237c59f1739","medium","30","grid_sample","","","","","","",""
"variant_8425edaf5325.yml","classification","variant_search","","8425edaf5325","Pipeline Variant: mean+smotetomek+onehot+robust+correlation","1.0","mean","","","onehot","","","robust","","","smotetomek","","","","","","","correlation","0.85","","","8425edaf5325","medium","30","grid_sample","","","","","","",""
"variant_851c6e858d1b.yml","classification","variant_search","","851c6e858d1b","Pipeline Variant: mean+smoteenn+onehot+minmax+none","1.0","mean","","","onehot","","","minmax","","","smoteenn","","","","","","","none","","","","851c6e858d1b","medium","30","grid_sample","","","","","","",""
"variant_8611827ddab6.yml","classification","variant_search","","8611827ddab6","Pipeline Variant: mean+onehot+none+correlation","1.0","mean","","","onehot","","","none","","","none","","","","","","","correlation","0.85","","","8611827ddab6","none","30","grid_sample","","","","","","",""
"variant_8665517dd2d3.yml","classification","variant_search","","8665517dd2d3","Pipeline Variant: mean+onehot+quantile+correlation","1.0","mean","","","onehot","","","quantile","","","none","","","","","","","correlation","0.9","","","8665517dd2d3","none","30","grid_sample","","","","","","",""
"variant_872cdd6d4ad8.yml","classification","variant_search","","872cdd6d4ad8","Pipeline Variant: mean+smotetomek+onehot+minmax+correlation","1.0","mean","","","onehot","","","minmax","","","smotetomek","","","","","","","correlation","0.85","","","872cdd6d4ad8","medium","30","grid_sample","","","","","","",""
"variant_88280746a218.yml","classification","variant_search","","88280746a218","Pipeline Variant: mean+smoteenn+onehot+quantile+variance","1.0","mean","","","onehot","","","quantile","","","smoteenn","","","","","","","variance","","","","88280746a218","medium","30","grid_sample","","","","","","",""
"variant_88ba345ed6ad.yml","classification","variant_search","","88ba345ed6ad","Pipeline Variant: mean+smoteenn+label+none+variance","1.0","mean","","","label","","","none","","","smoteenn","","","","","","","variance","","","","88ba345ed6ad","medium","30","grid_sample","","","","","","",""
"variant_8a183804f50e.yml","classification","variant_search","","8a183804f50e","Pipeline Variant: mean+smotetomek+onehot+quantile+correlation","1.0","mean","","","onehot","","","quantile","","","smotetomek","","","","","","","correlation","0.9","","","8a183804f50e","medium","30","grid_sample","","","","","","",""
"variant_8a23d205a4b3.yml","classification","variant_search","","8a23d205a4b3","Pipeline Variant: mean+smoteenn+onehot+standard+correlation","1.0","mean","","","onehot","","","standard","","","smoteenn","","","","","","","correlation","0.9","","","8a23d205a4b3","medium","30","grid_sample","","","","","","",""
"variant_8e6e929aad56.yml","classification","variant_search","","8e6e929aad56","Pipeline Variant: mean+label+minmax+correlation","1.0","mean","","","label","","","minmax","","","none","","","","","","","correlation","0.9","","","8e6e929aad56","none","30","grid_sample","","","","","","",""
"variant_8eaa2aba988b.yml","classification","variant_search","","8eaa2aba988b","Pipeline Variant: mean+smoteenn+onehot+robust+correlation","1.0","mean","","","onehot","","","robust","","","smoteenn","","","","","","","correlation","0.95","","","8eaa2aba988b","medium","30","grid_sample","","","","","","",""
"variant_8eea98d73f0c.yml","classification","variant_search","","8eea98d73f0c","Pipeline Variant: mean+onehot+quantile+none","1.0","mean","","","onehot","","","quantile","","","none","","","","","","","none","","","","8eea98d73f0c","none","30","grid_sample","","","","","","",""
"variant_8f355fb0767c.yml","classification","variant_search","","8f355fb0767c","Pipeline Variant: mean+smoteenn+onehot+quantile+correlation","1.0","mean","","","onehot","","","quantile","","","smoteenn","","","","","","","correlation","0.9","","","8f355fb0767c","medium","30","grid_sample","","","","","","",""
"variant_909f133a32cf.yml","classification","variant_search","","909f133a32cf","Pipeline Variant: mean+smotetomek+onehot+yeo_johnson+correlation","1.0","mean","","","onehot","","","yeo_johnson","","","smotetomek","","","","","","","correlation","0.85","","","909f133a32cf","medium","30","grid_sample","","","","","","",""
"variant_90ed7ea7f923.yml","classification","variant_search","","90ed7ea7f923","Pipeline Variant: mean+smoteenn+label+none+correlation","1.0","mean","","","label","","","none","","","smoteenn","","","","","","","correlation","0.95","","","90ed7ea7f923","medium","30","grid_sample","","","","","","",""
"variant_932852f655c5.yml","classification","variant_search","","932852f655c5","Pipeline Variant: mean+smotetomek+label+yeo_johnson+variance","1.0","mean","","","label","","","yeo_johnson","","","smotetomek","","","","","","","variance","","","","932852f655c5","medium","30","grid_sample","","","","","","",""
"variant_95b38286ee2d.yml","classification","variant_search","","95b38286ee2d","Pipeline Variant: mean+onehot+standard+correlation","1.0","mean","","","onehot","","","standard","","","none","","","","","","","correlation","0.95","","","95b38286ee2d","none","30","grid_sample","","","","","","",""
"variant_9677fdb99df9.yml","classification","variant_search","","9677fdb99df9","Pipeline Variant: mean+smotetomek+label+minmax+correlation","1.0","mean","","","label","","","minmax","","","smotetomek","","","","","","","correlation","0.95","","","9677fdb99df9","medium","30","grid_sample","","","","","","",""
"variant_9a30be093d58.yml","classification","variant_search","","9a30be093d58","Pipeline Variant: mean+smotetomek+label+robust+none","1.0","mean","","","label","","","robust","","","smotetomek","","","","","","","none","","","","9a30be093d58","medium","30","grid_sample","","","","","","",""
"variant_9bfc5cfc7f6c.yml","classification","variant_search","","9bfc5cfc7f6c","Pipeline Variant: mean+smotetomek+label+minmax+correlation","1.0","mean","","","label","","","minmax","","","smotetomek","","","","","","","correlation","0.9","","","9bfc5cfc7f6c","medium","30","grid_sample","","","","","","",""
"variant_9c7c5e12df02.yml","classification","variant_search","","9c7c5e12df02","Pipeline Variant: mean+smotetomek+onehot+none+correlation","1.0","mean","","","onehot","","","none","","","smotetomek","","","","","","","correlation","0.95","","","9c7c5e12df02","medium","30","grid_sample","","","","","","",""
"variant_9cd727cb9ad2.yml","classification","variant_search","","9cd727cb9ad2","Pipeline Variant: mean+smotetomek+label+quantile+correlation","1.0","mean","","","label","","","quantile","","","smotetomek","","","","","","","correlation","0.95","","","9cd727cb9ad2","medium","30","grid_sample","","","","","","",""
"variant_9d56ad40912a.yml","classification","variant_search","","9d56ad40912a","Pipeline Variant: mean+smoteenn+label+standard+correlation","1.0","mean","","","label","","","standard","","","smoteenn","","","","","","","correlation","0.9","","","9d56ad40912a","medium","30","grid_sample","","","","","","",""
"variant_9f4eb1930a32.yml","classification","variant_search","","9f4eb1930a32","Pipeline Variant: mean+smotetomek+onehot+none+variance","1.0","mean","","","onehot","","","none","","","smotetomek","","","","","","","variance","","","","9f4eb1930a32","medium","30","grid_sample","","","","","","",""
"variant_9fbcbd6c1c20.yml","classification","variant_search","","9fbcbd6c1c20","Pipeline Variant: mean+smoteenn+onehot+minmax+correlation","1.0","mean","","","onehot","","","minmax","","","smoteenn","","","","","","","correlation","0.95","","","9fbcbd6c1c20","medium","30","grid_sample","","","","","","",""
"variant_a03f73482e25.yml","classification","variant_search","","a03f73482e25","Pipeline Variant: mean+label+none+correlation","1.0","mean","","","label","","","none","","","none","","","","","","","correlation","0.9","","","a03f73482e25","none","30","grid_sample","","","","","","",""
"variant_a0572280a150.yml","classification","variant_search","","a0572280a150","Pipeline Variant: mean+onehot+minmax+correlation","1.0","mean","","","onehot","","","minmax","","","none","","","","","","","correlation","0.85","","","a0572280a150","none","30","grid_sample","","","","","","",""
"variant_a058f6f16322.yml","classification","variant_search","","a058f6f16322","Pipeline Variant: mean+onehot+standard+variance","1.0","mean","","","onehot","","","standard","","","none","","","","","","","variance","","","","a058f6f16322","none","30","grid_sample","","","","","","",""
"variant_a3dab53a4a64.yml","classification","variant_search","","a3dab53a4a64","Pipeline Variant: mean+smotetomek+onehot+none+none","1.0","mean","","","onehot","","","none","","","smotetomek","","","","","","","none","","","","a3dab53a4a64","medium","30","grid_sample","","","","","","",""
"variant_a43b1a76e761.yml","classification","variant_search","","a43b1a76e761","Pipeline Variant: mean+onehot+yeo_johnson+correlation","1.0","mean","","","onehot","","","yeo_johnson","","","none","","","","","","","correlation","0.85","","","a43b1a76e761","none","30","grid_sample","","","","","","",""
"variant_a44ba5685882.yml","classification","variant_search","","a44ba5685882","Pipeline Variant: mean+smotetomek+onehot+standard+correlation","1.0","mean","","","onehot","","","standard","","","smotetomek","","","","","","","correlation","0.9","","","a44ba5685882","medium","30","grid_sample","","","","","","",""
"variant_a7c76be8c66b.yml","classification","variant_search","","a7c76be8c66b","Pipeline Variant: mean+smotetomek+label+robust+correlation","1.0","mean","","","label","","","robust","","","smotetomek","","","","","","","correlation","0.85","","","a7c76be8c66b","medium","30","grid_sample","","","","","","",""
"variant_a8e60ecbbb87.yml","classification","variant_search","","a8e60ecbbb87","Pipeline Variant: mean+label+robust+correlation","1.0","mean","","","label","","","robust","","","none","","","","","","","correlation","0.9","","","a8e60ecbbb87","none","30","grid_sample","","","","","","",""
"variant_a974d5424ce9.yml","classification","variant_search","","a974d5424ce9","Pipeline Variant: mean+smotetomek+label+quantile+none","1.0","mean","","","label","","","quantile","","","smotetomek","","","","","","","none","","","","a974d5424ce9","medium","30","grid_sample","","","","","","",""
"variant_a979241a07b5.yml","classification","variant_search","","a979241a07b5","Pipeline Variant: mean+label+standard+variance","1.0","mean","","","label","","","standard","","","none","","","","","","","variance","","","","a979241a07b5","none","30","grid_sample","","","","","","",""
"variant_a9c2a469d5ac.yml","classification","variant_search","","a9c2a469d5ac","Pipeline Variant: mean+smoteenn+label+yeo_johnson+variance","1.0","mean","","","label","","","yeo_johnson","","","smoteenn","","","","","","","variance","","","","a9c2a469d5ac","medium","30","grid_sample","","","","","","",""
"variant_aa3d78cd6416.yml","classification","variant_search","","aa3d78cd6416","Pipeline Variant: mean+smoteenn+onehot+none+correlation","1.0","mean","","","onehot","","","none","","","smoteenn","","","","","","","correlation","0.9","","","aa3d78cd6416","medium","30","grid_sample","","","","","","",""
"variant_aa8c00803f1a.yml","classification","variant_search","","aa8c00803f1a","Pipeline Variant: mean+label+standard+correlation","1.0","mean","","","label","","","standard","","","none","","","","","","","correlation","0.9","","","aa8c00803f1a","none","30","grid_sample","","","","","","",""
"variant_ac78f7269a25.yml","classification","variant_search","","ac78f7269a25","Pipeline Variant: mean+label+quantile+correlation","1.0","mean","","","label","","","quantile","","","none","","","","","","","correlation","0.85","","","ac78f7269a25","none","30","grid_sample","","","","","","",""
"variant_ad94d6413862.yml","classification","variant_search","","ad94d6413862","Pipeline Variant: mean+smotetomek+label+none+correlation","1.0","mean","","","label","","","none","","","smotetomek","","","","","","","correlation","0.85","","","ad94d6413862","medium","30","grid_sample","","","","","","",""
"variant_ae8e0f02bc9c.yml","classification","variant_search","","ae8e0f02bc9c","Pipeline Variant: mean+onehot+minmax+correlation","1.0","mean","","","onehot","","","minmax","","","none","","","","","","","correlation","0.9","","","ae8e0f02bc9c","none","30","grid_sample","","","","","","",""
"variant_b1902cfa0746.yml","classification","variant_search","","b1902cfa0746","Pipeline Variant: mean+smoteenn+label+yeo_johnson+none","1.0","mean","","","label","","","yeo_johnson","","","smoteenn","","","","","","","none","","","","b1902cfa0746","medium","30","grid_sample","","","","","","",""
"variant_b1bb6d218ab0.yml","classification","variant_search","","b1bb6d218ab0","Pipeline Variant: mean+smoteenn+label+robust+correlation","1.0","mean","","","label","","","robust","","","smoteenn","","","","","","","correlation","0.9","","","b1bb6d218ab0","medium","30","grid_sample","","","","","","",""
"variant_b2795a2d572d.yml","classification","variant_search","","b2795a2d572d","Pipeline Variant: mean+onehot+standard+correlation","1.0","mean","","","onehot","","","standard","","","none","","","","","","","correlation","0.85","","","b2795a2d572d","none","30","grid_sample","","","","","","",""
"variant_b37447062342.yml","classification","variant_search","","b37447062342","Pipeline Variant: mean+label+minmax+correlation","1.0","mean","","","label","","","minmax","","","none","","","","","","","correlation","0.85","","","b37447062342","none","30","grid_sample","","","","","","",""
"variant_b596b4d338ca.yml","classification","variant_search","","b596b4d338ca","Pipeline Variant: mean+smotetomek+onehot+standard+correlation","1.0","mean","","","onehot","","","standard","","","smotetomek","","","","","","","correlation","0.95","","","b596b4d338ca","medium","30","grid_sample","","","","","","",""
"variant_b84dafd311d5.yml","classification","variant_search","","b84dafd311d5","Pipeline Variant: mean+smotetomek+label+robust+correlation","1.0","mean","","","label","","","robust","","","smotetomek","","","","","","","correlation","0.9","","","b84dafd311d5","medium","30","grid_sample","","","","","","",""
"variant_b9312178d135.yml","classification","variant_search","","b9312178d135","Pipeline Variant: mean+smoteenn+label+standard+correlation","1.0","mean","","","label","","","standard","","","smoteenn","","","","","","","correlation","0.95","","","b9312178d135","medium","30","grid_sample","","","","","","",""
"variant_bb7314e61102.yml","classification","variant_search","","bb7314e61102","Pipeline Variant: mean+label+robust+none","1.0","mean","","","label","","","robust","","","none","","","","","","","none","","","","bb7314e61102","none","30","grid_sample","","","","","","",""
"variant_bd19022fc13c.yml","classification","variant_search","","bd19022fc13c","Pipeline Variant: mean+smotetomek+onehot+none+correlation","1.0","mean","","","onehot","","","none","","","smotetomek","","","","","","","correlation","0.9","","","bd19022fc13c","medium","30","grid_sample","","","","","","",""
"variant_bd43a0dd77c2.yml","classification","variant_search","","bd43a0dd77c2","Pipeline Variant: mean+smotetomek+onehot+yeo_johnson+variance","1.0","mean","","","onehot","","","yeo_johnson","","","smotetomek","","","","","","","variance","","","","bd43a0dd77c2","medium","30","grid_sample","","","","","","",""
"variant_bf704437e30e.yml","classification","variant_search","","bf704437e30e","Pipeline Variant: mean+smoteenn+label+quantile+correlation","1.0","mean","","","label","","","quantile","","","smoteenn","","","","","","","correlation","0.85","","","bf704437e30e","medium","30","grid_sample","","","","","","",""
"variant_c2b001688c35.yml","classification","variant_search","","c2b001688c35","Pipeline Variant: mean+smotetomek+label+standard+none","1.0","mean","","","label","","","standard","","","smotetomek","","","","","","","none","","","","c2b001688c35","medium","30","grid_sample","","","","","","",""
"variant_c4a14f50d97b.yml","classification","variant_search","","c4a14f50d97b","Pipeline Variant: mean+smotetomek+onehot+quantile+none","1.0","mean","","","onehot","","","quantile","","","smotetomek","","","","","","","none","","","","c4a14f50d97b","medium","30","grid_sample","","","","","","",""
"variant_c5da6d1f2ae8.yml","classification","variant_search","","c5da6d1f2ae8","Pipeline Variant: mean+label+quantile+correlation","1.0","mean","","","label","","","quantile","","","none","","","","","","","correlation","0.95","","","c5da6d1f2ae8","none","30","grid_sample","","","","","","",""
"variant_c6331cf1e6e9.yml","classification","variant_search","","c6331cf1e6e9","Pipeline Variant: mean+smoteenn+label+minmax+correlation","1.0","mean","","","label","","","minmax","","","smoteenn","","","","","","","correlation","0.9","","","c6331cf1e6e9","medium","30","grid_sample","","","","","","",""
"variant_ca25426caa41.yml","classification","variant_search","","ca25426caa41","Pipeline Variant: mean+smoteenn+onehot+standard+none","1.0","mean","","","onehot","","","standard","","","smoteenn","","","","","","","none","","","","ca25426caa41","medium","30","grid_sample","","","","","","",""
"variant_cd0f11c7457a.yml","classification","variant_search","","cd0f11c7457a","Pipeline Variant: mean+smoteenn+onehot+quantile+correlation","1.0","mean","","","onehot","","","quantile","","","smoteenn","","","","","","","correlation","0.95","","","cd0f11c7457a","medium","30","grid_sample","","","","","","",""
"variant_cd182105ae82.yml","classification","variant_search","","cd182105ae82","Pipeline Variant: mean+smoteenn+onehot+robust+correlation","1.0","mean","","","onehot","","","robust","","","smoteenn","","","","","","","correlation","0.9","","","cd182105ae82","medium","30","grid_sample","","","","","","",""
"variant_cd8cb02924e6.yml","classification","variant_search","","cd8cb02924e6","Pipeline Variant: mean+smoteenn+label+quantile+correlation","1.0","mean","","","label","","","quantile","","","smoteenn","","","","","","","correlation","0.95","","","cd8cb02924e6","medium","30","grid_sample","","","","","","",""
"variant_ce2e8ae8c9bc.yml","classification","variant_search","","ce2e8ae8c9bc","Pipeline Variant: mean+smoteenn+label+yeo_johnson+correlation","1.0","mean","","","label","","","yeo_johnson","","","smoteenn","","","","","","","correlation","0.95","","","ce2e8ae8c9bc","medium","30","grid_sample","","","","","","",""
"variant_d5abe78755a1.yml","classification","variant_search","","d5abe78755a1","Pipeline Variant: mean+label+minmax+variance","1.0","mean","","","label","","","minmax","","","none","","","","","","","variance","","","","d5abe78755a1","none","30","grid_sample","","","","","","",""
"variant_d6ffe34bac33.yml","classification","variant_search","","d6ffe34bac33","Pipeline Variant: mean+label+robust+variance","1.0","mean","","","label","","","robust","","","none","","","","","","","variance","","","","d6ffe34bac33","none","30","grid_sample","","","","","","",""
"variant_d77a843f82dc.yml","classification","variant_search","","d77a843f82dc","Pipeline Variant: mean+smoteenn+onehot+yeo_johnson+none","1.0","mean","","","onehot","","","yeo_johnson","","","smoteenn","","","","","","","none","","","","d77a843f82dc","medium","30","grid_sample","","","","","","",""
"variant_d9b520571e00.yml","classification","variant_search","","d9b520571e00","Pipeline Variant: mean+label+none+correlation","1.0","mean","","","label","","","none","","","none","","","","","","","correlation","0.85","","","d9b520571e00","none","30","grid_sample","","","","","","",""
"variant_da10cc2f472e.yml","classification","variant_search","","da10cc2f472e","Pipeline Variant: mean+smoteenn+label+minmax+correlation","1.0","mean","","","label","","","minmax","","","smoteenn","","","","","","","correlation","0.95","","","da10cc2f472e","medium","30","grid_sample","","","","","","",""
"variant_da8f19624a11.yml","classification","variant_search","","da8f19624a11","Pipeline Variant: mean+label+yeo_johnson+correlation","1.0","mean","","","label","","","yeo_johnson","","","none","","","","","","","correlation","0.85","","","da8f19624a11","none","30","grid_sample","","","","","","",""
"variant_dc935858bff5.yml","classification","variant_search","","dc935858bff5","Pipeline Variant: mean+smotetomek+onehot+robust+correlation","1.0","mean","","","onehot","","","robust","","","smotetomek","","","","","","","correlation","0.95","","","dc935858bff5","medium","30","grid_sample","","","","","","",""
"variant_ddce3dd5a6fe.yml","classification","variant_search","","ddce3dd5a6fe","Pipeline Variant: mean+smoteenn+label+none+correlation","1.0","mean","","","label","","","none","","","smoteenn","","","","","","","correlation","0.9","","","ddce3dd5a6fe","medium","30","grid_sample","","","","","","",""
"variant_de027b0f1164.yml","classification","variant_search","","de027b0f1164","Pipeline Variant: mean+smotetomek+onehot+minmax+none","1.0","mean","","","onehot","","","minmax","","","smotetomek","","","","","","","none","","","","de027b0f1164","medium","30","grid_sample","","","","","","",""
"variant_de31357bf8f1.yml","classification","variant_search","","de31357bf8f1","Pipeline Variant: mean+smotetomek+onehot+minmax+correlation","1.0","mean","","","onehot","","","minmax","","","smotetomek","","","","","","","correlation","0.95","","","de31357bf8f1","medium","30","grid_sample","","","","","","",""
"variant_e08713a01fa0.yml","classification","variant_search","","e08713a01fa0","Pipeline Variant: mean+smoteenn+onehot+standard+correlation","1.0","mean","","","onehot","","","standard","","","smoteenn","","","","","","","correlation","0.85","","","e08713a01fa0","medium","30","grid_sample","","","","","","",""
"variant_e22978eac092.yml","classification","variant_search","","e22978eac092","Pipeline Variant: mean+smotetomek+onehot+yeo_johnson+none","1.0","mean","","","onehot","","","yeo_johnson","","","smotetomek","","","","","","","none","","","","e22978eac092","medium","30","grid_sample","","","","","","",""
"variant_e3f3fc6cc96a.yml","classification","variant_search","","e3f3fc6cc96a","Pipeline Variant: mean+label+quantile+correlation","1.0","mean","","","label","","","quantile","","","none","","","","","","","correlation","0.9","","","e3f3fc6cc96a","none","30","grid_sample","","","","","","",""
"variant_e5842fe1fdb4.yml","classification","variant_search","","e5842fe1fdb4","Pipeline Variant: mean+label+yeo_johnson+correlation","1.0","mean","","","label","","","yeo_johnson","","","none","","","","","","","correlation","0.9","","","e5842fe1fdb4","none","30","grid_sample","","","","","","",""
"variant_e5ffc361e36f.yml","classification","variant_search","","e5ffc361e36f","Pipeline Variant: mean+smotetomek+onehot+standard+none","1.0","mean","","","onehot","","","standard","","","smotetomek","","","","","","","none","","","","e5ffc361e36f","medium","30","grid_sample","","","","","","",""
"variant_ea33ab967c12.yml","classification","variant_search","","ea33ab967c12","Pipeline Variant: mean+smotetomek+label+standard+variance","1.0","mean","","","label","","","standard","","","smotetomek","","","","","","","variance","","","","ea33ab967c12","medium","30","grid_sample","","","","","","",""
"variant_ef74dfa9680f.yml","classification","variant_search","","ef74dfa9680f","Pipeline Variant: mean+onehot+none+correlation","1.0","mean","","","onehot","","","none","","","none","","","","","","","correlation","0.9","","","ef74dfa9680f","none","30","grid_sample","","","","","","",""
"variant_efd2491e470b.yml","classification","variant_search","","efd2491e470b","Pipeline Variant: mean+smotetomek+label+none+none","1.0","mean","","","label","","","none","","","smotetomek","","","","","","","none","","","","efd2491e470b","medium","30","grid_sample","","","","","","",""
"variant_f05bcce7930a.yml","classification","variant_search","","f05bcce7930a","Pipeline Variant: mean+smotetomek+onehot+none+correlation","1.0","mean","","","onehot","","","none","","","smotetomek","","","","","","","correlation","0.85","","","f05bcce7930a","medium","30","grid_sample","","","","","","",""
"variant_f0b94bc9f14f.yml","classification","variant_search","","f0b94bc9f14f","Pipeline Variant: mean+smoteenn+onehot+robust+variance","1.0","mean","","","onehot","","","robust","","","smoteenn","","","","","","","variance","","","","f0b94bc9f14f","medium","30","grid_sample","","","","","","",""
"variant_f13cc498d053.yml","classification","variant_search","","f13cc498d053","Pipeline Variant: mean+smoteenn+onehot+robust+none","1.0","mean","","","onehot","","","robust","","","smoteenn","","","","","","","none","","","","f13cc498d053","medium","30","grid_sample","","","","","","",""
"variant_f2e60d6f1cf0.yml","classification","variant_search","","f2e60d6f1cf0","Pipeline Variant: mean+smoteenn+label+yeo_johnson+correlation","1.0","mean","","","label","","","yeo_johnson","","","smoteenn","","","","","","","correlation","0.85","","","f2e60d6f1cf0","medium","30","grid_sample","","","","","","",""
"variant_f375014a0980.yml","classification","variant_search","","f375014a0980","Pipeline Variant: mean+smoteenn+onehot+minmax+correlation","1.0","mean","","","onehot","","","minmax","","","smoteenn","","","","","","","correlation","0.9","","","f375014a0980","medium","30","grid_sample","","","","","","",""
"variant_f38477fb5c7e.yml","classification","variant_search","","f38477fb5c7e","Pipeline Variant: mean+label+standard+none","1.0","mean","","","label","","","standard","","","none","","","","","","","none","","","","f38477fb5c7e","none","30","grid_sample","","","","","","",""
"variant_f414a0518482.yml","classification","variant_search","","f414a0518482","Pipeline Variant: mean+smotetomek+onehot+minmax+variance","1.0","mean","","","onehot","","","minmax","","","smotetomek","","","","","","","variance","","","","f414a0518482","medium","30","grid_sample","","","","","","",""
"variant_f5a9cd890afe.yml","classification","variant_search","","f5a9cd890afe","Pipeline Variant: mean+smotetomek+label+minmax+none","1.0","mean","","","label","","","minmax","","","smotetomek","","","","","","","none","","","","f5a9cd890afe","medium","30","grid_sample","","","","","","",""
"variant_f6d2d6f1e944.yml","classification","variant_search","","f6d2d6f1e944","Pipeline Variant: mean+smotetomek+label+yeo_johnson+correlation","1.0","mean","","","label","","","yeo_johnson","","","smotetomek","","","","","","","correlation","0.85","","","f6d2d6f1e944","medium","30","grid_sample","","","","","","",""
"variant_f9c99b1ae895.yml","classification","variant_search","","f9c99b1ae895","Pipeline Variant: mean+smoteenn+label+robust+none","1.0","mean","","","label","","","robust","","","smoteenn","","","","","","","none","","","","f9c99b1ae895","medium","30","grid_sample","","","","","","",""
"variant_fa3cbe16ec3d.yml","classification","variant_search","","fa3cbe16ec3d","Pipeline Variant: mean+smoteenn+onehot+yeo_johnson+correlation","1.0","mean","","","onehot","","","yeo_johnson","","","smoteenn","","","","","","","correlation","0.85","","","fa3cbe16ec3d","medium","30","grid_sample","","","","","","",""
"variant_fd0a1a5f67ab.yml","classification","variant_search","","fd0a1a5f67ab","Pipeline Variant: mean+label+none+variance","1.0","mean","","","label","","","none","","","none","","","","","","","variance","","","","fd0a1a5f67ab","none","30","grid_sample","","","","","","",""
"variant_fdb1bade7f96.yml","classification","variant_search","","fdb1bade7f96","Pipeline Variant: mean+smoteenn+onehot+minmax+correlation","1.0","mean","","","onehot","","","minmax","","","smoteenn","","","","","","","correlation","0.85","","","fdb1bade7f96","medium","30","grid_sample","","","","","","",""
"variant_fdfba0908757.yml","classification","variant_search","","fdfba0908757","Pipeline Variant: mean+onehot+quantile+correlation","1.0","mean","","","onehot","","","quantile","","","none","","","","","","","correlation","0.85","","","fdfba0908757","none","30","grid_sample","","","","","","",""
"variant_fe6a595e51d1.yml","classification","variant_search","","fe6a595e51d1","Pipeline Variant: mean+smotetomek+onehot+standard+correlation","1.0","mean","","","onehot","","","standard","","","smotetomek","","","","","","","correlation","0.85","","","fe6a595e51d1","medium","30","grid_sample","","","","","","",""
"variant_fe89f53fba40.yml","classification","variant_search","","fe89f53fba40","Pipeline Variant: mean+smoteenn+onehot+none+none","1.0","mean","","","onehot","","","none","","","smoteenn","","","","","","","none","","","","fe89f53fba40","medium","30","grid_sample","","","","","","",""
"variant_fececd4f50a5.yml","classification","variant_search","","fececd4f50a5","Pipeline Variant: mean+smotetomek+label+standard+correlation","1.0","mean","","","label","","","standard","","","smotetomek","","","","","","","correlation","0.85","","","fececd4f50a5","medium","30","grid_sample","","","","","","",""
"variant_fee34bb63787.yml","classification","variant_search","","fee34bb63787","Pipeline Variant: mean+smoteenn+onehot+yeo_johnson+variance","1.0","mean","","","onehot","","","yeo_johnson","","","smoteenn","","","","","","","variance","","","","fee34bb63787","medium","30","grid_sample","","","","","","",""
"variant_ff7bf9cf419d.yml","classification","variant_search","","ff7bf9cf419d","Pipeline Variant: mean+onehot+minmax+correlation","1.0","mean","","","onehot","","","minmax","","","none","","","","","","","correlation","0.95","","","ff7bf9cf419d","none","30","grid_sample","","","","","","",""
"enterprise_lightning_01_mice_quantile_permutation.yml","classification","enterprise_lightning_fast","","enterprise_lightning_01_mice_quantile_permutation","MICE imputation + Quantile transform + Permutation importance (Research-backed, Kaggle-proven)","1.0","iterative","10","BayesianRidge","target","1.0","value","quantile","uniform","1000","borderline_smote","auto","5","","","","","permutation","median","10","auto","","","","","","","","","lightning_fast","180","van Buuren & Groothuis-Oudshoorn (2011): MICE imputation; Breiman (2001): Permutation importance for Random Forests"
"enterprise_lightning_02_knn_yeo_johnson_boruta.yml","classification","enterprise_lightning_fast","","enterprise_lightning_02_knn_yeo_johnson_boruta","KNN weighted imputation + Yeo-Johnson transform + Boruta selection","1.0","knn","","","catboost","","","yeo_johnson","","","smote_enn","auto","5","","","","","boruta","","","","","","","","","","","","lightning_fast","240","Troyanskaya et al. (2001): KNN imputation for microarray data; Yeo & Johnson (2000): New family of power transformations; Kursa & Rudnicki (2010): Boruta feature selection algorithm"
"enterprise_lightning_03_isolation_forest_robust_mutual_info.yml","classification","enterprise_lightning_fast","","enterprise_lightning_03_isolation_forest_robust_mutual_info","Isolation Forest outliers + Robust scaling + Mutual information selection","1.0","median","","","onehot","","ignore","robust","","","adasyn","auto","","isolation_forest","","","","mutual_info","","","","","","","","","","","","lightning_fast","200","Liu et al. (2008): Isolation Forest for anomaly detection; Kraskov et al. (2004): Mutual information estimation; Huber (1964): Robust M-estimators"
"recipe_clas_balanced_performance_0001.yml","classification","v1_generated","balanced_performance","recipe_clas_balanced_performance_0001","Preprocessing level 20, Feature engineering level 20","1.0","median","","","label","","error","standard","","","none","","","","","","","variance","0.01","","","","","","","Balanced Performance","30","20","0.95","","",""
"recipe_clas_balanced_performance_0002.yml","classification","v1_generated","balanced_performance","recipe_clas_balanced_performance_0002","Preprocessing level 20, Feature engineering level 50","1.0","median","","","label","","error","standard","","","none","","","","","","","mutual_info","","","","","","","","Balanced Performance","50","20","0.95","","",""
"recipe_clas_balanced_performance_0003.yml","classification","v1_generated","balanced_performance","recipe_clas_balanced_performance_0003","Preprocessing level 50, Feature engineering level 20","1.0","knn","","","onehot","","error","robust","","","smote","auto","5","","","","","variance","0.01","","","","","","","Balanced Performance","43","50","0.95","","",""
"recipe_clas_balanced_performance_0004.yml","classification","v1_generated","balanced_performance","recipe_clas_balanced_performance_0004","Preprocessing level 50, Feature engineering level 50","1.0","knn","","","onehot","","error","robust","","","smote","auto","5","","","","","mutual_info","","","","","","","","Balanced Performance","72","50","0.95","","",""
"recipe_clas_balanced_performance_0005.yml","classification","v1_generated","balanced_performance","recipe_clas_balanced_performance_0005","Preprocessing level 30, Feature engineering level 20","1.0","mode","","","onehot","","error","standard","","","none","","","","","","","variance","0.01","","","","","","","Balanced Performance","34","30","0.95","","",""
"recipe_clas_balanced_performance_0006.yml","classification","v1_generated","balanced_performance","recipe_clas_balanced_performance_0006","Preprocessing level 30, Feature engineering level 30","1.0","mode","","","onehot","","error","standard","","","none","","","","","","","variance","0.01","","","","","","","Balanced Performance","42","30","0.95","","",""
"recipe_clas_balanced_performance_0007.yml","classification","v1_generated","balanced_performance","recipe_clas_balanced_performance_0007","Preprocessing level 30, Feature engineering level 40","1.0","mode","","","onehot","","error","standard","","","none","","","","","","","mutual_info","","","","","","","","Balanced Performance","49","30","0.95","","",""
"recipe_clas_balanced_performance_0008.yml","classification","v1_generated","balanced_performance","recipe_clas_balanced_performance_0008","Preprocessing level 30, Feature engineering level 50","1.0","mode","","","onehot","","error","standard","","","none","","","","","","","mutual_info","","","","","","","","Balanced Performance","57","30","0.95","","",""
"recipe_clas_balanced_performance_0009.yml","classification","v1_generated","balanced_performance","recipe_clas_balanced_performance_0009","Preprocessing level 40, Feature engineering level 20","1.0","mode","","","onehot","","error","standard","","","none","","","","","","","variance","0.01","","","","","","","Balanced Performance","38","40","0.95","","",""
"recipe_clas_balanced_performance_0010.yml","classification","v1_generated","balanced_performance","recipe_clas_balanced_performance_0010","Preprocessing level 40, Feature engineering level 30","1.0","mode","","","onehot","","error","standard","","","none","","","","","","","variance","0.01","","","","","","","Balanced Performance","47","40","0.95","","",""
"recipe_clas_balanced_performance_0011.yml","classification","v1_generated","balanced_performance","recipe_clas_balanced_performance_0011","Preprocessing level 40, Feature engineering level 40","1.0","mode","","","onehot","","error","standard","","","none","","","","","","","mutual_info","","","","","","","","Balanced Performance","56","40","0.95","","",""
"recipe_clas_balanced_performance_0012.yml","classification","v1_generated","balanced_performance","recipe_clas_balanced_performance_0012","Preprocessing level 40, Feature engineering level 50","1.0","mode","","","onehot","","error","standard","","","none","","","","","","","mutual_info","","","","","","","","Balanced Performance","64","40","0.95","","",""
"recipe_clas_balanced_performance_0013.yml","classification","v1_generated","balanced_performance","recipe_clas_balanced_performance_0013","Preprocessing level 50, Feature engineering level 20","1.0","knn","","","onehot","","error","robust","","","smote","auto","5","","","","","variance","0.01","","","","","","","Balanced Performance","43","50","0.95","","",""
"recipe_clas_balanced_performance_0014.yml","classification","v1_generated","balanced_performance","recipe_clas_balanced_performance_0014","Preprocessing level 50, Feature engineering level 30","1.0","knn","","","onehot","","error","robust","","","smote","auto","5","","","","","variance","0.01","","","","","","","Balanced Performance","52","50","0.95","","",""
"recipe_clas_balanced_performance_0015.yml","classification","v1_generated","balanced_performance","recipe_clas_balanced_performance_0015","Preprocessing level 50, Feature engineering level 40","1.0","knn","","","onehot","","error","robust","","","smote","auto","5","","","","","mutual_info","","","","","","","","Balanced Performance","62","50","0.95","","",""
"recipe_clas_high_performance_0001.yml","classification","v1_generated","high_performance","recipe_clas_high_performance_0001","Preprocessing level 40, Feature engineering level 40","1.0","mode","","","onehot","","error","standard","","","none","","","","","","","mutual_info","","","","","","","","High Performance","56","40","0.95","","",""
"recipe_clas_high_performance_0002.yml","classification","v1_generated","high_performance","recipe_clas_high_performance_0002","Preprocessing level 40, Feature engineering level 80","1.0","mode","","","onehot","","error","standard","","","none","","","","","","","rfe","","","","","","","","High Performance","90","40","0.95","","",""
"recipe_clas_high_performance_0003.yml","classification","v1_generated","high_performance","recipe_clas_high_performance_0003","Preprocessing level 80, Feature engineering level 40","1.0","knn","","","target","","value","minmax","","","adasyn","auto","","","","","","mutual_info","","","","","","","","High Performance","81","80","0.72675","","",""
"recipe_clas_high_performance_0004.yml","classification","v1_generated","high_performance","recipe_clas_high_performance_0004","Preprocessing level 80, Feature engineering level 80","1.0","knn","","","target","","value","minmax","","","adasyn","auto","","","","","","rfe","","","","","","","","High Performance","131","80","0.72675","","",""
"recipe_clas_high_performance_0005.yml","classification","v1_generated","high_performance","recipe_clas_high_performance_0005","Preprocessing level 40, Feature engineering level 80","1.0","mode","","","onehot","","error","standard","","","none","","","","","","","rfe","","","","","","","","High Performance","90","40","0.95","","",""
"recipe_clas_high_performance_0006.yml","classification","v1_generated","high_performance","recipe_clas_high_performance_0006","Preprocessing level 50, Feature engineering level 40","1.0","knn","","","onehot","","error","robust","","","smote","auto","5","","","","","mutual_info","","","","","","","","High Performance","62","50","0.95","","",""
"recipe_clas_high_performance_0007.yml","classification","v1_generated","high_performance","recipe_clas_high_performance_0007","Preprocessing level 50, Feature engineering level 50","1.0","knn","","","onehot","","error","robust","","","smote","auto","5","","","","","mutual_info","","","","","","","","High Performance","72","50","0.95","","",""
"recipe_clas_high_performance_0008.yml","classification","v1_generated","high_performance","recipe_clas_high_performance_0008","Preprocessing level 50, Feature engineering level 60","1.0","knn","","","onehot","","error","robust","","","smote","auto","5","","","","","chi2","","","","","","","","High Performance","81","50","0.95","","",""
"recipe_clas_high_performance_0009.yml","classification","v1_generated","high_performance","recipe_clas_high_performance_0009","Preprocessing level 50, Feature engineering level 70","1.0","knn","","","onehot","","error","robust","","","smote","auto","5","","","","","chi2","","","","","","","","High Performance","91","50","0.95","","",""
"recipe_clas_high_performance_0010.yml","classification","v1_generated","high_performance","recipe_clas_high_performance_0010","Preprocessing level 50, Feature engineering level 80","1.0","knn","","","onehot","","error","robust","","","smote","auto","5","","","","","rfe","","","","","","","","High Performance","100","50","0.95","","",""
"recipe_clas_lightning_fast_0001.yml","classification","v1_generated","lightning_fast","recipe_clas_lightning_fast_0001","Preprocessing level 0, Feature engineering level 0","1.0","drop","","","label","","error","none","","","none","","","","","","","none","","","","","","","","Lightning Fast","12","0","1.0","","",""
"recipe_clas_lightning_fast_0002.yml","classification","v1_generated","lightning_fast","recipe_clas_lightning_fast_0002","Preprocessing level 0, Feature engineering level 20","1.0","drop","","","label","","error","none","","","none","","","","","","","variance","0.01","","","","","","","Lightning Fast","21","0","0.8","","",""
"recipe_clas_lightning_fast_0003.yml","classification","v1_generated","lightning_fast","recipe_clas_lightning_fast_0003","Preprocessing level 20, Feature engineering level 0","1.0","median","","","label","","error","standard","","","none","","","","","","","none","","","","","","","","Lightning Fast","16","20","0.95","","",""
"recipe_clas_lightning_fast_0004.yml","classification","v1_generated","lightning_fast","recipe_clas_lightning_fast_0004","Preprocessing level 20, Feature engineering level 20","1.0","median","","","label","","error","standard","","","none","","","","","","","variance","0.01","","","","","","","Lightning Fast","30","20","0.95","","",""
"recipe_clas_lightning_fast_0005.yml","classification","v1_generated","lightning_fast","recipe_clas_lightning_fast_0005","Preprocessing level 50, Feature engineering level 0","1.0","knn","","","onehot","","error","robust","","","smote","auto","5","","","","","none","","","","","","","","Lightning Fast","24","50","0.95","","",""
"recipe_clas_quick_exploration_0001.yml","classification","v1_generated","quick_exploration","recipe_clas_quick_exploration_0001","Preprocessing level 10, Feature engineering level 10","1.0","mean","","","label","","error","none","","","none","","","","","","","none","","","","","","","","Quick Exploration","20","10","1.0","","",""
"recipe_clas_quick_exploration_0002.yml","classification","v1_generated","quick_exploration","recipe_clas_quick_exploration_0002","Preprocessing level 10, Feature engineering level 30","1.0","mean","","","label","","error","none","","","none","","","","","","","variance","0.01","","","","","","","Quick Exploration","31","10","1.0","","",""
"recipe_clas_quick_exploration_0003.yml","classification","v1_generated","quick_exploration","recipe_clas_quick_exploration_0003","Preprocessing level 30, Feature engineering level 10","1.0","mode","","","onehot","","error","standard","","","none","","","","","","","none","","","","","","","","Quick Exploration","26","30","0.95","","",""
"recipe_clas_quick_exploration_0004.yml","classification","v1_generated","quick_exploration","recipe_clas_quick_exploration_0004","Preprocessing level 30, Feature engineering level 30","1.0","mode","","","onehot","","error","standard","","","none","","","","","","","variance","0.01","","","","","","","Quick Exploration","42","30","0.95","","",""
"recipe_clas_quick_exploration_0005.yml","classification","v1_generated","quick_exploration","recipe_clas_quick_exploration_0005","Preprocessing level 20, Feature engineering level 20","1.0","median","","","label","","error","standard","","","none","","","","","","","variance","0.01","","","","","","","Quick Exploration","30","20","0.95","","",""
"recipe_clas_quick_exploration_0006.yml","classification","v1_generated","quick_exploration","recipe_clas_quick_exploration_0006","Preprocessing level 20, Feature engineering level 30","1.0","median","","","label","","error","standard","","","none","","","","","","","variance","0.01","","","","","","","Quick Exploration","36","20","0.95","","",""
"recipe_clas_quick_exploration_0007.yml","classification","v1_generated","quick_exploration","recipe_clas_quick_exploration_0007","Preprocessing level 30, Feature engineering level 10","1.0","mode","","","onehot","","error","standard","","","none","","","","","","","none","","","","","","","","Quick Exploration","26","30","0.95","","",""
"recipe_clas_quick_exploration_0008.yml","classification","v1_generated","quick_exploration","recipe_clas_quick_exploration_0008","Preprocessing level 30, Feature engineering level 20","1.0","mode","","","onehot","","error","standard","","","none","","","","","","","variance","0.01","","","","","","","Quick Exploration","34","30","0.95","","",""
"recipe_clas_quick_exploration_0009.yml","classification","v1_generated","quick_exploration","recipe_clas_quick_exploration_0009","Preprocessing level 30, Feature engineering level 30","1.0","mode","","","onehot","","error","standard","","","none","","","","","","","variance","0.01","","","","","","","Quick Exploration","42","30","0.95","","",""
"recipe_clas_state_of_the_art_0001.yml","classification","v1_generated","state-of-the-art","recipe_clas_state_of_the_art_0001","Preprocessing level 60, Feature engineering level 60","1.0","knn","","","target","","value","robust","","","smote","auto","5","","","","","chi2","","","","","","","","State-of-the-Art","89","60","0.8075","","",""
"recipe_clas_state_of_the_art_0002.yml","classification","v1_generated","state-of-the-art","recipe_clas_state_of_the_art_0002","Preprocessing level 60, Feature engineering level 100","1.0","knn","","","target","","value","robust","","","smote","auto","5","","","","","rfe","","","","","","","","State-of-the-Art","132","60","0.8075","","",""
"recipe_clas_state_of_the_art_0003.yml","classification","v1_generated","state-of-the-art","recipe_clas_state_of_the_art_0003","Preprocessing level 100, Feature engineering level 60","1.0","iterative","10","","target","","value","minmax","","","adasyn","auto","","","","","","chi2","","","","","","","","State-of-the-Art","122","100","0.72675","","",""
"recipe_clas_state_of_the_art_0004.yml","classification","v1_generated","state-of-the-art","recipe_clas_state_of_the_art_0004","Preprocessing level 100, Feature engineering level 100","1.0","iterative","10","","target","","value","minmax","","","adasyn","auto","","","","","","rfe","","","","","","","","State-of-the-Art","180","100","0.72675","","",""
"recipe_clas_state_of_the_art_0005.yml","classification","v1_generated","state-of-the-art","recipe_clas_state_of_the_art_0005","Preprocessing level 60, Feature engineering level 100","1.0","knn","","","target","","value","robust","","","smote","auto","5","","","","","rfe","","","","","","","","State-of-the-Art","132","60","0.8075","","",""
"baseline_recipe.yml","classification","standalone","","baseline_classification","Basic classification recipe - Mean imputation + OneHot encoding + Standard scaling","1.0","mean","","","onehot","","ignore","standard","","","none","","","","","","","variance","0.01","","","","","","","","","","","","",""
"recipe_knn_onehot_minmax.yml","classification","standalone","","knn_onehot_minmax","KNN imputation + OneHot encoding + MinMax scaling","1.0","knn","","","onehot","","","minmax","","","none","","","","","","","variance","","","","","","","","","","","","","",""
"recipe_smote_target_standard.yml","classification","standalone","","smote_target_standard","SMOTE oversampling + Target encoding + Standard scaling","1.0","knn","","","target","","value","standard","","","smote","auto","5","","","","","mutual_info","","","","","","","","","","","","","",""
"variant_0b48f382ff23.yml","regression","variant_search","","0b48f382ff23","Pipeline Variant: mean+onehot+standard+correlation+none","1.0","mean","","","onehot","","","standard","","","","","","","","","","correlation","0.95","","","0b48f382ff23","none","30","curated","","","","","","",""
"variant_125980a58217.yml","regression","variant_search","","125980a58217","Pipeline Variant: median+target+minmax+mutual_info+none","1.0","median","","","target","","","minmax","","","","","","","","","","mutual_info","0.05","","","125980a58217","none","30","curated","","","","","","",""
"variant_18ceb3fdfe92.yml","regression","variant_search","","18ceb3fdfe92","Pipeline Variant: knn+label+minmax+none+none","1.0","knn","","","label","","","minmax","","","","","","","","","","none","","","","18ceb3fdfe92","none","30","curated","","","","","","",""
"variant_1b9dbab7f2bc.yml","regression","variant_search","","1b9dbab7f2bc","Pipeline Variant: knn+label+robust+none+none","1.0","knn","","","label","","","robust","","","","","","","","","","none","","","","1b9dbab7f2bc","none","30","curated","","","","","","",""
"variant_1e80eb99c61c.yml","regression","variant_search","","1e80eb99c61c","Pipeline Variant: mean+onehot+standard+none+none","1.0","mean","","","onehot","","","standard","","","","","","","","","","none","","","","1e80eb99c61c","none","30","curated","","","","","","",""
"variant_28f5b2151a08.yml","regression","variant_search","","28f5b2151a08","Pipeline Variant: iterative+onehot+standard+none+none","1.0","iterative","","","onehot","","","standard","","","","","","","","","","none","","","","28f5b2151a08","none","30","curated","","","","","","",""
"variant_2e02e4c22bed.yml","regression","variant_search","","2e02e4c22bed","Pipeline Variant: iterative+target+robust+none+zscore","1.0","iterative","","","target","","","robust","","","","","","zscore","3.0","","","none","","","","2e02e4c22bed","none","30","curated","","","","","","",""
"variant_39fd73fc69e6.yml","regression","variant_search","","39fd73fc69e6","Pipeline Variant: knn+onehot+robust+correlation+iqr","1.0","knn","","","onehot","","","robust","","","","","","iqr","1.5","","","correlation","0.95","","","39fd73fc69e6","none","30","curated","","","","","","",""
"variant_3fb969825770.yml","regression","variant_search","","3fb969825770","Pipeline Variant: median+label+robust+variance+winsorize","1.0","median","","","label","","","robust","","","","","","winsorize","","","","variance","0.01","","","3fb969825770","none","30","curated","","","","","","",""
"variant_4879d3521f76.yml","regression","variant_search","","4879d3521f76","Pipeline Variant: knn+label+standard+variance+winsorize","1.0","knn","","","label","","","standard","","","","","","winsorize","","","","variance","0.01","","","4879d3521f76","none","30","curated","","","","","","",""
"variant_4a8a2f30b917.yml","regression","variant_search","","4a8a2f30b917","Pipeline Variant: iterative+label+minmax+mutual_info+none","1.0","iterative","","","label","","","minmax","","","","","","","","","","mutual_info","0.05","","","4a8a2f30b917","none","30","curated","","","","","","",""
"variant_4ce00c66ec41.yml","regression","variant_search","","4ce00c66ec41","Pipeline Variant: median+onehot+robust+none+winsorize","1.0","median","","","onehot","","","robust","","","","","","winsorize","","","","none","","","","4ce00c66ec41","none","30","curated","","","","","","",""
"variant_5d797052918c.yml","regression","variant_search","","5d797052918c","Pipeline Variant: median+label+standard+correlation+iqr","1.0","median","","","label","","","standard","","","","","","iqr","1.5","","","correlation","0.95","","","5d797052918c","none","30","curated","","","","","","",""
"variant_6838deba1cb1.yml","regression","variant_search","","6838deba1cb1","Pipeline Variant: median+onehot+standard+none+iqr","1.0","median","","","onehot","","","standard","","","","","","iqr","1.5","","","none","","","","6838deba1cb1","none","30","curated","","","","","","",""
"variant_6d6e8e98c8e7.yml","regression","variant_search","","6d6e8e98c8e7","Pipeline Variant: median+target+robust+mutual_info+winsorize","1.0","median","","","target","","","robust","","","","","","winsorize","","","","mutual_info","0.05","","","6d6e8e98c8e7","none","30","curated","","","","","","",""
"variant_6e6c2ceeeed4.yml","regression","variant_search","","6e6c2ceeeed4","Pipeline Variant: knn+onehot+standard+none+none","1.0","knn","","","onehot","","","standard","","","","","","","","","","none","","","","6e6c2ceeeed4","none","30","curated","","","","","","",""
"variant_8be2d6c356a0.yml","regression","variant_search","","8be2d6c356a0","Pipeline Variant: mean+label+none+none+winsorize","1.0","mean","","","label","","","none","","","","","","winsorize","","","","none","","","","8be2d6c356a0","none","30","curated","","","","","","",""
"variant_8ca73805728d.yml","regression","variant_search","","8ca73805728d","Pipeline Variant: knn+target+robust+mutual_info+none","1.0","knn","","","target","","","robust","","","","","","","","","","mutual_info","0.05","","","8ca73805728d","none","30","curated","","","","","","",""
"variant_8f0022e3da14.yml","regression","variant_search","","8f0022e3da14","Pipeline Variant: knn+target+standard+correlation+zscore","1.0","knn","","","target","","","standard","","","","","","zscore","3.0","","","correlation","0.95","","","8f0022e3da14","none","30","curated","","","","","","",""
"variant_9b3679a25d19.yml","regression","variant_search","","9b3679a25d19","Pipeline Variant: mean+onehot+robust+none+none","1.0","mean","","","onehot","","","robust","","","","","","","","","","none","","","","9b3679a25d19","none","30","curated","","","","","","",""
"variant_a103dc1b421e.yml","regression","variant_search","","a103dc1b421e","Pipeline Variant: median+onehot+none+correlation+none","1.0","median","","","onehot","","","none","","","","","","","","","","correlation","0.95","","","a103dc1b421e","none","30","curated","","","","","","",""
"variant_c23fc2fcdcd1.yml","regression","variant_search","","c23fc2fcdcd1","Pipeline Variant: mean+target+minmax+variance+none","1.0","mean","","","target","","","minmax","","","","","","","","","","variance","0.01","","","c23fc2fcdcd1","none","30","curated","","","","","","",""
"variant_c480e25409ea.yml","regression","variant_search","","c480e25409ea","Pipeline Variant: mean+label+robust+correlation+none","1.0","mean","","","label","","","robust","","","","","","","","","","correlation","0.95","","","c480e25409ea","none","30","curated","","","","","","",""
"variant_c972ad795fee.yml","regression","variant_search","","c972ad795fee","Pipeline Variant: iterative+label+standard+variance+iqr","1.0","iterative","","","label","","","standard","","","","","","iqr","1.5","","","variance","0.01","","","c972ad795fee","none","30","curated","","","","","","",""
"variant_d24706a513cb.yml","regression","variant_search","","d24706a513cb","Pipeline Variant: mean+onehot+minmax+mutual_info+iqr","1.0","mean","","","onehot","","","minmax","","","","","","iqr","1.5","","","mutual_info","0.05","","","d24706a513cb","none","30","curated","","","","","","",""
"variant_d6e22b9cd8a5.yml","regression","variant_search","","d6e22b9cd8a5","Pipeline Variant: iterative+onehot+minmax+variance+iqr","1.0","iterative","","","onehot","","","minmax","","","","","","iqr","1.5","","","variance","0.01","","","d6e22b9cd8a5","none","30","curated","","","","","","",""
"variant_e456b40c86dd.yml","regression","variant_search","","e456b40c86dd","Pipeline Variant: iterative+onehot+robust+correlation+winsorize","1.0","iterative","","","onehot","","","robust","","","","","","winsorize","","","","correlation","0.95","","","e456b40c86dd","none","30","curated","","","","","","",""
"variant_ef77e35bee26.yml","regression","variant_search","","ef77e35bee26","Pipeline Variant: mean+label+standard+none+none","1.0","mean","","","label","","","standard","","","","","","","","","","none","","","","ef77e35bee26","none","30","curated","","","","","","",""
"variant_fafa16945ea8.yml","regression","variant_search","","fafa16945ea8","Pipeline Variant: median+target+standard+none+zscore","1.0","median","","","target","","","standard","","","","","","zscore","3.0","","","none","","","","fafa16945ea8","none","30","curated","","","","","","",""
"variant_ff457b64a722.yml","regression","variant_search","","ff457b64a722","Pipeline Variant: mean+target+standard+none+none","1.0","mean","","","target","","","standard","","","","","","","","","","none","","","","ff457b64a722","none","30","curated","","","","","","",""
"recipe_regr_balanced_performance_0001.yml","regression","v1_generated","balanced_performance","recipe_regr_balanced_performance_0001","Preprocessing level 20, Feature engineering level 20","1.0","median","","","label","","error","standard","","","","","","iqr","1.5","","","variance","0.01","","","","","","","Balanced Performance","25","20","0.95","","",""
"recipe_regr_balanced_performance_0002.yml","regression","v1_generated","balanced_performance","recipe_regr_balanced_performance_0002","Preprocessing level 20, Feature engineering level 30","1.0","median","","","label","","error","standard","","","","","","iqr","1.5","","","variance","0.01","","","","","","","Balanced Performance","30","20","0.95","","",""
"recipe_regr_balanced_performance_0003.yml","regression","v1_generated","balanced_performance","recipe_regr_balanced_performance_0003","Preprocessing level 20, Feature engineering level 40","1.0","median","","","label","","error","standard","","","","","","iqr","1.5","","","mutual_info","","","","","","","","Balanced Performance","36","20","0.95","","",""
"recipe_regr_balanced_performance_0004.yml","regression","v1_generated","balanced_performance","recipe_regr_balanced_performance_0004","Preprocessing level 20, Feature engineering level 50","1.0","median","","","label","","error","standard","","","","","","iqr","1.5","","","mutual_info","","","","","","","","Balanced Performance","42","20","0.95","","",""
"recipe_regr_balanced_performance_0005.yml","regression","v1_generated","balanced_performance","recipe_regr_balanced_performance_0005","Preprocessing level 30, Feature engineering level 20","1.0","mode","","","onehot","","error","standard","","","","","","iqr","1.5","","","variance","0.01","","","","","","","Balanced Performance","28","30","0.95","","",""
"recipe_regr_balanced_performance_0006.yml","regression","v1_generated","balanced_performance","recipe_regr_balanced_performance_0006","Preprocessing level 30, Feature engineering level 30","1.0","mode","","","onehot","","error","standard","","","","","","iqr","1.5","","","variance","0.01","","","","","","","Balanced Performance","35","30","0.95","","",""
"recipe_regr_balanced_performance_0007.yml","regression","v1_generated","balanced_performance","recipe_regr_balanced_performance_0007","Preprocessing level 30, Feature engineering level 40","1.0","mode","","","onehot","","error","standard","","","","","","iqr","1.5","","","mutual_info","","","","","","","","Balanced Performance","41","30","0.95","","",""
"recipe_regr_balanced_performance_0008.yml","regression","v1_generated","balanced_performance","recipe_regr_balanced_performance_0008","Preprocessing level 30, Feature engineering level 50","1.0","mode","","","onehot","","error","standard","","","","","","iqr","1.5","","","mutual_info","","","","","","","","Balanced Performance","48","30","0.95","","",""
"recipe_regr_balanced_performance_0009.yml","regression","v1_generated","balanced_performance","recipe_regr_balanced_performance_0009","Preprocessing level 40, Feature engineering level 20","1.0","mode","","","onehot","","error","standard","","","","","","iqr","1.5","","","variance","0.01","","","","","","","Balanced Performance","32","40","0.95","","",""
"recipe_regr_balanced_performance_0010.yml","regression","v1_generated","balanced_performance","recipe_regr_balanced_performance_0010","Preprocessing level 40, Feature engineering level 30","1.0","mode","","","onehot","","error","standard","","","","","","iqr","1.5","","","variance","0.01","","","","","","","Balanced Performance","39","40","0.95","","",""
"recipe_regr_balanced_performance_0011.yml","regression","v1_generated","balanced_performance","recipe_regr_balanced_performance_0011","Preprocessing level 40, Feature engineering level 40","1.0","mode","","","onehot","","error","standard","","","","","","iqr","1.5","","","mutual_info","","","","","","","","Balanced Performance","46","40","0.95","","",""
"recipe_regr_balanced_performance_0012.yml","regression","v1_generated","balanced_performance","recipe_regr_balanced_performance_0012","Preprocessing level 40, Feature engineering level 50","1.0","mode","","","onehot","","error","standard","","","","","","iqr","1.5","","","mutual_info","","","","","","","","Balanced Performance","54","40","0.95","","",""
"recipe_regr_balanced_performance_0013.yml","regression","v1_generated","balanced_performance","recipe_regr_balanced_performance_0013","Preprocessing level 50, Feature engineering level 20","1.0","knn","","","onehot","","error","robust","","","","","","iqr","1.5","","","variance","0.01","","","","","","","Balanced Performance","36","50","0.95","","",""
"recipe_regr_balanced_performance_0014.yml","regression","v1_generated","balanced_performance","recipe_regr_balanced_performance_0014","Preprocessing level 50, Feature engineering level 30","1.0","knn","","","onehot","","error","robust","","","","","","iqr","1.5","","","variance","0.01","","","","","","","Balanced Performance","44","50","0.95","","",""
"recipe_regr_balanced_performance_0015.yml","regression","v1_generated","balanced_performance","recipe_regr_balanced_performance_0015","Preprocessing level 50, Feature engineering level 40","1.0","knn","","","onehot","","error","robust","","","","","","iqr","1.5","","","mutual_info","","","","","","","","Balanced Performance","52","50","0.95","","",""
"recipe_regr_high_performance_0001.yml","regression","v1_generated","high_performance","recipe_regr_high_performance_0001","Preprocessing level 40, Feature engineering level 40","1.0","mode","","","onehot","","error","standard","","","","","","iqr","1.5","","","mutual_info","","","","","","","","High Performance","46","40","0.95","","",""
"recipe_regr_high_performance_0002.yml","regression","v1_generated","high_performance","recipe_regr_high_performance_0002","Preprocessing level 40, Feature engineering level 50","1.0","mode","","","onehot","","error","standard","","","","","","iqr","1.5","","","mutual_info","","","","","","","","High Performance","54","40","0.95","","",""
"recipe_regr_high_performance_0003.yml","regression","v1_generated","high_performance","recipe_regr_high_performance_0003","Preprocessing level 40, Feature engineering level 60","1.0","mode","","","onehot","","error","standard","","","","","","iqr","1.5","","","chi2","","","","","","","","High Performance","61","40","0.95","","",""
"recipe_regr_high_performance_0004.yml","regression","v1_generated","high_performance","recipe_regr_high_performance_0004","Preprocessing level 40, Feature engineering level 70","1.0","mode","","","onehot","","error","standard","","","","","","iqr","1.5","","","chi2","","","","","","","","High Performance","68","40","0.95","","",""
"recipe_regr_high_performance_0005.yml","regression","v1_generated","high_performance","recipe_regr_high_performance_0005","Preprocessing level 40, Feature engineering level 80","1.0","mode","","","onehot","","error","standard","","","","","","iqr","1.5","","","rfe","","","","","","","","High Performance","75","40","0.95","","",""
"recipe_regr_high_performance_0006.yml","regression","v1_generated","high_performance","recipe_regr_high_performance_0006","Preprocessing level 50, Feature engineering level 40","1.0","knn","","","onehot","","error","robust","","","","","","iqr","1.5","","","mutual_info","","","","","","","","High Performance","52","50","0.95","","",""
"recipe_regr_high_performance_0007.yml","regression","v1_generated","high_performance","recipe_regr_high_performance_0007","Preprocessing level 50, Feature engineering level 50","1.0","knn","","","onehot","","error","robust","","","","","","iqr","1.5","","","mutual_info","","","","","","","","High Performance","60","50","0.95","","",""
"recipe_regr_high_performance_0008.yml","regression","v1_generated","high_performance","recipe_regr_high_performance_0008","Preprocessing level 50, Feature engineering level 60","1.0","knn","","","onehot","","error","robust","","","","","","iqr","1.5","","","chi2","","","","","","","","High Performance","68","50","0.95","","",""
"recipe_regr_high_performance_0009.yml","regression","v1_generated","high_performance","recipe_regr_high_performance_0009","Preprocessing level 50, Feature engineering level 70","1.0","knn","","","onehot","","error","robust","","","","","","iqr","1.5","","","chi2","","","","","","","","High Performance","76","50","0.95","","",""
"recipe_regr_high_performance_0010.yml","regression","v1_generated","high_performance","recipe_regr_high_performance_0010","Preprocessing level 50, Feature engineering level 80","1.0","knn","","","onehot","","error","robust","","","","","","iqr","1.5","","","rfe","","","","","","","","High Performance","84","50","0.95","","",""
"recipe_regr_lightning_fast_0001.yml","regression","v1_generated","lightning_fast","recipe_regr_lightning_fast_0001","Preprocessing level 0, Feature engineering level 0","1.0","drop","","","label","","error","none","","","","","","none","","","","none","","","","","","","","Lightning Fast","10","0","1.0","","",""
"recipe_regr_lightning_fast_0002.yml","regression","v1_generated","lightning_fast","recipe_regr_lightning_fast_0002","Preprocessing level 0, Feature engineering level 10","1.0","drop","","","label","","error","none","","","","","","none","","","","none","","","","","","","","Lightning Fast","14","0","1.0","","",""
"recipe_regr_lightning_fast_0003.yml","regression","v1_generated","lightning_fast","recipe_regr_lightning_fast_0003","Preprocessing level 10, Feature engineering level 0","1.0","mean","","","label","","error","none","","","","","","none","","","","none","","","","","","","","Lightning Fast","12","10","1.0","","",""
"recipe_regr_lightning_fast_0004.yml","regression","v1_generated","lightning_fast","recipe_regr_lightning_fast_0004","Preprocessing level 10, Feature engineering level 10","1.0","mean","","","label","","error","none","","","","","","none","","","","none","","","","","","","","Lightning Fast","16","10","1.0","","",""
"recipe_regr_quick_exploration_0001.yml","regression","v1_generated","quick_exploration","recipe_regr_quick_exploration_0001","Preprocessing level 10, Feature engineering level 10","1.0","mean","","","label","","error","none","","","","","","none","","","","none","","","","","","","","Quick Exploration","16","10","1.0","","",""
"recipe_regr_quick_exploration_0002.yml","regression","v1_generated","quick_exploration","recipe_regr_quick_exploration_0002","Preprocessing level 10, Feature engineering level 20","1.0","mean","","","label","","error","none","","","","","","none","","","","variance","0.01","","","","","","","Quick Exploration","21","10","1.0","","",""
"recipe_regr_quick_exploration_0003.yml","regression","v1_generated","quick_exploration","recipe_regr_quick_exploration_0003","Preprocessing level 10, Feature engineering level 30","1.0","mean","","","label","","error","none","","","","","","none","","","","variance","0.01","","","","","","","Quick Exploration","26","10","1.0","","",""
"recipe_regr_quick_exploration_0004.yml","regression","v1_generated","quick_exploration","recipe_regr_quick_exploration_0004","Preprocessing level 20, Feature engineering level 10","1.0","median","","","label","","error","standard","","","","","","iqr","1.5","","","none","","","","","","","","Quick Exploration","19","20","0.95","","",""
"recipe_regr_quick_exploration_0005.yml","regression","v1_generated","quick_exploration","recipe_regr_quick_exploration_0005","Preprocessing level 20, Feature engineering level 20","1.0","median","","","label","","error","standard","","","","","","iqr","1.5","","","variance","0.01","","","","","","","Quick Exploration","25","20","0.95","","",""
"recipe_regr_quick_exploration_0006.yml","regression","v1_generated","quick_exploration","recipe_regr_quick_exploration_0006","Preprocessing level 20, Feature engineering level 30","1.0","median","","","label","","error","standard","","","","","","iqr","1.5","","","variance","0.01","","","","","","","Quick Exploration","30","20","0.95","","",""
"recipe_regr_quick_exploration_0007.yml","regression","v1_generated","quick_exploration","recipe_regr_quick_exploration_0007","Preprocessing level 30, Feature engineering level 10","1.0","mode","","","onehot","","error","standard","","","","","","iqr","1.5","","","none","","","","","","","","Quick Exploration","22","30","0.95","","",""
"recipe_regr_quick_exploration_0008.yml","regression","v1_generated","quick_exploration","recipe_regr_quick_exploration_0008","Preprocessing level 30, Feature engineering level 20","1.0","mode","","","onehot","","error","standard","","","","","","iqr","1.5","","","variance","0.01","","","","","","","Quick Exploration","28","30","0.95","","",""
"recipe_regr_quick_exploration_0009.yml","regression","v1_generated","quick_exploration","recipe_regr_quick_exploration_0009","Preprocessing level 30, Feature engineering level 30","1.0","mode","","","onehot","","error","standard","","","","","","iqr","1.5","","","variance","0.01","","","","","","","Quick Exploration","35","30","0.95","","",""
"recipe_regr_state_of_the_art_0001.yml","regression","v1_generated","state-of-the-art","recipe_regr_state_of_the_art_0001","Preprocessing level 60, Feature engineering level 60","1.0","knn","","","target","","value","robust","","","","","","iqr","1.5","","","chi2","","","","","","","","State-of-the-Art","74","60","0.8075","","",""
"recipe_regr_state_of_the_art_0002.yml","regression","v1_generated","state-of-the-art","recipe_regr_state_of_the_art_0002","Preprocessing level 60, Feature engineering level 70","1.0","knn","","","target","","value","robust","","","","","","iqr","1.5","","","chi2","","","","","","","","State-of-the-Art","83","60","0.8075","","",""
"recipe_regr_state_of_the_art_0003.yml","regression","v1_generated","state-of-the-art","recipe_regr_state_of_the_art_0003","Preprocessing level 60, Feature engineering level 80","1.0","knn","","","target","","value","robust","","","","","","iqr","1.5","","","rfe","","","","","","","","State-of-the-Art","92","60","0.8075","","",""
"recipe_regr_state_of_the_art_0004.yml","regression","v1_generated","state-of-the-art","recipe_regr_state_of_the_art_0004","Preprocessing level 60, Feature engineering level 90","1.0","knn","","","target","","value","robust","","","","","","iqr","1.5","","","rfe","","","","","","","","State-of-the-Art","101","60","0.8075","","",""
"recipe_regr_state_of_the_art_0005.yml","regression","v1_generated","state-of-the-art","recipe_regr_state_of_the_art_0005","Preprocessing level 60, Feature engineering level 100","1.0","knn","","","target","","value","robust","","","","","","iqr","1.5","","","rfe","","","","","","","","State-of-the-Art","110","60","0.8075","","",""
"baseline_recipe.yml","regression","standalone","","baseline_regression","Basic regression recipe - Mean imputation + OneHot encoding + Standard scaling","1.0","mean","","","onehot","","ignore","standard","","","none","","","","","","","variance","0.01","","","","","","","","","","","","",""
"recipe_knn_onehot_minmax.yml","regression","standalone","","knn_onehot_minmax","KNN imputation + OneHot encoding + MinMax scaling","1.0","knn","","","onehot","","","minmax","","","none","","","","","","","variance","","","","","","","","","","","","","",""
"recipe_outlier_iqr_standard.yml","regression","standalone","","outlier_iqr_standard","Outlier handling with IQR + Standard scaling for regression","1.0","knn","","","onehot","","ignore","standard","","","none","","","iqr","","","","mutual_info","","","","","","","","","","","","","",""
"recipe_winsorize_robust.yml","regression","standalone","","winsorize_robust","Winsorization + Robust scaling for regression with extreme values","1.0","median","","","onehot","","ignore","robust","","","none","","","winsorize","","","","variance","0.01","","","","","","","","","","","","",""
"recipe_clus_balanced_performance_0001.yml","clustering","v1_generated","balanced_performance","recipe_clus_balanced_performance_0001","Preprocessing level 20, Feature engineering level 20","1.0","median","","","label","","error","standard","","","","","","","","","","variance","0.01","","","","","","","Balanced Performance","20","20","0.95","","",""
"recipe_clus_balanced_performance_0002.yml","clustering","v1_generated","balanced_performance","recipe_clus_balanced_performance_0002","Preprocessing level 20, Feature engineering level 30","1.0","median","","","label","","error","standard","","","","","","","","","","variance","0.01","","","","","","","Balanced Performance","24","20","0.95","","",""
"recipe_clus_balanced_performance_0003.yml","clustering","v1_generated","balanced_performance","recipe_clus_balanced_performance_0003","Preprocessing level 20, Feature engineering level 40","1.0","median","","","label","","error","standard","","","","","","","","","","mutual_info","","","","","","","","Balanced Performance","29","20","0.95","","",""
"recipe_clus_balanced_performance_0004.yml","clustering","v1_generated","balanced_performance","recipe_clus_balanced_performance_0004","Preprocessing level 20, Feature engineering level 50","1.0","median","","","label","","error","standard","","","","","","","","","","mutual_info","","","","","","","","Balanced Performance","33","20","0.95","","",""
"recipe_clus_balanced_performance_0005.yml","clustering","v1_generated","balanced_performance","recipe_clus_balanced_performance_0005","Preprocessing level 20, Feature engineering level 60","1.0","median","","","label","","error","standard","","","","","","","","","","chi2","","","","","","","","Balanced Performance","38","20","0.95","","",""
"recipe_clus_balanced_performance_0006.yml","clustering","v1_generated","balanced_performance","recipe_clus_balanced_performance_0006","Preprocessing level 30, Feature engineering level 20","1.0","mode","","","onehot","","error","standard","","","","","","","","","","variance","0.01","","","","","","","Balanced Performance","23","30","0.95","","",""
"recipe_clus_balanced_performance_0007.yml","clustering","v1_generated","balanced_performance","recipe_clus_balanced_performance_0007","Preprocessing level 30, Feature engineering level 30","1.0","mode","","","onehot","","error","standard","","","","","","","","","","variance","0.01","","","","","","","Balanced Performance","28","30","0.95","","",""
"recipe_clus_balanced_performance_0008.yml","clustering","v1_generated","balanced_performance","recipe_clus_balanced_performance_0008","Preprocessing level 30, Feature engineering level 40","1.0","mode","","","onehot","","error","standard","","","","","","","","","","mutual_info","","","","","","","","Balanced Performance","33","30","0.95","","",""
"recipe_clus_balanced_performance_0009.yml","clustering","v1_generated","balanced_performance","recipe_clus_balanced_performance_0009","Preprocessing level 30, Feature engineering level 50","1.0","mode","","","onehot","","error","standard","","","","","","","","","","mutual_info","","","","","","","","Balanced Performance","38","30","0.95","","",""
"recipe_clus_balanced_performance_0010.yml","clustering","v1_generated","balanced_performance","recipe_clus_balanced_performance_0010","Preprocessing level 30, Feature engineering level 60","1.0","mode","","","onehot","","error","standard","","","","","","","","","","chi2","","","","","","","","Balanced Performance","43","30","0.95","","",""
"recipe_clus_high_performance_0001.yml","clustering","v1_generated","high_performance","recipe_clus_high_performance_0001","Preprocessing level 40, Feature engineering level 40","1.0","mode","","","onehot","","error","standard","","","","","","","","","","mutual_info","","","","","","","","High Performance","37","40","0.95","","",""
"recipe_clus_high_performance_0002.yml","clustering","v1_generated","high_performance","recipe_clus_high_performance_0002","Preprocessing level 40, Feature engineering level 50","1.0","mode","","","onehot","","error","standard","","","","","","","","","","mutual_info","","","","","","","","High Performance","43","40","0.95","","",""
"recipe_clus_high_performance_0003.yml","clustering","v1_generated","high_performance","recipe_clus_high_performance_0003","Preprocessing level 40, Feature engineering level 60","1.0","mode","","","onehot","","error","standard","","","","","","","","","","chi2","","","","","","","","High Performance","48","40","0.95","","",""
"recipe_clus_high_performance_0004.yml","clustering","v1_generated","high_performance","recipe_clus_high_performance_0004","Preprocessing level 40, Feature engineering level 70","1.0","mode","","","onehot","","error","standard","","","","","","","","","","chi2","","","","","","","","High Performance","54","40","0.95","","",""
"recipe_clus_high_performance_0005.yml","clustering","v1_generated","high_performance","recipe_clus_high_performance_0005","Preprocessing level 40, Feature engineering level 80","1.0","mode","","","onehot","","error","standard","","","","","","","","","","rfe","","","","","","","","High Performance","60","40","0.95","","",""
"recipe_clus_lightning_fast_0001.yml","clustering","v1_generated","lightning_fast","recipe_clus_lightning_fast_0001","Preprocessing level 0, Feature engineering level 0","1.0","drop","","","label","","error","none","","","","","","","","","","none","","","","","","","","Lightning Fast","8","0","1.0","","",""
"recipe_clus_lightning_fast_0002.yml","clustering","v1_generated","lightning_fast","recipe_clus_lightning_fast_0002","Preprocessing level 0, Feature engineering level 10","1.0","drop","","","label","","error","none","","","","","","","","","","none","","","","","","","","Lightning Fast","11","0","1.0","","",""
"recipe_clus_lightning_fast_0003.yml","clustering","v1_generated","lightning_fast","recipe_clus_lightning_fast_0003","Preprocessing level 0, Feature engineering level 20","1.0","drop","","","label","","error","none","","","","","","","","","","variance","0.01","","","","","","","Lightning Fast","14","0","0.8","","",""
"recipe_clus_lightning_fast_0004.yml","clustering","v1_generated","lightning_fast","recipe_clus_lightning_fast_0004","Preprocessing level 10, Feature engineering level 0","1.0","mean","","","label","","error","none","","","","","","","","","","none","","","","","","","","Lightning Fast","9","10","1.0","","",""
"recipe_clus_lightning_fast_0005.yml","clustering","v1_generated","lightning_fast","recipe_clus_lightning_fast_0005","Preprocessing level 10, Feature engineering level 10","1.0","mean","","","label","","error","none","","","","","","","","","","none","","","","","","","","Lightning Fast","13","10","1.0","","",""
"recipe_clus_quick_exploration_0001.yml","clustering","v1_generated","quick_exploration","recipe_clus_quick_exploration_0001","Preprocessing level 10, Feature engineering level 10","1.0","mean","","","label","","error","none","","","","","","","","","","none","","","","","","","","Quick Exploration","13","10","1.0","","",""
"recipe_clus_quick_exploration_0002.yml","clustering","v1_generated","quick_exploration","recipe_clus_quick_exploration_0002","Preprocessing level 10, Feature engineering level 20","1.0","mean","","","label","","error","none","","","","","","","","","","variance","0.01","","","","","","","Quick Exploration","17","10","1.0","","",""
"recipe_clus_quick_exploration_0003.yml","clustering","v1_generated","quick_exploration","recipe_clus_quick_exploration_0003","Preprocessing level 10, Feature engineering level 30","1.0","mean","","","label","","error","none","","","","","","","","","","variance","0.01","","","","","","","Quick Exploration","21","10","1.0","","",""
"recipe_clus_quick_exploration_0004.yml","clustering","v1_generated","quick_exploration","recipe_clus_quick_exploration_0004","Preprocessing level 10, Feature engineering level 40","1.0","mean","","","label","","error","none","","","","","","","","","","mutual_info","","","","","","","","Quick Exploration","24","10","1.0","","",""
"recipe_clus_quick_exploration_0005.yml","clustering","v1_generated","quick_exploration","recipe_clus_quick_exploration_0005","Preprocessing level 20, Feature engineering level 10","1.0","median","","","label","","error","standard","","","","","","","","","","none","","","","","","","","Quick Exploration","15","20","0.95","","",""
"baseline_recipe.yml","clustering","standalone","","baseline_clustering","Basic clustering recipe - Mean imputation + OneHot encoding + Standard scaling","1.0","mean","","","onehot","","ignore","standard","","","none","","","","","","","variance","0.01","","","","","","","","","","","","",""
"recipe_knn_onehot_minmax.yml","clustering","standalone","","knn_onehot_minmax","KNN imputation + OneHot encoding + MinMax scaling","1.0","knn","","","onehot","","","minmax","","","none","","","","","","","variance","","","","","","","","","","","","","",""
"recipe_knn_onehot_minmax.yml","all","top_level_recipe","","knn_onehot_minmax","KNN imputation + OneHot encoding + MinMax scaling","1.0","knn","","","onehot","","","minmax","","","none","","","","","","","variance","","","","","","","","","","","","","",""
"recipe_library.yml","all","top_level_recipe","","","","","","","","","","","","","","","","","","","","","","","","","","","","","","","","","","",""
"recipe_smote_target_standard.yml","all","top_level_recipe","","smote_target_standard","SMOTE oversampling + Target encoding + Standard scaling","1.0","knn","","","target","","value","standard","","","smote","auto","5","","","","","mutual_info","","","","","","","","","","","","","",""
