2024-12-27 13:13:57,159:WARNING:
'cuml' is a soft dependency and not included in the pycaret installation. Please run: `pip install cuml` to install.
2024-12-27 13:13:57,159:WARNING:
'cuml' is a soft dependency and not included in the pycaret installation. Please run: `pip install cuml` to install.
2024-12-27 13:13:57,159:WARNING:
'cuml' is a soft dependency and not included in the pycaret installation. Please run: `pip install cuml` to install.
2024-12-27 13:13:57,159:WARNING:
'cuml' is a soft dependency and not included in the pycaret installation. Please run: `pip install cuml` to install.
2024-12-27 13:13:57,387:WARNING:C:\Users\yashu\anaconda3\envs\env_linear_regression\lib\site-packages\flaml\__init__.py:20: UserWarning: flaml.automl is not available. Please install flaml[automl] to enable AutoML functionalities.
  warnings.warn("flaml.automl is not available. Please install flaml[automl] to enable AutoML functionalities.")

2024-12-27 14:47:31,899:WARNING:
'cuml' is a soft dependency and not included in the pycaret installation. Please run: `pip install cuml` to install.
2024-12-27 14:47:31,900:WARNING:
'cuml' is a soft dependency and not included in the pycaret installation. Please run: `pip install cuml` to install.
2024-12-27 14:47:31,900:WARNING:
'cuml' is a soft dependency and not included in the pycaret installation. Please run: `pip install cuml` to install.
2024-12-27 14:47:31,900:WARNING:
'cuml' is a soft dependency and not included in the pycaret installation. Please run: `pip install cuml` to install.
2024-12-27 15:12:35,461:WARNING:
'cuml' is a soft dependency and not included in the pycaret installation. Please run: `pip install cuml` to install.
2024-12-27 15:12:35,463:WARNING:
'cuml' is a soft dependency and not included in the pycaret installation. Please run: `pip install cuml` to install.
2024-12-27 15:12:35,463:WARNING:
'cuml' is a soft dependency and not included in the pycaret installation. Please run: `pip install cuml` to install.
2024-12-27 15:12:35,463:WARNING:
'cuml' is a soft dependency and not included in the pycaret installation. Please run: `pip install cuml` to install.
2024-12-27 15:14:51,189:WARNING:
'cuml' is a soft dependency and not included in the pycaret installation. Please run: `pip install cuml` to install.
2024-12-27 15:14:51,190:WARNING:
'cuml' is a soft dependency and not included in the pycaret installation. Please run: `pip install cuml` to install.
2024-12-27 15:14:51,190:WARNING:
'cuml' is a soft dependency and not included in the pycaret installation. Please run: `pip install cuml` to install.
2024-12-27 15:14:51,190:WARNING:
'cuml' is a soft dependency and not included in the pycaret installation. Please run: `pip install cuml` to install.
2024-12-27 15:18:29,266:WARNING:
'cuml' is a soft dependency and not included in the pycaret installation. Please run: `pip install cuml` to install.
2024-12-27 15:18:29,266:WARNING:
'cuml' is a soft dependency and not included in the pycaret installation. Please run: `pip install cuml` to install.
2024-12-27 15:18:29,266:WARNING:
'cuml' is a soft dependency and not included in the pycaret installation. Please run: `pip install cuml` to install.
2024-12-27 15:18:29,266:WARNING:
'cuml' is a soft dependency and not included in the pycaret installation. Please run: `pip install cuml` to install.
2024-12-27 15:18:29,515:WARNING:C:\Users\yashu\anaconda3\envs\env_linear_regression\lib\site-packages\flaml\__init__.py:20: UserWarning: flaml.automl is not available. Please install flaml[automl] to enable AutoML functionalities.
  warnings.warn("flaml.automl is not available. Please install flaml[automl] to enable AutoML functionalities.")

2024-12-27 15:21:47,281:WARNING:
'cuml' is a soft dependency and not included in the pycaret installation. Please run: `pip install cuml` to install.
2024-12-27 15:21:47,282:WARNING:
'cuml' is a soft dependency and not included in the pycaret installation. Please run: `pip install cuml` to install.
2024-12-27 15:21:47,282:WARNING:
'cuml' is a soft dependency and not included in the pycaret installation. Please run: `pip install cuml` to install.
2024-12-27 15:21:47,282:WARNING:
'cuml' is a soft dependency and not included in the pycaret installation. Please run: `pip install cuml` to install.
2024-12-27 15:22:34,326:WARNING:
'cuml' is a soft dependency and not included in the pycaret installation. Please run: `pip install cuml` to install.
2024-12-27 15:22:34,327:WARNING:
'cuml' is a soft dependency and not included in the pycaret installation. Please run: `pip install cuml` to install.
2024-12-27 15:22:34,327:WARNING:
'cuml' is a soft dependency and not included in the pycaret installation. Please run: `pip install cuml` to install.
2024-12-27 15:22:34,327:WARNING:
'cuml' is a soft dependency and not included in the pycaret installation. Please run: `pip install cuml` to install.
2024-12-27 15:22:34,827:INFO:PyCaret RegressionExperiment
2024-12-27 15:22:34,828:INFO:Logging name: reg-default-name
2024-12-27 15:22:34,828:INFO:ML Usecase: MLUsecase.REGRESSION
2024-12-27 15:22:34,828:INFO:version 3.0.4
2024-12-27 15:22:34,828:INFO:Initializing setup()
2024-12-27 15:22:34,828:INFO:self.USI: d578
2024-12-27 15:22:34,828:INFO:self._variable_keys: {'X_train', '_ml_usecase', 'exp_id', 'y_train', 'USI', 'logging_param', 'exp_name_log', 'y_test', 'target_param', 'X', 'X_test', 'transform_target_param', 'seed', 'gpu_n_jobs_param', 'idx', 'fold_shuffle_param', 'n_jobs_param', 'data', 'html_param', 'pipeline', 'fold_groups_param', 'log_plots_param', '_available_plots', 'fold_generator', 'gpu_param', 'y', 'memory'}
2024-12-27 15:22:34,828:INFO:Checking environment
2024-12-27 15:22:34,828:INFO:python_version: 3.10.16
2024-12-27 15:22:34,828:INFO:python_build: ('main', 'Dec  5 2024 14:07:43')
2024-12-27 15:22:34,828:INFO:machine: AMD64
2024-12-27 15:22:34,845:INFO:platform: Windows-10-10.0.26100-SP0
2024-12-27 15:22:34,851:INFO:Memory: svmem(total=7893946368, available=1266831360, percent=84.0, used=6627115008, free=1266831360)
2024-12-27 15:22:34,851:INFO:Physical Core: 6
2024-12-27 15:22:34,851:INFO:Logical Core: 12
2024-12-27 15:22:34,851:INFO:Checking libraries
2024-12-27 15:22:34,851:INFO:System:
2024-12-27 15:22:34,851:INFO:    python: 3.10.16 | packaged by conda-forge | (main, Dec  5 2024, 14:07:43) [MSC v.1942 64 bit (AMD64)]
2024-12-27 15:22:34,851:INFO:executable: C:\Users\yashu\anaconda3\envs\env_linear_regression\python.exe
2024-12-27 15:22:34,851:INFO:   machine: Windows-10-10.0.26100-SP0
2024-12-27 15:22:34,851:INFO:PyCaret required dependencies:
2024-12-27 15:22:34,852:INFO:                 pip: 24.3.1
2024-12-27 15:22:34,852:INFO:          setuptools: 75.6.0
2024-12-27 15:22:34,852:INFO:             pycaret: 3.0.4
2024-12-27 15:22:34,852:INFO:             IPython: 8.31.0
2024-12-27 15:22:34,852:INFO:          ipywidgets: 8.1.5
2024-12-27 15:22:34,852:INFO:                tqdm: 4.67.1
2024-12-27 15:22:34,852:INFO:               numpy: 1.23.5
2024-12-27 15:22:34,852:INFO:              pandas: 1.5.3
2024-12-27 15:22:34,852:INFO:              jinja2: 3.1.5
2024-12-27 15:22:34,852:INFO:               scipy: 1.9.3
2024-12-27 15:22:34,852:INFO:              joblib: 1.2.0
2024-12-27 15:22:34,852:INFO:             sklearn: 1.2.2
2024-12-27 15:22:34,853:INFO:                pyod: 2.0.2
2024-12-27 15:22:34,853:INFO:            imblearn: 0.12.4
2024-12-27 15:22:34,853:INFO:   category_encoders: 2.6.4
2024-12-27 15:22:34,853:INFO:            lightgbm: 4.5.0
2024-12-27 15:22:34,853:INFO:               numba: 0.60.0
2024-12-27 15:22:34,853:INFO:            requests: 2.32.3
2024-12-27 15:22:34,853:INFO:          matplotlib: 3.10.0
2024-12-27 15:22:34,853:INFO:          scikitplot: 0.3.7
2024-12-27 15:22:34,853:INFO:         yellowbrick: 1.5
2024-12-27 15:22:34,853:INFO:              plotly: 5.24.1
2024-12-27 15:22:34,853:INFO:    plotly-resampler: Not installed
2024-12-27 15:22:34,853:INFO:             kaleido: 0.2.1
2024-12-27 15:22:34,853:INFO:           schemdraw: 0.15
2024-12-27 15:22:34,853:INFO:         statsmodels: 0.14.4
2024-12-27 15:22:34,853:INFO:              sktime: 0.21.1
2024-12-27 15:22:34,853:INFO:               tbats: 1.1.3
2024-12-27 15:22:34,853:INFO:            pmdarima: 2.0.4
2024-12-27 15:22:34,853:INFO:              psutil: 6.1.0
2024-12-27 15:22:34,853:INFO:          markupsafe: 3.0.2
2024-12-27 15:22:34,853:INFO:             pickle5: Not installed
2024-12-27 15:22:34,853:INFO:         cloudpickle: 3.1.0
2024-12-27 15:22:34,853:INFO:         deprecation: 2.1.0
2024-12-27 15:22:34,853:INFO:              xxhash: 3.5.0
2024-12-27 15:22:34,853:INFO:           wurlitzer: 3.1.1
2024-12-27 15:22:34,853:INFO:PyCaret optional dependencies:
2024-12-27 15:22:34,865:INFO:                shap: Not installed
2024-12-27 15:22:34,865:INFO:           interpret: Not installed
2024-12-27 15:22:34,865:INFO:                umap: 0.5.7
2024-12-27 15:22:34,865:INFO:    pandas_profiling: Not installed
2024-12-27 15:22:34,865:INFO:  explainerdashboard: Not installed
2024-12-27 15:22:34,865:INFO:             autoviz: Not installed
2024-12-27 15:22:34,865:INFO:           fairlearn: Not installed
2024-12-27 15:22:34,865:INFO:          deepchecks: Not installed
2024-12-27 15:22:34,865:INFO:             xgboost: 2.1.3
2024-12-27 15:22:34,865:INFO:            catboost: Not installed
2024-12-27 15:22:34,865:INFO:              kmodes: Not installed
2024-12-27 15:22:34,865:INFO:             mlxtend: Not installed
2024-12-27 15:22:34,865:INFO:       statsforecast: Not installed
2024-12-27 15:22:34,865:INFO:        tune_sklearn: Not installed
2024-12-27 15:22:34,865:INFO:                 ray: Not installed
2024-12-27 15:22:34,865:INFO:            hyperopt: Not installed
2024-12-27 15:22:34,865:INFO:              optuna: Not installed
2024-12-27 15:22:34,866:INFO:               skopt: Not installed
2024-12-27 15:22:34,866:INFO:              mlflow: 2.19.0
2024-12-27 15:22:34,866:INFO:              gradio: Not installed
2024-12-27 15:22:34,866:INFO:             fastapi: Not installed
2024-12-27 15:22:34,866:INFO:             uvicorn: Not installed
2024-12-27 15:22:34,866:INFO:              m2cgen: Not installed
2024-12-27 15:22:34,866:INFO:           evidently: Not installed
2024-12-27 15:22:34,866:INFO:               fugue: Not installed
2024-12-27 15:22:34,866:INFO:           streamlit: Not installed
2024-12-27 15:22:34,866:INFO:             prophet: Not installed
2024-12-27 15:22:34,866:INFO:None
2024-12-27 15:22:34,866:INFO:Set up data.
2024-12-27 15:22:34,877:INFO:Set up train/test split.
2024-12-27 15:22:34,881:INFO:Set up index.
2024-12-27 15:22:34,882:INFO:Set up folding strategy.
2024-12-27 15:22:34,882:INFO:Assigning column types.
2024-12-27 15:22:34,884:INFO:Engine successfully changes for model 'lr' to 'sklearn'.
2024-12-27 15:22:34,886:INFO:Engine for model 'lasso' has not been set explicitly, hence returning None.
2024-12-27 15:22:34,890:INFO:Engine for model 'ridge' has not been set explicitly, hence returning None.
2024-12-27 15:22:34,893:INFO:Engine for model 'en' has not been set explicitly, hence returning None.
2024-12-27 15:22:34,945:INFO:Engine for model 'svm' has not been set explicitly, hence returning None.
2024-12-27 15:22:34,984:INFO:Engine for model 'knn' has not been set explicitly, hence returning None.
2024-12-27 15:22:34,985:INFO:Soft dependency imported: xgboost: 2.1.3
2024-12-27 15:22:34,987:WARNING:
'catboost' is a soft dependency and not included in the pycaret installation. Please run: `pip install catboost` to install.
Alternately, you can install this by running `pip install pycaret[models]`
2024-12-27 15:22:34,988:INFO:Engine for model 'lasso' has not been set explicitly, hence returning None.
2024-12-27 15:22:34,992:INFO:Engine for model 'ridge' has not been set explicitly, hence returning None.
2024-12-27 15:22:34,996:INFO:Engine for model 'en' has not been set explicitly, hence returning None.
2024-12-27 15:22:35,047:INFO:Engine for model 'svm' has not been set explicitly, hence returning None.
2024-12-27 15:22:35,085:INFO:Engine for model 'knn' has not been set explicitly, hence returning None.
2024-12-27 15:22:35,086:INFO:Soft dependency imported: xgboost: 2.1.3
2024-12-27 15:22:35,088:WARNING:
'catboost' is a soft dependency and not included in the pycaret installation. Please run: `pip install catboost` to install.
Alternately, you can install this by running `pip install pycaret[models]`
2024-12-27 15:22:35,089:INFO:Engine successfully changes for model 'lasso' to 'sklearn'.
2024-12-27 15:22:35,093:INFO:Engine for model 'ridge' has not been set explicitly, hence returning None.
2024-12-27 15:22:35,097:INFO:Engine for model 'en' has not been set explicitly, hence returning None.
2024-12-27 15:22:35,147:INFO:Engine for model 'svm' has not been set explicitly, hence returning None.
2024-12-27 15:22:35,186:INFO:Engine for model 'knn' has not been set explicitly, hence returning None.
2024-12-27 15:22:35,188:INFO:Soft dependency imported: xgboost: 2.1.3
2024-12-27 15:22:35,190:WARNING:
'catboost' is a soft dependency and not included in the pycaret installation. Please run: `pip install catboost` to install.
Alternately, you can install this by running `pip install pycaret[models]`
2024-12-27 15:22:35,194:INFO:Engine for model 'ridge' has not been set explicitly, hence returning None.
2024-12-27 15:22:35,198:INFO:Engine for model 'en' has not been set explicitly, hence returning None.
2024-12-27 15:22:35,249:INFO:Engine for model 'svm' has not been set explicitly, hence returning None.
2024-12-27 15:22:35,288:INFO:Engine for model 'knn' has not been set explicitly, hence returning None.
2024-12-27 15:22:35,288:INFO:Soft dependency imported: xgboost: 2.1.3
2024-12-27 15:22:35,291:WARNING:
'catboost' is a soft dependency and not included in the pycaret installation. Please run: `pip install catboost` to install.
Alternately, you can install this by running `pip install pycaret[models]`
2024-12-27 15:22:35,291:INFO:Engine successfully changes for model 'ridge' to 'sklearn'.
2024-12-27 15:22:35,299:INFO:Engine for model 'en' has not been set explicitly, hence returning None.
2024-12-27 15:22:35,352:INFO:Engine for model 'svm' has not been set explicitly, hence returning None.
2024-12-27 15:22:35,391:INFO:Engine for model 'knn' has not been set explicitly, hence returning None.
2024-12-27 15:22:35,392:INFO:Soft dependency imported: xgboost: 2.1.3
2024-12-27 15:22:35,394:WARNING:
'catboost' is a soft dependency and not included in the pycaret installation. Please run: `pip install catboost` to install.
Alternately, you can install this by running `pip install pycaret[models]`
2024-12-27 15:22:35,402:INFO:Engine for model 'en' has not been set explicitly, hence returning None.
2024-12-27 15:22:35,452:INFO:Engine for model 'svm' has not been set explicitly, hence returning None.
2024-12-27 15:22:35,491:INFO:Engine for model 'knn' has not been set explicitly, hence returning None.
2024-12-27 15:22:35,491:INFO:Soft dependency imported: xgboost: 2.1.3
2024-12-27 15:22:35,494:WARNING:
'catboost' is a soft dependency and not included in the pycaret installation. Please run: `pip install catboost` to install.
Alternately, you can install this by running `pip install pycaret[models]`
2024-12-27 15:22:35,494:INFO:Engine successfully changes for model 'en' to 'sklearn'.
2024-12-27 15:22:35,553:INFO:Engine for model 'svm' has not been set explicitly, hence returning None.
2024-12-27 15:22:35,591:INFO:Engine for model 'knn' has not been set explicitly, hence returning None.
2024-12-27 15:22:35,592:INFO:Soft dependency imported: xgboost: 2.1.3
2024-12-27 15:22:35,594:WARNING:
'catboost' is a soft dependency and not included in the pycaret installation. Please run: `pip install catboost` to install.
Alternately, you can install this by running `pip install pycaret[models]`
2024-12-27 15:22:35,652:INFO:Engine for model 'svm' has not been set explicitly, hence returning None.
2024-12-27 15:22:35,690:INFO:Engine for model 'knn' has not been set explicitly, hence returning None.
2024-12-27 15:22:35,690:INFO:Soft dependency imported: xgboost: 2.1.3
2024-12-27 15:22:35,693:WARNING:
'catboost' is a soft dependency and not included in the pycaret installation. Please run: `pip install catboost` to install.
Alternately, you can install this by running `pip install pycaret[models]`
2024-12-27 15:22:35,693:INFO:Engine successfully changes for model 'knn' to 'sklearn'.
2024-12-27 15:22:35,755:INFO:Engine for model 'svm' has not been set explicitly, hence returning None.
2024-12-27 15:22:35,798:INFO:Soft dependency imported: xgboost: 2.1.3
2024-12-27 15:22:35,800:WARNING:
'catboost' is a soft dependency and not included in the pycaret installation. Please run: `pip install catboost` to install.
Alternately, you can install this by running `pip install pycaret[models]`
2024-12-27 15:22:35,858:INFO:Engine for model 'svm' has not been set explicitly, hence returning None.
2024-12-27 15:22:35,896:INFO:Soft dependency imported: xgboost: 2.1.3
2024-12-27 15:22:35,899:WARNING:
'catboost' is a soft dependency and not included in the pycaret installation. Please run: `pip install catboost` to install.
Alternately, you can install this by running `pip install pycaret[models]`
2024-12-27 15:22:35,899:INFO:Engine successfully changes for model 'svm' to 'sklearn'.
2024-12-27 15:22:36,002:INFO:Soft dependency imported: xgboost: 2.1.3
2024-12-27 15:22:36,004:WARNING:
'catboost' is a soft dependency and not included in the pycaret installation. Please run: `pip install catboost` to install.
Alternately, you can install this by running `pip install pycaret[models]`
2024-12-27 15:22:36,103:INFO:Soft dependency imported: xgboost: 2.1.3
2024-12-27 15:22:36,106:WARNING:
'catboost' is a soft dependency and not included in the pycaret installation. Please run: `pip install catboost` to install.
Alternately, you can install this by running `pip install pycaret[models]`
2024-12-27 15:22:36,108:INFO:Preparing preprocessing pipeline...
2024-12-27 15:22:36,108:INFO:Set up simple imputation.
2024-12-27 15:22:36,154:INFO:Finished creating preprocessing pipeline.
2024-12-27 15:22:36,158:INFO:Pipeline: Pipeline(memory=FastMemory(location=C:\Users\yashu\AppData\Local\Temp\joblib),
         steps=[('numerical_imputer',
                 TransformerWrapper(include=['crim', 'zn', 'indus', 'chas',
                                             'nox', 'rm', 'age', 'dis', 'rad',
                                             'tax', 'ptratio', 'b', 'lstat'],
                                    transformer=SimpleImputer())),
                ('categorical_imputer',
                 TransformerWrapper(include=[],
                                    transformer=SimpleImputer(strategy='most_frequent')))])
2024-12-27 15:22:36,159:INFO:Creating final display dataframe.
2024-12-27 15:22:36,231:INFO:Setup _display_container:                     Description             Value
0                    Session id               123
1                        Target              medv
2                   Target type        Regression
3           Original data shape         (506, 14)
4        Transformed data shape         (506, 14)
5   Transformed train set shape         (354, 14)
6    Transformed test set shape         (152, 14)
7              Numeric features                13
8                    Preprocess              True
9               Imputation type            simple
10           Numeric imputation              mean
11       Categorical imputation              mode
12               Fold Generator             KFold
13                  Fold Number                10
14                     CPU Jobs                -1
15                      Use GPU             False
16               Log Experiment             False
17              Experiment Name  reg-default-name
18                          USI              d578
2024-12-27 15:22:36,330:INFO:Soft dependency imported: xgboost: 2.1.3
2024-12-27 15:22:36,333:WARNING:
'catboost' is a soft dependency and not included in the pycaret installation. Please run: `pip install catboost` to install.
Alternately, you can install this by running `pip install pycaret[models]`
2024-12-27 15:22:36,432:INFO:Soft dependency imported: xgboost: 2.1.3
2024-12-27 15:22:36,434:WARNING:
'catboost' is a soft dependency and not included in the pycaret installation. Please run: `pip install catboost` to install.
Alternately, you can install this by running `pip install pycaret[models]`
2024-12-27 15:22:36,435:INFO:setup() successfully completed in 1.7s...............
2024-12-27 15:22:36,436:INFO:Initializing compare_models()
2024-12-27 15:22:36,436:INFO:compare_models(self=<pycaret.regression.oop.RegressionExperiment object at 0x0000022FEC2A26E0>, include=['lr'], fold=None, round=4, cross_validation=True, sort=R2, n_select=1, budget_time=None, turbo=True, errors=ignore, fit_kwargs=None, groups=None, experiment_custom_tags=None, probability_threshold=None, verbose=True, parallel=None, caller_params={'self': <pycaret.regression.oop.RegressionExperiment object at 0x0000022FEC2A26E0>, 'include': ['lr'], 'exclude': None, 'fold': None, 'round': 4, 'cross_validation': True, 'sort': 'R2', 'n_select': 1, 'budget_time': None, 'turbo': True, 'errors': 'ignore', 'fit_kwargs': None, 'groups': None, 'experiment_custom_tags': None, 'engine': None, 'verbose': True, 'parallel': None, '__class__': <class 'pycaret.regression.oop.RegressionExperiment'>}, exclude=None)
2024-12-27 15:22:36,436:INFO:Checking exceptions
2024-12-27 15:22:36,437:INFO:Preparing display monitor
2024-12-27 15:22:36,441:INFO:Initializing Linear Regression
2024-12-27 15:22:36,441:INFO:Total runtime is 0.0 minutes
2024-12-27 15:22:36,441:INFO:SubProcess create_model() called ==================================
2024-12-27 15:22:36,442:INFO:Initializing create_model()
2024-12-27 15:22:36,442:INFO:create_model(self=<pycaret.regression.oop.RegressionExperiment object at 0x0000022FEC2A26E0>, estimator=lr, fold=KFold(n_splits=10, random_state=None, shuffle=False), round=4, cross_validation=True, predict=True, fit_kwargs={}, groups=None, refit=False, probability_threshold=None, experiment_custom_tags=None, verbose=False, system=False, add_to_model_list=True, metrics=None, display=<pycaret.internal.display.display.CommonDisplay object at 0x0000022FF4E53010>, model_only=True, return_train_score=False, kwargs={})
2024-12-27 15:22:36,442:INFO:Checking exceptions
2024-12-27 15:22:36,442:INFO:Importing libraries
2024-12-27 15:22:36,442:INFO:Copying training dataset
2024-12-27 15:22:36,445:INFO:Defining folds
2024-12-27 15:22:36,445:INFO:Declaring metric variables
2024-12-27 15:22:36,445:INFO:Importing untrained model
2024-12-27 15:22:36,445:INFO:Linear Regression Imported successfully
2024-12-27 15:22:36,445:INFO:Starting cross validation
2024-12-27 15:22:36,452:INFO:Cross validating with KFold(n_splits=10, random_state=None, shuffle=False), n_jobs=-1
2024-12-27 15:22:42,642:INFO:Calculating mean and std
2024-12-27 15:22:42,646:INFO:Creating metrics dataframe
2024-12-27 15:22:42,663:INFO:Uploading results into container
2024-12-27 15:22:42,665:INFO:Uploading model into container now
2024-12-27 15:22:42,666:INFO:_master_model_container: 1
2024-12-27 15:22:42,666:INFO:_display_container: 2
2024-12-27 15:22:42,667:INFO:LinearRegression(n_jobs=-1)
2024-12-27 15:22:42,667:INFO:create_model() successfully completed......................................
2024-12-27 15:22:42,896:INFO:SubProcess create_model() end ==================================
2024-12-27 15:22:42,897:INFO:Creating metrics dataframe
2024-12-27 15:22:42,906:INFO:Initializing create_model()
2024-12-27 15:22:42,906:INFO:create_model(self=<pycaret.regression.oop.RegressionExperiment object at 0x0000022FEC2A26E0>, estimator=LinearRegression(n_jobs=-1), fold=KFold(n_splits=10, random_state=None, shuffle=False), round=4, cross_validation=False, predict=False, fit_kwargs={}, groups=None, refit=True, probability_threshold=None, experiment_custom_tags=None, verbose=False, system=False, add_to_model_list=True, metrics=None, display=None, model_only=True, return_train_score=False, kwargs={})
2024-12-27 15:22:42,906:INFO:Checking exceptions
2024-12-27 15:22:42,907:INFO:Importing libraries
2024-12-27 15:22:42,907:INFO:Copying training dataset
2024-12-27 15:22:42,910:INFO:Defining folds
2024-12-27 15:22:42,910:INFO:Declaring metric variables
2024-12-27 15:22:42,910:INFO:Importing untrained model
2024-12-27 15:22:42,911:INFO:Declaring custom model
2024-12-27 15:22:42,911:INFO:Linear Regression Imported successfully
2024-12-27 15:22:42,912:INFO:Cross validation set to False
2024-12-27 15:22:42,912:INFO:Fitting Model
2024-12-27 15:22:43,085:INFO:LinearRegression(n_jobs=-1)
2024-12-27 15:22:43,085:INFO:create_model() successfully completed......................................
2024-12-27 15:22:43,350:INFO:_master_model_container: 1
2024-12-27 15:22:43,350:INFO:_display_container: 2
2024-12-27 15:22:43,350:INFO:LinearRegression(n_jobs=-1)
2024-12-27 15:22:43,352:INFO:compare_models() successfully completed......................................
2024-12-27 15:33:47,503:WARNING:
'cuml' is a soft dependency and not included in the pycaret installation. Please run: `pip install cuml` to install.
2024-12-27 15:33:47,504:WARNING:
'cuml' is a soft dependency and not included in the pycaret installation. Please run: `pip install cuml` to install.
2024-12-27 15:33:47,504:WARNING:
'cuml' is a soft dependency and not included in the pycaret installation. Please run: `pip install cuml` to install.
2024-12-27 15:33:47,504:WARNING:
'cuml' is a soft dependency and not included in the pycaret installation. Please run: `pip install cuml` to install.
2024-12-27 15:35:14,558:WARNING:
'cuml' is a soft dependency and not included in the pycaret installation. Please run: `pip install cuml` to install.
2024-12-27 15:35:14,559:WARNING:
'cuml' is a soft dependency and not included in the pycaret installation. Please run: `pip install cuml` to install.
2024-12-27 15:35:14,559:WARNING:
'cuml' is a soft dependency and not included in the pycaret installation. Please run: `pip install cuml` to install.
2024-12-27 15:35:14,559:WARNING:
'cuml' is a soft dependency and not included in the pycaret installation. Please run: `pip install cuml` to install.
2024-12-27 15:35:15,128:INFO:PyCaret RegressionExperiment
2024-12-27 15:35:15,128:INFO:Logging name: reg-default-name
2024-12-27 15:35:15,128:INFO:ML Usecase: MLUsecase.REGRESSION
2024-12-27 15:35:15,128:INFO:version 3.0.4
2024-12-27 15:35:15,128:INFO:Initializing setup()
2024-12-27 15:35:15,129:INFO:self.USI: 5693
2024-12-27 15:35:15,129:INFO:self._variable_keys: {'transform_target_param', 'logging_param', 'fold_shuffle_param', 'data', 'y_train', 'n_jobs_param', 'X_train', 'log_plots_param', 'seed', 'gpu_param', 'idx', 'USI', 'fold_generator', 'y_test', 'y', 'html_param', 'gpu_n_jobs_param', 'target_param', 'exp_id', 'pipeline', 'fold_groups_param', 'X', 'exp_name_log', 'memory', '_available_plots', '_ml_usecase', 'X_test'}
2024-12-27 15:35:15,129:INFO:Checking environment
2024-12-27 15:35:15,129:INFO:python_version: 3.10.16
2024-12-27 15:35:15,129:INFO:python_build: ('main', 'Dec  5 2024 14:07:43')
2024-12-27 15:35:15,129:INFO:machine: AMD64
2024-12-27 15:35:15,140:INFO:platform: Windows-10-10.0.26100-SP0
2024-12-27 15:35:15,147:INFO:Memory: svmem(total=7893946368, available=1496481792, percent=81.0, used=6397464576, free=1496481792)
2024-12-27 15:35:15,147:INFO:Physical Core: 6
2024-12-27 15:35:15,147:INFO:Logical Core: 12
2024-12-27 15:35:15,147:INFO:Checking libraries
2024-12-27 15:35:15,147:INFO:System:
2024-12-27 15:35:15,148:INFO:    python: 3.10.16 | packaged by conda-forge | (main, Dec  5 2024, 14:07:43) [MSC v.1942 64 bit (AMD64)]
2024-12-27 15:35:15,148:INFO:executable: C:\Users\yashu\anaconda3\envs\env_linear_regression\python.exe
2024-12-27 15:35:15,148:INFO:   machine: Windows-10-10.0.26100-SP0
2024-12-27 15:35:15,148:INFO:PyCaret required dependencies:
2024-12-27 15:35:15,149:INFO:                 pip: 24.3.1
2024-12-27 15:35:15,149:INFO:          setuptools: 75.6.0
2024-12-27 15:35:15,149:INFO:             pycaret: 3.0.4
2024-12-27 15:35:15,149:INFO:             IPython: 8.31.0
2024-12-27 15:35:15,149:INFO:          ipywidgets: 8.1.5
2024-12-27 15:35:15,149:INFO:                tqdm: 4.67.1
2024-12-27 15:35:15,149:INFO:               numpy: 1.23.5
2024-12-27 15:35:15,149:INFO:              pandas: 1.5.3
2024-12-27 15:35:15,149:INFO:              jinja2: 3.1.5
2024-12-27 15:35:15,149:INFO:               scipy: 1.9.3
2024-12-27 15:35:15,149:INFO:              joblib: 1.2.0
2024-12-27 15:35:15,149:INFO:             sklearn: 1.2.2
2024-12-27 15:35:15,149:INFO:                pyod: 2.0.2
2024-12-27 15:35:15,149:INFO:            imblearn: 0.12.4
2024-12-27 15:35:15,149:INFO:   category_encoders: 2.6.4
2024-12-27 15:35:15,149:INFO:            lightgbm: 4.5.0
2024-12-27 15:35:15,149:INFO:               numba: 0.60.0
2024-12-27 15:35:15,150:INFO:            requests: 2.32.3
2024-12-27 15:35:15,150:INFO:          matplotlib: 3.10.0
2024-12-27 15:35:15,150:INFO:          scikitplot: 0.3.7
2024-12-27 15:35:15,150:INFO:         yellowbrick: 1.5
2024-12-27 15:35:15,150:INFO:              plotly: 5.24.1
2024-12-27 15:35:15,150:INFO:    plotly-resampler: Not installed
2024-12-27 15:35:15,150:INFO:             kaleido: 0.2.1
2024-12-27 15:35:15,150:INFO:           schemdraw: 0.15
2024-12-27 15:35:15,150:INFO:         statsmodels: 0.14.4
2024-12-27 15:35:15,150:INFO:              sktime: 0.21.1
2024-12-27 15:35:15,150:INFO:               tbats: 1.1.3
2024-12-27 15:35:15,150:INFO:            pmdarima: 2.0.4
2024-12-27 15:35:15,150:INFO:              psutil: 6.1.0
2024-12-27 15:35:15,150:INFO:          markupsafe: 3.0.2
2024-12-27 15:35:15,150:INFO:             pickle5: Not installed
2024-12-27 15:35:15,150:INFO:         cloudpickle: 3.1.0
2024-12-27 15:35:15,150:INFO:         deprecation: 2.1.0
2024-12-27 15:35:15,150:INFO:              xxhash: 3.5.0
2024-12-27 15:35:15,150:INFO:           wurlitzer: 3.1.1
2024-12-27 15:35:15,150:INFO:PyCaret optional dependencies:
2024-12-27 15:35:15,162:INFO:                shap: Not installed
2024-12-27 15:35:15,162:INFO:           interpret: Not installed
2024-12-27 15:35:15,162:INFO:                umap: 0.5.7
2024-12-27 15:35:15,162:INFO:    pandas_profiling: Not installed
2024-12-27 15:35:15,162:INFO:  explainerdashboard: Not installed
2024-12-27 15:35:15,162:INFO:             autoviz: Not installed
2024-12-27 15:35:15,162:INFO:           fairlearn: Not installed
2024-12-27 15:35:15,162:INFO:          deepchecks: Not installed
2024-12-27 15:35:15,162:INFO:             xgboost: 2.1.3
2024-12-27 15:35:15,162:INFO:            catboost: Not installed
2024-12-27 15:35:15,162:INFO:              kmodes: Not installed
2024-12-27 15:35:15,162:INFO:             mlxtend: Not installed
2024-12-27 15:35:15,162:INFO:       statsforecast: Not installed
2024-12-27 15:35:15,163:INFO:        tune_sklearn: Not installed
2024-12-27 15:35:15,163:INFO:                 ray: Not installed
2024-12-27 15:35:15,163:INFO:            hyperopt: Not installed
2024-12-27 15:35:15,163:INFO:              optuna: 4.1.0
2024-12-27 15:35:15,163:INFO:               skopt: Not installed
2024-12-27 15:35:15,163:INFO:              mlflow: 2.19.0
2024-12-27 15:35:15,163:INFO:              gradio: Not installed
2024-12-27 15:35:15,163:INFO:             fastapi: Not installed
2024-12-27 15:35:15,163:INFO:             uvicorn: Not installed
2024-12-27 15:35:15,163:INFO:              m2cgen: Not installed
2024-12-27 15:35:15,163:INFO:           evidently: Not installed
2024-12-27 15:35:15,163:INFO:               fugue: Not installed
2024-12-27 15:35:15,163:INFO:           streamlit: Not installed
2024-12-27 15:35:15,163:INFO:             prophet: Not installed
2024-12-27 15:35:15,163:INFO:None
2024-12-27 15:35:15,163:INFO:Set up data.
2024-12-27 15:35:15,170:INFO:Set up train/test split.
2024-12-27 15:35:15,174:INFO:Set up index.
2024-12-27 15:35:15,175:INFO:Set up folding strategy.
2024-12-27 15:35:15,175:INFO:Assigning column types.
2024-12-27 15:35:15,177:INFO:Engine successfully changes for model 'lr' to 'sklearn'.
2024-12-27 15:35:15,178:INFO:Engine for model 'lasso' has not been set explicitly, hence returning None.
2024-12-27 15:35:15,182:INFO:Engine for model 'ridge' has not been set explicitly, hence returning None.
2024-12-27 15:35:15,186:INFO:Engine for model 'en' has not been set explicitly, hence returning None.
2024-12-27 15:35:15,238:INFO:Engine for model 'svm' has not been set explicitly, hence returning None.
2024-12-27 15:35:15,277:INFO:Engine for model 'knn' has not been set explicitly, hence returning None.
2024-12-27 15:35:15,278:INFO:Soft dependency imported: xgboost: 2.1.3
2024-12-27 15:35:15,280:WARNING:
'catboost' is a soft dependency and not included in the pycaret installation. Please run: `pip install catboost` to install.
Alternately, you can install this by running `pip install pycaret[models]`
2024-12-27 15:35:15,280:INFO:Engine for model 'lasso' has not been set explicitly, hence returning None.
2024-12-27 15:35:15,284:INFO:Engine for model 'ridge' has not been set explicitly, hence returning None.
2024-12-27 15:35:15,288:INFO:Engine for model 'en' has not been set explicitly, hence returning None.
2024-12-27 15:35:15,339:INFO:Engine for model 'svm' has not been set explicitly, hence returning None.
2024-12-27 15:35:15,378:INFO:Engine for model 'knn' has not been set explicitly, hence returning None.
2024-12-27 15:35:15,379:INFO:Soft dependency imported: xgboost: 2.1.3
2024-12-27 15:35:15,381:WARNING:
'catboost' is a soft dependency and not included in the pycaret installation. Please run: `pip install catboost` to install.
Alternately, you can install this by running `pip install pycaret[models]`
2024-12-27 15:35:15,381:INFO:Engine successfully changes for model 'lasso' to 'sklearn'.
2024-12-27 15:35:15,385:INFO:Engine for model 'ridge' has not been set explicitly, hence returning None.
2024-12-27 15:35:15,389:INFO:Engine for model 'en' has not been set explicitly, hence returning None.
2024-12-27 15:35:15,439:INFO:Engine for model 'svm' has not been set explicitly, hence returning None.
2024-12-27 15:35:15,478:INFO:Engine for model 'knn' has not been set explicitly, hence returning None.
2024-12-27 15:35:15,479:INFO:Soft dependency imported: xgboost: 2.1.3
2024-12-27 15:35:15,481:WARNING:
'catboost' is a soft dependency and not included in the pycaret installation. Please run: `pip install catboost` to install.
Alternately, you can install this by running `pip install pycaret[models]`
2024-12-27 15:35:15,485:INFO:Engine for model 'ridge' has not been set explicitly, hence returning None.
2024-12-27 15:35:15,489:INFO:Engine for model 'en' has not been set explicitly, hence returning None.
2024-12-27 15:35:15,539:INFO:Engine for model 'svm' has not been set explicitly, hence returning None.
2024-12-27 15:35:15,580:INFO:Engine for model 'knn' has not been set explicitly, hence returning None.
2024-12-27 15:35:15,581:INFO:Soft dependency imported: xgboost: 2.1.3
2024-12-27 15:35:15,583:WARNING:
'catboost' is a soft dependency and not included in the pycaret installation. Please run: `pip install catboost` to install.
Alternately, you can install this by running `pip install pycaret[models]`
2024-12-27 15:35:15,584:INFO:Engine successfully changes for model 'ridge' to 'sklearn'.
2024-12-27 15:35:15,591:INFO:Engine for model 'en' has not been set explicitly, hence returning None.
2024-12-27 15:35:15,641:INFO:Engine for model 'svm' has not been set explicitly, hence returning None.
2024-12-27 15:35:15,680:INFO:Engine for model 'knn' has not been set explicitly, hence returning None.
2024-12-27 15:35:15,680:INFO:Soft dependency imported: xgboost: 2.1.3
2024-12-27 15:35:15,682:WARNING:
'catboost' is a soft dependency and not included in the pycaret installation. Please run: `pip install catboost` to install.
Alternately, you can install this by running `pip install pycaret[models]`
2024-12-27 15:35:15,691:INFO:Engine for model 'en' has not been set explicitly, hence returning None.
2024-12-27 15:35:15,741:INFO:Engine for model 'svm' has not been set explicitly, hence returning None.
2024-12-27 15:35:15,779:INFO:Engine for model 'knn' has not been set explicitly, hence returning None.
2024-12-27 15:35:15,780:INFO:Soft dependency imported: xgboost: 2.1.3
2024-12-27 15:35:15,783:WARNING:
'catboost' is a soft dependency and not included in the pycaret installation. Please run: `pip install catboost` to install.
Alternately, you can install this by running `pip install pycaret[models]`
2024-12-27 15:35:15,783:INFO:Engine successfully changes for model 'en' to 'sklearn'.
2024-12-27 15:35:15,840:INFO:Engine for model 'svm' has not been set explicitly, hence returning None.
2024-12-27 15:35:15,880:INFO:Engine for model 'knn' has not been set explicitly, hence returning None.
2024-12-27 15:35:15,880:INFO:Soft dependency imported: xgboost: 2.1.3
2024-12-27 15:35:15,883:WARNING:
'catboost' is a soft dependency and not included in the pycaret installation. Please run: `pip install catboost` to install.
Alternately, you can install this by running `pip install pycaret[models]`
2024-12-27 15:35:15,952:INFO:Engine for model 'svm' has not been set explicitly, hence returning None.
2024-12-27 15:35:15,991:INFO:Engine for model 'knn' has not been set explicitly, hence returning None.
2024-12-27 15:35:15,992:INFO:Soft dependency imported: xgboost: 2.1.3
2024-12-27 15:35:15,994:WARNING:
'catboost' is a soft dependency and not included in the pycaret installation. Please run: `pip install catboost` to install.
Alternately, you can install this by running `pip install pycaret[models]`
2024-12-27 15:35:15,994:INFO:Engine successfully changes for model 'knn' to 'sklearn'.
2024-12-27 15:35:16,053:INFO:Engine for model 'svm' has not been set explicitly, hence returning None.
2024-12-27 15:35:16,091:INFO:Soft dependency imported: xgboost: 2.1.3
2024-12-27 15:35:16,094:WARNING:
'catboost' is a soft dependency and not included in the pycaret installation. Please run: `pip install catboost` to install.
Alternately, you can install this by running `pip install pycaret[models]`
2024-12-27 15:35:16,165:INFO:Engine for model 'svm' has not been set explicitly, hence returning None.
2024-12-27 15:35:16,203:INFO:Soft dependency imported: xgboost: 2.1.3
2024-12-27 15:35:16,206:WARNING:
'catboost' is a soft dependency and not included in the pycaret installation. Please run: `pip install catboost` to install.
Alternately, you can install this by running `pip install pycaret[models]`
2024-12-27 15:35:16,206:INFO:Engine successfully changes for model 'svm' to 'sklearn'.
2024-12-27 15:35:16,305:INFO:Soft dependency imported: xgboost: 2.1.3
2024-12-27 15:35:16,308:WARNING:
'catboost' is a soft dependency and not included in the pycaret installation. Please run: `pip install catboost` to install.
Alternately, you can install this by running `pip install pycaret[models]`
2024-12-27 15:35:16,402:INFO:Soft dependency imported: xgboost: 2.1.3
2024-12-27 15:35:16,405:WARNING:
'catboost' is a soft dependency and not included in the pycaret installation. Please run: `pip install catboost` to install.
Alternately, you can install this by running `pip install pycaret[models]`
2024-12-27 15:35:16,409:INFO:Preparing preprocessing pipeline...
2024-12-27 15:35:16,411:INFO:Set up simple imputation.
2024-12-27 15:35:16,432:INFO:Finished creating preprocessing pipeline.
2024-12-27 15:35:16,439:INFO:Pipeline: Pipeline(memory=FastMemory(location=C:\Users\yashu\AppData\Local\Temp\joblib),
         steps=[('numerical_imputer',
                 TransformerWrapper(include=['crim', 'zn', 'indus', 'chas',
                                             'nox', 'rm', 'age', 'dis', 'rad',
                                             'tax', 'ptratio', 'b', 'lstat'],
                                    transformer=SimpleImputer())),
                ('categorical_imputer',
                 TransformerWrapper(include=[],
                                    transformer=SimpleImputer(strategy='most_frequent')))])
2024-12-27 15:35:16,439:INFO:Creating final display dataframe.
2024-12-27 15:35:16,517:INFO:Setup _display_container:                     Description             Value
0                    Session id               123
1                        Target              medv
2                   Target type        Regression
3           Original data shape         (506, 14)
4        Transformed data shape         (506, 14)
5   Transformed train set shape         (354, 14)
6    Transformed test set shape         (152, 14)
7              Numeric features                13
8                    Preprocess              True
9               Imputation type            simple
10           Numeric imputation              mean
11       Categorical imputation              mode
12               Fold Generator             KFold
13                  Fold Number                10
14                     CPU Jobs                -1
15                      Use GPU             False
16               Log Experiment             False
17              Experiment Name  reg-default-name
18                          USI              5693
2024-12-27 15:35:16,659:INFO:Soft dependency imported: xgboost: 2.1.3
2024-12-27 15:35:16,664:WARNING:
'catboost' is a soft dependency and not included in the pycaret installation. Please run: `pip install catboost` to install.
Alternately, you can install this by running `pip install pycaret[models]`
2024-12-27 15:35:16,816:INFO:Soft dependency imported: xgboost: 2.1.3
2024-12-27 15:35:16,820:WARNING:
'catboost' is a soft dependency and not included in the pycaret installation. Please run: `pip install catboost` to install.
Alternately, you can install this by running `pip install pycaret[models]`
2024-12-27 15:35:16,821:INFO:setup() successfully completed in 1.7s...............
2024-12-27 15:35:16,821:INFO:Initializing compare_models()
2024-12-27 15:35:16,821:INFO:compare_models(self=<pycaret.regression.oop.RegressionExperiment object at 0x000002738D1EBBE0>, include=None, fold=None, round=4, cross_validation=True, sort=R2, n_select=1, budget_time=None, turbo=True, errors=ignore, fit_kwargs=None, groups=None, experiment_custom_tags=None, probability_threshold=None, verbose=True, parallel=None, caller_params={'self': <pycaret.regression.oop.RegressionExperiment object at 0x000002738D1EBBE0>, 'include': None, 'exclude': None, 'fold': None, 'round': 4, 'cross_validation': True, 'sort': 'R2', 'n_select': 1, 'budget_time': None, 'turbo': True, 'errors': 'ignore', 'fit_kwargs': None, 'groups': None, 'experiment_custom_tags': None, 'engine': None, 'verbose': True, 'parallel': None, '__class__': <class 'pycaret.regression.oop.RegressionExperiment'>}, exclude=None)
2024-12-27 15:35:16,821:INFO:Checking exceptions
2024-12-27 15:35:16,823:INFO:Preparing display monitor
2024-12-27 15:35:16,827:INFO:Initializing Linear Regression
2024-12-27 15:35:16,829:INFO:Total runtime is 2.095301946004232e-05 minutes
2024-12-27 15:35:16,829:INFO:SubProcess create_model() called ==================================
2024-12-27 15:35:16,829:INFO:Initializing create_model()
2024-12-27 15:35:16,829:INFO:create_model(self=<pycaret.regression.oop.RegressionExperiment object at 0x000002738D1EBBE0>, estimator=lr, fold=KFold(n_splits=10, random_state=None, shuffle=False), round=4, cross_validation=True, predict=True, fit_kwargs={}, groups=None, refit=False, probability_threshold=None, experiment_custom_tags=None, verbose=False, system=False, add_to_model_list=True, metrics=None, display=<pycaret.internal.display.display.CommonDisplay object at 0x000002739CC9A530>, model_only=True, return_train_score=False, kwargs={})
2024-12-27 15:35:16,829:INFO:Checking exceptions
2024-12-27 15:35:16,829:INFO:Importing libraries
2024-12-27 15:35:16,830:INFO:Copying training dataset
2024-12-27 15:35:16,833:INFO:Defining folds
2024-12-27 15:35:16,833:INFO:Declaring metric variables
2024-12-27 15:35:16,833:INFO:Importing untrained model
2024-12-27 15:35:16,834:INFO:Linear Regression Imported successfully
2024-12-27 15:35:16,834:INFO:Starting cross validation
2024-12-27 15:35:16,842:INFO:Cross validating with KFold(n_splits=10, random_state=None, shuffle=False), n_jobs=-1
2024-12-27 15:35:22,801:INFO:Calculating mean and std
2024-12-27 15:35:22,826:INFO:Creating metrics dataframe
2024-12-27 15:35:22,848:INFO:Uploading results into container
2024-12-27 15:35:22,851:INFO:Uploading model into container now
2024-12-27 15:35:22,863:INFO:_master_model_container: 1
2024-12-27 15:35:22,863:INFO:_display_container: 2
2024-12-27 15:35:22,864:INFO:LinearRegression(n_jobs=-1)
2024-12-27 15:35:22,864:INFO:create_model() successfully completed......................................
2024-12-27 15:35:23,082:INFO:SubProcess create_model() end ==================================
2024-12-27 15:35:23,082:INFO:Creating metrics dataframe
2024-12-27 15:35:23,089:INFO:Initializing Lasso Regression
2024-12-27 15:35:23,089:INFO:Total runtime is 0.10435196558634441 minutes
2024-12-27 15:35:23,089:INFO:SubProcess create_model() called ==================================
2024-12-27 15:35:23,089:INFO:Initializing create_model()
2024-12-27 15:35:23,089:INFO:create_model(self=<pycaret.regression.oop.RegressionExperiment object at 0x000002738D1EBBE0>, estimator=lasso, fold=KFold(n_splits=10, random_state=None, shuffle=False), round=4, cross_validation=True, predict=True, fit_kwargs={}, groups=None, refit=False, probability_threshold=None, experiment_custom_tags=None, verbose=False, system=False, add_to_model_list=True, metrics=None, display=<pycaret.internal.display.display.CommonDisplay object at 0x000002739CC9A530>, model_only=True, return_train_score=False, kwargs={})
2024-12-27 15:35:23,090:INFO:Checking exceptions
2024-12-27 15:35:23,090:INFO:Importing libraries
2024-12-27 15:35:23,090:INFO:Copying training dataset
2024-12-27 15:35:23,094:INFO:Defining folds
2024-12-27 15:35:23,094:INFO:Declaring metric variables
2024-12-27 15:35:23,094:INFO:Importing untrained model
2024-12-27 15:35:23,094:INFO:Lasso Regression Imported successfully
2024-12-27 15:35:23,094:INFO:Starting cross validation
2024-12-27 15:35:23,095:INFO:Cross validating with KFold(n_splits=10, random_state=None, shuffle=False), n_jobs=-1
2024-12-27 15:35:25,776:INFO:Calculating mean and std
2024-12-27 15:35:25,777:INFO:Creating metrics dataframe
2024-12-27 15:35:25,790:INFO:Uploading results into container
2024-12-27 15:35:25,792:INFO:Uploading model into container now
2024-12-27 15:35:25,792:INFO:_master_model_container: 2
2024-12-27 15:35:25,792:INFO:_display_container: 2
2024-12-27 15:35:25,793:INFO:Lasso(random_state=123)
2024-12-27 15:35:25,793:INFO:create_model() successfully completed......................................
2024-12-27 15:35:25,968:INFO:SubProcess create_model() end ==================================
2024-12-27 15:35:25,968:INFO:Creating metrics dataframe
2024-12-27 15:35:25,973:INFO:Initializing Ridge Regression
2024-12-27 15:35:25,973:INFO:Total runtime is 0.15242626667022707 minutes
2024-12-27 15:35:25,974:INFO:SubProcess create_model() called ==================================
2024-12-27 15:35:25,974:INFO:Initializing create_model()
2024-12-27 15:35:25,974:INFO:create_model(self=<pycaret.regression.oop.RegressionExperiment object at 0x000002738D1EBBE0>, estimator=ridge, fold=KFold(n_splits=10, random_state=None, shuffle=False), round=4, cross_validation=True, predict=True, fit_kwargs={}, groups=None, refit=False, probability_threshold=None, experiment_custom_tags=None, verbose=False, system=False, add_to_model_list=True, metrics=None, display=<pycaret.internal.display.display.CommonDisplay object at 0x000002739CC9A530>, model_only=True, return_train_score=False, kwargs={})
2024-12-27 15:35:25,974:INFO:Checking exceptions
2024-12-27 15:35:25,974:INFO:Importing libraries
2024-12-27 15:35:25,974:INFO:Copying training dataset
2024-12-27 15:35:25,977:INFO:Defining folds
2024-12-27 15:35:25,977:INFO:Declaring metric variables
2024-12-27 15:35:25,977:INFO:Importing untrained model
2024-12-27 15:35:25,978:INFO:Ridge Regression Imported successfully
2024-12-27 15:35:25,978:INFO:Starting cross validation
2024-12-27 15:35:25,979:INFO:Cross validating with KFold(n_splits=10, random_state=None, shuffle=False), n_jobs=-1
2024-12-27 15:35:26,177:INFO:Calculating mean and std
2024-12-27 15:35:26,178:INFO:Creating metrics dataframe
2024-12-27 15:35:26,192:INFO:Uploading results into container
2024-12-27 15:35:26,193:INFO:Uploading model into container now
2024-12-27 15:35:26,193:INFO:_master_model_container: 3
2024-12-27 15:35:26,193:INFO:_display_container: 2
2024-12-27 15:35:26,194:INFO:Ridge(random_state=123)
2024-12-27 15:35:26,194:INFO:create_model() successfully completed......................................
2024-12-27 15:35:26,331:INFO:SubProcess create_model() end ==================================
2024-12-27 15:35:26,331:INFO:Creating metrics dataframe
2024-12-27 15:35:26,337:INFO:Initializing Elastic Net
2024-12-27 15:35:26,337:INFO:Total runtime is 0.15849275191624962 minutes
2024-12-27 15:35:26,338:INFO:SubProcess create_model() called ==================================
2024-12-27 15:35:26,338:INFO:Initializing create_model()
2024-12-27 15:35:26,338:INFO:create_model(self=<pycaret.regression.oop.RegressionExperiment object at 0x000002738D1EBBE0>, estimator=en, fold=KFold(n_splits=10, random_state=None, shuffle=False), round=4, cross_validation=True, predict=True, fit_kwargs={}, groups=None, refit=False, probability_threshold=None, experiment_custom_tags=None, verbose=False, system=False, add_to_model_list=True, metrics=None, display=<pycaret.internal.display.display.CommonDisplay object at 0x000002739CC9A530>, model_only=True, return_train_score=False, kwargs={})
2024-12-27 15:35:26,338:INFO:Checking exceptions
2024-12-27 15:35:26,338:INFO:Importing libraries
2024-12-27 15:35:26,338:INFO:Copying training dataset
2024-12-27 15:35:26,343:INFO:Defining folds
2024-12-27 15:35:26,343:INFO:Declaring metric variables
2024-12-27 15:35:26,343:INFO:Importing untrained model
2024-12-27 15:35:26,344:INFO:Elastic Net Imported successfully
2024-12-27 15:35:26,344:INFO:Starting cross validation
2024-12-27 15:35:26,346:INFO:Cross validating with KFold(n_splits=10, random_state=None, shuffle=False), n_jobs=-1
2024-12-27 15:35:26,522:INFO:Calculating mean and std
2024-12-27 15:35:26,523:INFO:Creating metrics dataframe
2024-12-27 15:35:26,537:INFO:Uploading results into container
2024-12-27 15:35:26,538:INFO:Uploading model into container now
2024-12-27 15:35:26,538:INFO:_master_model_container: 4
2024-12-27 15:35:26,538:INFO:_display_container: 2
2024-12-27 15:35:26,539:INFO:ElasticNet(random_state=123)
2024-12-27 15:35:26,539:INFO:create_model() successfully completed......................................
2024-12-27 15:35:26,678:INFO:SubProcess create_model() end ==================================
2024-12-27 15:35:26,678:INFO:Creating metrics dataframe
2024-12-27 15:35:26,682:INFO:Initializing Least Angle Regression
2024-12-27 15:35:26,682:INFO:Total runtime is 0.1642460107803345 minutes
2024-12-27 15:35:26,682:INFO:SubProcess create_model() called ==================================
2024-12-27 15:35:26,683:INFO:Initializing create_model()
2024-12-27 15:35:26,683:INFO:create_model(self=<pycaret.regression.oop.RegressionExperiment object at 0x000002738D1EBBE0>, estimator=lar, fold=KFold(n_splits=10, random_state=None, shuffle=False), round=4, cross_validation=True, predict=True, fit_kwargs={}, groups=None, refit=False, probability_threshold=None, experiment_custom_tags=None, verbose=False, system=False, add_to_model_list=True, metrics=None, display=<pycaret.internal.display.display.CommonDisplay object at 0x000002739CC9A530>, model_only=True, return_train_score=False, kwargs={})
2024-12-27 15:35:26,683:INFO:Checking exceptions
2024-12-27 15:35:26,683:INFO:Importing libraries
2024-12-27 15:35:26,683:INFO:Copying training dataset
2024-12-27 15:35:26,687:INFO:Defining folds
2024-12-27 15:35:26,687:INFO:Declaring metric variables
2024-12-27 15:35:26,687:INFO:Importing untrained model
2024-12-27 15:35:26,687:INFO:Least Angle Regression Imported successfully
2024-12-27 15:35:26,687:INFO:Starting cross validation
2024-12-27 15:35:26,689:INFO:Cross validating with KFold(n_splits=10, random_state=None, shuffle=False), n_jobs=-1
2024-12-27 15:35:26,864:INFO:Calculating mean and std
2024-12-27 15:35:26,865:INFO:Creating metrics dataframe
2024-12-27 15:35:26,877:INFO:Uploading results into container
2024-12-27 15:35:26,878:INFO:Uploading model into container now
2024-12-27 15:35:26,878:INFO:_master_model_container: 5
2024-12-27 15:35:26,879:INFO:_display_container: 2
2024-12-27 15:35:26,879:INFO:Lars(random_state=123)
2024-12-27 15:35:26,879:INFO:create_model() successfully completed......................................
2024-12-27 15:35:27,010:INFO:SubProcess create_model() end ==================================
2024-12-27 15:35:27,010:INFO:Creating metrics dataframe
2024-12-27 15:35:27,015:INFO:Initializing Lasso Least Angle Regression
2024-12-27 15:35:27,015:INFO:Total runtime is 0.16979969739913942 minutes
2024-12-27 15:35:27,015:INFO:SubProcess create_model() called ==================================
2024-12-27 15:35:27,015:INFO:Initializing create_model()
2024-12-27 15:35:27,015:INFO:create_model(self=<pycaret.regression.oop.RegressionExperiment object at 0x000002738D1EBBE0>, estimator=llar, fold=KFold(n_splits=10, random_state=None, shuffle=False), round=4, cross_validation=True, predict=True, fit_kwargs={}, groups=None, refit=False, probability_threshold=None, experiment_custom_tags=None, verbose=False, system=False, add_to_model_list=True, metrics=None, display=<pycaret.internal.display.display.CommonDisplay object at 0x000002739CC9A530>, model_only=True, return_train_score=False, kwargs={})
2024-12-27 15:35:27,015:INFO:Checking exceptions
2024-12-27 15:35:27,015:INFO:Importing libraries
2024-12-27 15:35:27,015:INFO:Copying training dataset
2024-12-27 15:35:27,019:INFO:Defining folds
2024-12-27 15:35:27,019:INFO:Declaring metric variables
2024-12-27 15:35:27,019:INFO:Importing untrained model
2024-12-27 15:35:27,020:INFO:Lasso Least Angle Regression Imported successfully
2024-12-27 15:35:27,020:INFO:Starting cross validation
2024-12-27 15:35:27,021:INFO:Cross validating with KFold(n_splits=10, random_state=None, shuffle=False), n_jobs=-1
2024-12-27 15:35:27,207:INFO:Calculating mean and std
2024-12-27 15:35:27,207:INFO:Creating metrics dataframe
2024-12-27 15:35:27,220:INFO:Uploading results into container
2024-12-27 15:35:27,221:INFO:Uploading model into container now
2024-12-27 15:35:27,221:INFO:_master_model_container: 6
2024-12-27 15:35:27,221:INFO:_display_container: 2
2024-12-27 15:35:27,222:INFO:LassoLars(random_state=123)
2024-12-27 15:35:27,222:INFO:create_model() successfully completed......................................
2024-12-27 15:35:27,349:INFO:SubProcess create_model() end ==================================
2024-12-27 15:35:27,349:INFO:Creating metrics dataframe
2024-12-27 15:35:27,353:INFO:Initializing Orthogonal Matching Pursuit
2024-12-27 15:35:27,353:INFO:Total runtime is 0.17542941570281984 minutes
2024-12-27 15:35:27,353:INFO:SubProcess create_model() called ==================================
2024-12-27 15:35:27,354:INFO:Initializing create_model()
2024-12-27 15:35:27,354:INFO:create_model(self=<pycaret.regression.oop.RegressionExperiment object at 0x000002738D1EBBE0>, estimator=omp, fold=KFold(n_splits=10, random_state=None, shuffle=False), round=4, cross_validation=True, predict=True, fit_kwargs={}, groups=None, refit=False, probability_threshold=None, experiment_custom_tags=None, verbose=False, system=False, add_to_model_list=True, metrics=None, display=<pycaret.internal.display.display.CommonDisplay object at 0x000002739CC9A530>, model_only=True, return_train_score=False, kwargs={})
2024-12-27 15:35:27,354:INFO:Checking exceptions
2024-12-27 15:35:27,354:INFO:Importing libraries
2024-12-27 15:35:27,354:INFO:Copying training dataset
2024-12-27 15:35:27,357:INFO:Defining folds
2024-12-27 15:35:27,357:INFO:Declaring metric variables
2024-12-27 15:35:27,357:INFO:Importing untrained model
2024-12-27 15:35:27,358:INFO:Orthogonal Matching Pursuit Imported successfully
2024-12-27 15:35:27,358:INFO:Starting cross validation
2024-12-27 15:35:27,359:INFO:Cross validating with KFold(n_splits=10, random_state=None, shuffle=False), n_jobs=-1
2024-12-27 15:35:27,525:INFO:Calculating mean and std
2024-12-27 15:35:27,525:INFO:Creating metrics dataframe
2024-12-27 15:35:27,538:INFO:Uploading results into container
2024-12-27 15:35:27,539:INFO:Uploading model into container now
2024-12-27 15:35:27,539:INFO:_master_model_container: 7
2024-12-27 15:35:27,539:INFO:_display_container: 2
2024-12-27 15:35:27,540:INFO:OrthogonalMatchingPursuit()
2024-12-27 15:35:27,540:INFO:create_model() successfully completed......................................
2024-12-27 15:35:27,676:INFO:SubProcess create_model() end ==================================
2024-12-27 15:35:27,676:INFO:Creating metrics dataframe
2024-12-27 15:35:27,683:INFO:Initializing Bayesian Ridge
2024-12-27 15:35:27,683:INFO:Total runtime is 0.1809173305829366 minutes
2024-12-27 15:35:27,683:INFO:SubProcess create_model() called ==================================
2024-12-27 15:35:27,683:INFO:Initializing create_model()
2024-12-27 15:35:27,683:INFO:create_model(self=<pycaret.regression.oop.RegressionExperiment object at 0x000002738D1EBBE0>, estimator=br, fold=KFold(n_splits=10, random_state=None, shuffle=False), round=4, cross_validation=True, predict=True, fit_kwargs={}, groups=None, refit=False, probability_threshold=None, experiment_custom_tags=None, verbose=False, system=False, add_to_model_list=True, metrics=None, display=<pycaret.internal.display.display.CommonDisplay object at 0x000002739CC9A530>, model_only=True, return_train_score=False, kwargs={})
2024-12-27 15:35:27,684:INFO:Checking exceptions
2024-12-27 15:35:27,684:INFO:Importing libraries
2024-12-27 15:35:27,684:INFO:Copying training dataset
2024-12-27 15:35:27,687:INFO:Defining folds
2024-12-27 15:35:27,688:INFO:Declaring metric variables
2024-12-27 15:35:27,688:INFO:Importing untrained model
2024-12-27 15:35:27,688:INFO:Bayesian Ridge Imported successfully
2024-12-27 15:35:27,688:INFO:Starting cross validation
2024-12-27 15:35:27,689:INFO:Cross validating with KFold(n_splits=10, random_state=None, shuffle=False), n_jobs=-1
2024-12-27 15:35:27,866:INFO:Calculating mean and std
2024-12-27 15:35:27,867:INFO:Creating metrics dataframe
2024-12-27 15:35:27,880:INFO:Uploading results into container
2024-12-27 15:35:27,881:INFO:Uploading model into container now
2024-12-27 15:35:27,882:INFO:_master_model_container: 8
2024-12-27 15:35:27,882:INFO:_display_container: 2
2024-12-27 15:35:27,882:INFO:BayesianRidge()
2024-12-27 15:35:27,882:INFO:create_model() successfully completed......................................
2024-12-27 15:35:28,025:INFO:SubProcess create_model() end ==================================
2024-12-27 15:35:28,025:INFO:Creating metrics dataframe
2024-12-27 15:35:28,031:INFO:Initializing Passive Aggressive Regressor
2024-12-27 15:35:28,031:INFO:Total runtime is 0.18673156102498373 minutes
2024-12-27 15:35:28,031:INFO:SubProcess create_model() called ==================================
2024-12-27 15:35:28,031:INFO:Initializing create_model()
2024-12-27 15:35:28,031:INFO:create_model(self=<pycaret.regression.oop.RegressionExperiment object at 0x000002738D1EBBE0>, estimator=par, fold=KFold(n_splits=10, random_state=None, shuffle=False), round=4, cross_validation=True, predict=True, fit_kwargs={}, groups=None, refit=False, probability_threshold=None, experiment_custom_tags=None, verbose=False, system=False, add_to_model_list=True, metrics=None, display=<pycaret.internal.display.display.CommonDisplay object at 0x000002739CC9A530>, model_only=True, return_train_score=False, kwargs={})
2024-12-27 15:35:28,031:INFO:Checking exceptions
2024-12-27 15:35:28,031:INFO:Importing libraries
2024-12-27 15:35:28,031:INFO:Copying training dataset
2024-12-27 15:35:28,034:INFO:Defining folds
2024-12-27 15:35:28,034:INFO:Declaring metric variables
2024-12-27 15:35:28,035:INFO:Importing untrained model
2024-12-27 15:35:28,035:INFO:Passive Aggressive Regressor Imported successfully
2024-12-27 15:35:28,036:INFO:Starting cross validation
2024-12-27 15:35:28,037:INFO:Cross validating with KFold(n_splits=10, random_state=None, shuffle=False), n_jobs=-1
2024-12-27 15:35:28,205:INFO:Calculating mean and std
2024-12-27 15:35:28,207:INFO:Creating metrics dataframe
2024-12-27 15:35:28,220:INFO:Uploading results into container
2024-12-27 15:35:28,221:INFO:Uploading model into container now
2024-12-27 15:35:28,221:INFO:_master_model_container: 9
2024-12-27 15:35:28,221:INFO:_display_container: 2
2024-12-27 15:35:28,222:INFO:PassiveAggressiveRegressor(random_state=123)
2024-12-27 15:35:28,222:INFO:create_model() successfully completed......................................
2024-12-27 15:35:28,355:INFO:SubProcess create_model() end ==================================
2024-12-27 15:35:28,355:INFO:Creating metrics dataframe
2024-12-27 15:35:28,360:INFO:Initializing Huber Regressor
2024-12-27 15:35:28,360:INFO:Total runtime is 0.19221163590749105 minutes
2024-12-27 15:35:28,360:INFO:SubProcess create_model() called ==================================
2024-12-27 15:35:28,360:INFO:Initializing create_model()
2024-12-27 15:35:28,360:INFO:create_model(self=<pycaret.regression.oop.RegressionExperiment object at 0x000002738D1EBBE0>, estimator=huber, fold=KFold(n_splits=10, random_state=None, shuffle=False), round=4, cross_validation=True, predict=True, fit_kwargs={}, groups=None, refit=False, probability_threshold=None, experiment_custom_tags=None, verbose=False, system=False, add_to_model_list=True, metrics=None, display=<pycaret.internal.display.display.CommonDisplay object at 0x000002739CC9A530>, model_only=True, return_train_score=False, kwargs={})
2024-12-27 15:35:28,360:INFO:Checking exceptions
2024-12-27 15:35:28,360:INFO:Importing libraries
2024-12-27 15:35:28,361:INFO:Copying training dataset
2024-12-27 15:35:28,364:INFO:Defining folds
2024-12-27 15:35:28,365:INFO:Declaring metric variables
2024-12-27 15:35:28,365:INFO:Importing untrained model
2024-12-27 15:35:28,365:INFO:Huber Regressor Imported successfully
2024-12-27 15:35:28,366:INFO:Starting cross validation
2024-12-27 15:35:28,366:INFO:Cross validating with KFold(n_splits=10, random_state=None, shuffle=False), n_jobs=-1
2024-12-27 15:35:28,454:WARNING:C:\Users\yashu\anaconda3\envs\env_linear_regression\lib\site-packages\sklearn\linear_model\_huber.py:342: ConvergenceWarning: lbfgs failed to converge (status=1):
STOP: TOTAL NO. of ITERATIONS REACHED LIMIT.

Increase the number of iterations (max_iter) or scale the data as shown in:
    https://scikit-learn.org/stable/modules/preprocessing.html
  self.n_iter_ = _check_optimize_result("lbfgs", opt_res, self.max_iter)

2024-12-27 15:35:28,462:WARNING:C:\Users\yashu\anaconda3\envs\env_linear_regression\lib\site-packages\sklearn\linear_model\_huber.py:342: ConvergenceWarning: lbfgs failed to converge (status=1):
STOP: TOTAL NO. of ITERATIONS REACHED LIMIT.

Increase the number of iterations (max_iter) or scale the data as shown in:
    https://scikit-learn.org/stable/modules/preprocessing.html
  self.n_iter_ = _check_optimize_result("lbfgs", opt_res, self.max_iter)

2024-12-27 15:35:28,474:WARNING:C:\Users\yashu\anaconda3\envs\env_linear_regression\lib\site-packages\sklearn\linear_model\_huber.py:342: ConvergenceWarning: lbfgs failed to converge (status=1):
STOP: TOTAL NO. of ITERATIONS REACHED LIMIT.

Increase the number of iterations (max_iter) or scale the data as shown in:
    https://scikit-learn.org/stable/modules/preprocessing.html
  self.n_iter_ = _check_optimize_result("lbfgs", opt_res, self.max_iter)

2024-12-27 15:35:28,486:WARNING:C:\Users\yashu\anaconda3\envs\env_linear_regression\lib\site-packages\sklearn\linear_model\_huber.py:342: ConvergenceWarning: lbfgs failed to converge (status=1):
STOP: TOTAL NO. of ITERATIONS REACHED LIMIT.

Increase the number of iterations (max_iter) or scale the data as shown in:
    https://scikit-learn.org/stable/modules/preprocessing.html
  self.n_iter_ = _check_optimize_result("lbfgs", opt_res, self.max_iter)

2024-12-27 15:35:28,495:WARNING:C:\Users\yashu\anaconda3\envs\env_linear_regression\lib\site-packages\sklearn\linear_model\_huber.py:342: ConvergenceWarning: lbfgs failed to converge (status=1):
STOP: TOTAL NO. of ITERATIONS REACHED LIMIT.

Increase the number of iterations (max_iter) or scale the data as shown in:
    https://scikit-learn.org/stable/modules/preprocessing.html
  self.n_iter_ = _check_optimize_result("lbfgs", opt_res, self.max_iter)

2024-12-27 15:35:28,505:WARNING:C:\Users\yashu\anaconda3\envs\env_linear_regression\lib\site-packages\sklearn\linear_model\_huber.py:342: ConvergenceWarning: lbfgs failed to converge (status=1):
STOP: TOTAL NO. of ITERATIONS REACHED LIMIT.

Increase the number of iterations (max_iter) or scale the data as shown in:
    https://scikit-learn.org/stable/modules/preprocessing.html
  self.n_iter_ = _check_optimize_result("lbfgs", opt_res, self.max_iter)

2024-12-27 15:35:28,521:WARNING:C:\Users\yashu\anaconda3\envs\env_linear_regression\lib\site-packages\sklearn\linear_model\_huber.py:342: ConvergenceWarning: lbfgs failed to converge (status=1):
STOP: TOTAL NO. of ITERATIONS REACHED LIMIT.

Increase the number of iterations (max_iter) or scale the data as shown in:
    https://scikit-learn.org/stable/modules/preprocessing.html
  self.n_iter_ = _check_optimize_result("lbfgs", opt_res, self.max_iter)

2024-12-27 15:35:28,526:WARNING:C:\Users\yashu\anaconda3\envs\env_linear_regression\lib\site-packages\sklearn\linear_model\_huber.py:342: ConvergenceWarning: lbfgs failed to converge (status=1):
STOP: TOTAL NO. of ITERATIONS REACHED LIMIT.

Increase the number of iterations (max_iter) or scale the data as shown in:
    https://scikit-learn.org/stable/modules/preprocessing.html
  self.n_iter_ = _check_optimize_result("lbfgs", opt_res, self.max_iter)

2024-12-27 15:35:28,538:WARNING:C:\Users\yashu\anaconda3\envs\env_linear_regression\lib\site-packages\sklearn\linear_model\_huber.py:342: ConvergenceWarning: lbfgs failed to converge (status=1):
STOP: TOTAL NO. of ITERATIONS REACHED LIMIT.

Increase the number of iterations (max_iter) or scale the data as shown in:
    https://scikit-learn.org/stable/modules/preprocessing.html
  self.n_iter_ = _check_optimize_result("lbfgs", opt_res, self.max_iter)

2024-12-27 15:35:28,553:WARNING:C:\Users\yashu\anaconda3\envs\env_linear_regression\lib\site-packages\sklearn\linear_model\_huber.py:342: ConvergenceWarning: lbfgs failed to converge (status=1):
STOP: TOTAL NO. of ITERATIONS REACHED LIMIT.

Increase the number of iterations (max_iter) or scale the data as shown in:
    https://scikit-learn.org/stable/modules/preprocessing.html
  self.n_iter_ = _check_optimize_result("lbfgs", opt_res, self.max_iter)

2024-12-27 15:35:28,573:INFO:Calculating mean and std
2024-12-27 15:35:28,574:INFO:Creating metrics dataframe
2024-12-27 15:35:28,588:INFO:Uploading results into container
2024-12-27 15:35:28,589:INFO:Uploading model into container now
2024-12-27 15:35:28,590:INFO:_master_model_container: 10
2024-12-27 15:35:28,590:INFO:_display_container: 2
2024-12-27 15:35:28,590:INFO:HuberRegressor()
2024-12-27 15:35:28,590:INFO:create_model() successfully completed......................................
2024-12-27 15:35:28,725:INFO:SubProcess create_model() end ==================================
2024-12-27 15:35:28,725:INFO:Creating metrics dataframe
2024-12-27 15:35:28,730:INFO:Initializing K Neighbors Regressor
2024-12-27 15:35:28,731:INFO:Total runtime is 0.19839277267456054 minutes
2024-12-27 15:35:28,731:INFO:SubProcess create_model() called ==================================
2024-12-27 15:35:28,731:INFO:Initializing create_model()
2024-12-27 15:35:28,731:INFO:create_model(self=<pycaret.regression.oop.RegressionExperiment object at 0x000002738D1EBBE0>, estimator=knn, fold=KFold(n_splits=10, random_state=None, shuffle=False), round=4, cross_validation=True, predict=True, fit_kwargs={}, groups=None, refit=False, probability_threshold=None, experiment_custom_tags=None, verbose=False, system=False, add_to_model_list=True, metrics=None, display=<pycaret.internal.display.display.CommonDisplay object at 0x000002739CC9A530>, model_only=True, return_train_score=False, kwargs={})
2024-12-27 15:35:28,731:INFO:Checking exceptions
2024-12-27 15:35:28,732:INFO:Importing libraries
2024-12-27 15:35:28,732:INFO:Copying training dataset
2024-12-27 15:35:28,737:INFO:Defining folds
2024-12-27 15:35:28,738:INFO:Declaring metric variables
2024-12-27 15:35:28,738:INFO:Importing untrained model
2024-12-27 15:35:28,738:INFO:K Neighbors Regressor Imported successfully
2024-12-27 15:35:28,739:INFO:Starting cross validation
2024-12-27 15:35:28,740:INFO:Cross validating with KFold(n_splits=10, random_state=None, shuffle=False), n_jobs=-1
2024-12-27 15:35:28,945:INFO:Calculating mean and std
2024-12-27 15:35:28,945:INFO:Creating metrics dataframe
2024-12-27 15:35:28,958:INFO:Uploading results into container
2024-12-27 15:35:28,959:INFO:Uploading model into container now
2024-12-27 15:35:28,959:INFO:_master_model_container: 11
2024-12-27 15:35:28,959:INFO:_display_container: 2
2024-12-27 15:35:28,960:INFO:KNeighborsRegressor(n_jobs=-1)
2024-12-27 15:35:28,960:INFO:create_model() successfully completed......................................
2024-12-27 15:35:29,096:INFO:SubProcess create_model() end ==================================
2024-12-27 15:35:29,096:INFO:Creating metrics dataframe
2024-12-27 15:35:29,101:INFO:Initializing Decision Tree Regressor
2024-12-27 15:35:29,101:INFO:Total runtime is 0.20456113417943317 minutes
2024-12-27 15:35:29,101:INFO:SubProcess create_model() called ==================================
2024-12-27 15:35:29,101:INFO:Initializing create_model()
2024-12-27 15:35:29,101:INFO:create_model(self=<pycaret.regression.oop.RegressionExperiment object at 0x000002738D1EBBE0>, estimator=dt, fold=KFold(n_splits=10, random_state=None, shuffle=False), round=4, cross_validation=True, predict=True, fit_kwargs={}, groups=None, refit=False, probability_threshold=None, experiment_custom_tags=None, verbose=False, system=False, add_to_model_list=True, metrics=None, display=<pycaret.internal.display.display.CommonDisplay object at 0x000002739CC9A530>, model_only=True, return_train_score=False, kwargs={})
2024-12-27 15:35:29,101:INFO:Checking exceptions
2024-12-27 15:35:29,101:INFO:Importing libraries
2024-12-27 15:35:29,101:INFO:Copying training dataset
2024-12-27 15:35:29,104:INFO:Defining folds
2024-12-27 15:35:29,105:INFO:Declaring metric variables
2024-12-27 15:35:29,105:INFO:Importing untrained model
2024-12-27 15:35:29,105:INFO:Decision Tree Regressor Imported successfully
2024-12-27 15:35:29,105:INFO:Starting cross validation
2024-12-27 15:35:29,106:INFO:Cross validating with KFold(n_splits=10, random_state=None, shuffle=False), n_jobs=-1
2024-12-27 15:35:29,280:INFO:Calculating mean and std
2024-12-27 15:35:29,280:INFO:Creating metrics dataframe
2024-12-27 15:35:29,294:INFO:Uploading results into container
2024-12-27 15:35:29,294:INFO:Uploading model into container now
2024-12-27 15:35:29,295:INFO:_master_model_container: 12
2024-12-27 15:35:29,295:INFO:_display_container: 2
2024-12-27 15:35:29,296:INFO:DecisionTreeRegressor(random_state=123)
2024-12-27 15:35:29,296:INFO:create_model() successfully completed......................................
2024-12-27 15:35:29,434:INFO:SubProcess create_model() end ==================================
2024-12-27 15:35:29,434:INFO:Creating metrics dataframe
2024-12-27 15:35:29,440:INFO:Initializing Random Forest Regressor
2024-12-27 15:35:29,440:INFO:Total runtime is 0.21020203431447346 minutes
2024-12-27 15:35:29,440:INFO:SubProcess create_model() called ==================================
2024-12-27 15:35:29,441:INFO:Initializing create_model()
2024-12-27 15:35:29,441:INFO:create_model(self=<pycaret.regression.oop.RegressionExperiment object at 0x000002738D1EBBE0>, estimator=rf, fold=KFold(n_splits=10, random_state=None, shuffle=False), round=4, cross_validation=True, predict=True, fit_kwargs={}, groups=None, refit=False, probability_threshold=None, experiment_custom_tags=None, verbose=False, system=False, add_to_model_list=True, metrics=None, display=<pycaret.internal.display.display.CommonDisplay object at 0x000002739CC9A530>, model_only=True, return_train_score=False, kwargs={})
2024-12-27 15:35:29,441:INFO:Checking exceptions
2024-12-27 15:35:29,441:INFO:Importing libraries
2024-12-27 15:35:29,441:INFO:Copying training dataset
2024-12-27 15:35:29,444:INFO:Defining folds
2024-12-27 15:35:29,444:INFO:Declaring metric variables
2024-12-27 15:35:29,444:INFO:Importing untrained model
2024-12-27 15:35:29,444:INFO:Random Forest Regressor Imported successfully
2024-12-27 15:35:29,445:INFO:Starting cross validation
2024-12-27 15:35:29,445:INFO:Cross validating with KFold(n_splits=10, random_state=None, shuffle=False), n_jobs=-1
2024-12-27 15:35:30,337:INFO:Calculating mean and std
2024-12-27 15:35:30,338:INFO:Creating metrics dataframe
2024-12-27 15:35:30,357:INFO:Uploading results into container
2024-12-27 15:35:30,358:INFO:Uploading model into container now
2024-12-27 15:35:30,358:INFO:_master_model_container: 13
2024-12-27 15:35:30,358:INFO:_display_container: 2
2024-12-27 15:35:30,359:INFO:RandomForestRegressor(n_jobs=-1, random_state=123)
2024-12-27 15:35:30,359:INFO:create_model() successfully completed......................................
2024-12-27 15:35:30,507:INFO:SubProcess create_model() end ==================================
2024-12-27 15:35:30,507:INFO:Creating metrics dataframe
2024-12-27 15:35:30,512:INFO:Initializing Extra Trees Regressor
2024-12-27 15:35:30,512:INFO:Total runtime is 0.22807357708613077 minutes
2024-12-27 15:35:30,513:INFO:SubProcess create_model() called ==================================
2024-12-27 15:35:30,513:INFO:Initializing create_model()
2024-12-27 15:35:30,513:INFO:create_model(self=<pycaret.regression.oop.RegressionExperiment object at 0x000002738D1EBBE0>, estimator=et, fold=KFold(n_splits=10, random_state=None, shuffle=False), round=4, cross_validation=True, predict=True, fit_kwargs={}, groups=None, refit=False, probability_threshold=None, experiment_custom_tags=None, verbose=False, system=False, add_to_model_list=True, metrics=None, display=<pycaret.internal.display.display.CommonDisplay object at 0x000002739CC9A530>, model_only=True, return_train_score=False, kwargs={})
2024-12-27 15:35:30,513:INFO:Checking exceptions
2024-12-27 15:35:30,513:INFO:Importing libraries
2024-12-27 15:35:30,513:INFO:Copying training dataset
2024-12-27 15:35:30,517:INFO:Defining folds
2024-12-27 15:35:30,517:INFO:Declaring metric variables
2024-12-27 15:35:30,517:INFO:Importing untrained model
2024-12-27 15:35:30,518:INFO:Extra Trees Regressor Imported successfully
2024-12-27 15:35:30,518:INFO:Starting cross validation
2024-12-27 15:35:30,519:INFO:Cross validating with KFold(n_splits=10, random_state=None, shuffle=False), n_jobs=-1
2024-12-27 15:35:31,297:INFO:Calculating mean and std
2024-12-27 15:35:31,298:INFO:Creating metrics dataframe
2024-12-27 15:35:31,327:INFO:Uploading results into container
2024-12-27 15:35:31,328:INFO:Uploading model into container now
2024-12-27 15:35:31,328:INFO:_master_model_container: 14
2024-12-27 15:35:31,328:INFO:_display_container: 2
2024-12-27 15:35:31,328:INFO:ExtraTreesRegressor(n_jobs=-1, random_state=123)
2024-12-27 15:35:31,329:INFO:create_model() successfully completed......................................
2024-12-27 15:35:31,465:INFO:SubProcess create_model() end ==================================
2024-12-27 15:35:31,465:INFO:Creating metrics dataframe
2024-12-27 15:35:31,472:INFO:Initializing AdaBoost Regressor
2024-12-27 15:35:31,472:INFO:Total runtime is 0.24408026536305744 minutes
2024-12-27 15:35:31,472:INFO:SubProcess create_model() called ==================================
2024-12-27 15:35:31,472:INFO:Initializing create_model()
2024-12-27 15:35:31,472:INFO:create_model(self=<pycaret.regression.oop.RegressionExperiment object at 0x000002738D1EBBE0>, estimator=ada, fold=KFold(n_splits=10, random_state=None, shuffle=False), round=4, cross_validation=True, predict=True, fit_kwargs={}, groups=None, refit=False, probability_threshold=None, experiment_custom_tags=None, verbose=False, system=False, add_to_model_list=True, metrics=None, display=<pycaret.internal.display.display.CommonDisplay object at 0x000002739CC9A530>, model_only=True, return_train_score=False, kwargs={})
2024-12-27 15:35:31,472:INFO:Checking exceptions
2024-12-27 15:35:31,472:INFO:Importing libraries
2024-12-27 15:35:31,472:INFO:Copying training dataset
2024-12-27 15:35:31,475:INFO:Defining folds
2024-12-27 15:35:31,475:INFO:Declaring metric variables
2024-12-27 15:35:31,476:INFO:Importing untrained model
2024-12-27 15:35:31,476:INFO:AdaBoost Regressor Imported successfully
2024-12-27 15:35:31,476:INFO:Starting cross validation
2024-12-27 15:35:31,477:INFO:Cross validating with KFold(n_splits=10, random_state=None, shuffle=False), n_jobs=-1
2024-12-27 15:35:31,964:INFO:Calculating mean and std
2024-12-27 15:35:31,965:INFO:Creating metrics dataframe
2024-12-27 15:35:31,999:INFO:Uploading results into container
2024-12-27 15:35:31,999:INFO:Uploading model into container now
2024-12-27 15:35:32,000:INFO:_master_model_container: 15
2024-12-27 15:35:32,000:INFO:_display_container: 2
2024-12-27 15:35:32,001:INFO:AdaBoostRegressor(random_state=123)
2024-12-27 15:35:32,001:INFO:create_model() successfully completed......................................
2024-12-27 15:35:32,131:INFO:SubProcess create_model() end ==================================
2024-12-27 15:35:32,131:INFO:Creating metrics dataframe
2024-12-27 15:35:32,135:INFO:Initializing Gradient Boosting Regressor
2024-12-27 15:35:32,135:INFO:Total runtime is 0.25512085358301795 minutes
2024-12-27 15:35:32,136:INFO:SubProcess create_model() called ==================================
2024-12-27 15:35:32,136:INFO:Initializing create_model()
2024-12-27 15:35:32,136:INFO:create_model(self=<pycaret.regression.oop.RegressionExperiment object at 0x000002738D1EBBE0>, estimator=gbr, fold=KFold(n_splits=10, random_state=None, shuffle=False), round=4, cross_validation=True, predict=True, fit_kwargs={}, groups=None, refit=False, probability_threshold=None, experiment_custom_tags=None, verbose=False, system=False, add_to_model_list=True, metrics=None, display=<pycaret.internal.display.display.CommonDisplay object at 0x000002739CC9A530>, model_only=True, return_train_score=False, kwargs={})
2024-12-27 15:35:32,136:INFO:Checking exceptions
2024-12-27 15:35:32,136:INFO:Importing libraries
2024-12-27 15:35:32,136:INFO:Copying training dataset
2024-12-27 15:35:32,140:INFO:Defining folds
2024-12-27 15:35:32,140:INFO:Declaring metric variables
2024-12-27 15:35:32,140:INFO:Importing untrained model
2024-12-27 15:35:32,141:INFO:Gradient Boosting Regressor Imported successfully
2024-12-27 15:35:32,141:INFO:Starting cross validation
2024-12-27 15:35:32,142:INFO:Cross validating with KFold(n_splits=10, random_state=None, shuffle=False), n_jobs=-1
2024-12-27 15:35:32,786:INFO:Calculating mean and std
2024-12-27 15:35:32,788:INFO:Creating metrics dataframe
2024-12-27 15:35:32,829:INFO:Uploading results into container
2024-12-27 15:35:32,829:INFO:Uploading model into container now
2024-12-27 15:35:32,830:INFO:_master_model_container: 16
2024-12-27 15:35:32,830:INFO:_display_container: 2
2024-12-27 15:35:32,830:INFO:GradientBoostingRegressor(random_state=123)
2024-12-27 15:35:32,831:INFO:create_model() successfully completed......................................
2024-12-27 15:35:32,958:INFO:SubProcess create_model() end ==================================
2024-12-27 15:35:32,958:INFO:Creating metrics dataframe
2024-12-27 15:35:32,964:INFO:Initializing Extreme Gradient Boosting
2024-12-27 15:35:32,964:INFO:Total runtime is 0.26894244750340773 minutes
2024-12-27 15:35:32,965:INFO:SubProcess create_model() called ==================================
2024-12-27 15:35:32,965:INFO:Initializing create_model()
2024-12-27 15:35:32,965:INFO:create_model(self=<pycaret.regression.oop.RegressionExperiment object at 0x000002738D1EBBE0>, estimator=xgboost, fold=KFold(n_splits=10, random_state=None, shuffle=False), round=4, cross_validation=True, predict=True, fit_kwargs={}, groups=None, refit=False, probability_threshold=None, experiment_custom_tags=None, verbose=False, system=False, add_to_model_list=True, metrics=None, display=<pycaret.internal.display.display.CommonDisplay object at 0x000002739CC9A530>, model_only=True, return_train_score=False, kwargs={})
2024-12-27 15:35:32,965:INFO:Checking exceptions
2024-12-27 15:35:32,965:INFO:Importing libraries
2024-12-27 15:35:32,965:INFO:Copying training dataset
2024-12-27 15:35:32,968:INFO:Defining folds
2024-12-27 15:35:32,968:INFO:Declaring metric variables
2024-12-27 15:35:32,968:INFO:Importing untrained model
2024-12-27 15:35:32,969:INFO:Extreme Gradient Boosting Imported successfully
2024-12-27 15:35:32,970:INFO:Starting cross validation
2024-12-27 15:35:32,971:INFO:Cross validating with KFold(n_splits=10, random_state=None, shuffle=False), n_jobs=-1
2024-12-27 15:35:34,825:INFO:Calculating mean and std
2024-12-27 15:35:34,826:INFO:Creating metrics dataframe
2024-12-27 15:35:34,879:INFO:Uploading results into container
2024-12-27 15:35:34,881:INFO:Uploading model into container now
2024-12-27 15:35:34,881:INFO:_master_model_container: 17
2024-12-27 15:35:34,882:INFO:_display_container: 2
2024-12-27 15:35:34,882:INFO:XGBRegressor(base_score=None, booster='gbtree', callbacks=None,
             colsample_bylevel=None, colsample_bynode=None,
             colsample_bytree=None, device=None, early_stopping_rounds=None,
             enable_categorical=False, eval_metric=None, feature_types=None,
             gamma=None, grow_policy=None, importance_type=None,
             interaction_constraints=None, learning_rate=None, max_bin=None,
             max_cat_threshold=None, max_cat_to_onehot=None,
             max_delta_step=None, max_depth=None, max_leaves=None,
             min_child_weight=None, missing=nan, monotone_constraints=None,
             multi_strategy=None, n_estimators=None, n_jobs=-1,
             num_parallel_tree=None, random_state=123, ...)
2024-12-27 15:35:34,883:INFO:create_model() successfully completed......................................
2024-12-27 15:35:35,107:INFO:SubProcess create_model() end ==================================
2024-12-27 15:35:35,107:INFO:Creating metrics dataframe
2024-12-27 15:35:35,116:INFO:Initializing Light Gradient Boosting Machine
2024-12-27 15:35:35,116:INFO:Total runtime is 0.3048042178153991 minutes
2024-12-27 15:35:35,117:INFO:SubProcess create_model() called ==================================
2024-12-27 15:35:35,117:INFO:Initializing create_model()
2024-12-27 15:35:35,117:INFO:create_model(self=<pycaret.regression.oop.RegressionExperiment object at 0x000002738D1EBBE0>, estimator=lightgbm, fold=KFold(n_splits=10, random_state=None, shuffle=False), round=4, cross_validation=True, predict=True, fit_kwargs={}, groups=None, refit=False, probability_threshold=None, experiment_custom_tags=None, verbose=False, system=False, add_to_model_list=True, metrics=None, display=<pycaret.internal.display.display.CommonDisplay object at 0x000002739CC9A530>, model_only=True, return_train_score=False, kwargs={})
2024-12-27 15:35:35,117:INFO:Checking exceptions
2024-12-27 15:35:35,117:INFO:Importing libraries
2024-12-27 15:35:35,117:INFO:Copying training dataset
2024-12-27 15:35:35,120:INFO:Defining folds
2024-12-27 15:35:35,122:INFO:Declaring metric variables
2024-12-27 15:35:35,122:INFO:Importing untrained model
2024-12-27 15:35:35,123:INFO:Light Gradient Boosting Machine Imported successfully
2024-12-27 15:35:35,123:INFO:Starting cross validation
2024-12-27 15:35:35,125:INFO:Cross validating with KFold(n_splits=10, random_state=None, shuffle=False), n_jobs=-1
2024-12-27 15:35:36,442:INFO:Calculating mean and std
2024-12-27 15:35:36,443:INFO:Creating metrics dataframe
2024-12-27 15:35:36,505:INFO:Uploading results into container
2024-12-27 15:35:36,506:INFO:Uploading model into container now
2024-12-27 15:35:36,507:INFO:_master_model_container: 18
2024-12-27 15:35:36,507:INFO:_display_container: 2
2024-12-27 15:35:36,507:INFO:LGBMRegressor(n_jobs=-1, random_state=123)
2024-12-27 15:35:36,508:INFO:create_model() successfully completed......................................
2024-12-27 15:35:36,654:INFO:SubProcess create_model() end ==================================
2024-12-27 15:35:36,654:INFO:Creating metrics dataframe
2024-12-27 15:35:36,661:INFO:Initializing Dummy Regressor
2024-12-27 15:35:36,661:INFO:Total runtime is 0.3305613319079081 minutes
2024-12-27 15:35:36,661:INFO:SubProcess create_model() called ==================================
2024-12-27 15:35:36,661:INFO:Initializing create_model()
2024-12-27 15:35:36,661:INFO:create_model(self=<pycaret.regression.oop.RegressionExperiment object at 0x000002738D1EBBE0>, estimator=dummy, fold=KFold(n_splits=10, random_state=None, shuffle=False), round=4, cross_validation=True, predict=True, fit_kwargs={}, groups=None, refit=False, probability_threshold=None, experiment_custom_tags=None, verbose=False, system=False, add_to_model_list=True, metrics=None, display=<pycaret.internal.display.display.CommonDisplay object at 0x000002739CC9A530>, model_only=True, return_train_score=False, kwargs={})
2024-12-27 15:35:36,661:INFO:Checking exceptions
2024-12-27 15:35:36,661:INFO:Importing libraries
2024-12-27 15:35:36,661:INFO:Copying training dataset
2024-12-27 15:35:36,664:INFO:Defining folds
2024-12-27 15:35:36,665:INFO:Declaring metric variables
2024-12-27 15:35:36,665:INFO:Importing untrained model
2024-12-27 15:35:36,665:INFO:Dummy Regressor Imported successfully
2024-12-27 15:35:36,665:INFO:Starting cross validation
2024-12-27 15:35:36,666:INFO:Cross validating with KFold(n_splits=10, random_state=None, shuffle=False), n_jobs=-1
2024-12-27 15:35:37,129:INFO:Calculating mean and std
2024-12-27 15:35:37,129:INFO:Creating metrics dataframe
2024-12-27 15:35:37,182:INFO:Uploading results into container
2024-12-27 15:35:37,183:INFO:Uploading model into container now
2024-12-27 15:35:37,184:INFO:_master_model_container: 19
2024-12-27 15:35:37,184:INFO:_display_container: 2
2024-12-27 15:35:37,184:INFO:DummyRegressor()
2024-12-27 15:35:37,184:INFO:create_model() successfully completed......................................
2024-12-27 15:35:37,339:INFO:SubProcess create_model() end ==================================
2024-12-27 15:35:37,339:INFO:Creating metrics dataframe
2024-12-27 15:35:37,349:INFO:Initializing create_model()
2024-12-27 15:35:37,349:INFO:create_model(self=<pycaret.regression.oop.RegressionExperiment object at 0x000002738D1EBBE0>, estimator=ExtraTreesRegressor(n_jobs=-1, random_state=123), fold=KFold(n_splits=10, random_state=None, shuffle=False), round=4, cross_validation=False, predict=False, fit_kwargs={}, groups=None, refit=True, probability_threshold=None, experiment_custom_tags=None, verbose=False, system=False, add_to_model_list=True, metrics=None, display=None, model_only=True, return_train_score=False, kwargs={})
2024-12-27 15:35:37,349:INFO:Checking exceptions
2024-12-27 15:35:37,350:INFO:Importing libraries
2024-12-27 15:35:37,350:INFO:Copying training dataset
2024-12-27 15:35:37,354:INFO:Defining folds
2024-12-27 15:35:37,354:INFO:Declaring metric variables
2024-12-27 15:35:37,354:INFO:Importing untrained model
2024-12-27 15:35:37,355:INFO:Declaring custom model
2024-12-27 15:35:37,355:INFO:Extra Trees Regressor Imported successfully
2024-12-27 15:35:37,356:INFO:Cross validation set to False
2024-12-27 15:35:37,356:INFO:Fitting Model
2024-12-27 15:35:37,644:INFO:ExtraTreesRegressor(n_jobs=-1, random_state=123)
2024-12-27 15:35:37,644:INFO:create_model() successfully completed......................................
2024-12-27 15:35:37,861:INFO:_master_model_container: 19
2024-12-27 15:35:37,861:INFO:_display_container: 2
2024-12-27 15:35:37,862:INFO:ExtraTreesRegressor(n_jobs=-1, random_state=123)
2024-12-27 15:35:37,862:INFO:compare_models() successfully completed......................................
2024-12-27 15:35:37,863:INFO:Initializing tune_model()
2024-12-27 15:35:37,863:INFO:tune_model(estimator=ExtraTreesRegressor(n_jobs=-1, random_state=123), fold=None, round=4, n_iter=10, custom_grid=None, optimize=R2, custom_scorer=None, search_library=scikit-learn, search_algorithm=None, early_stopping=False, early_stopping_max_iters=10, choose_better=True, fit_kwargs=None, groups=None, return_tuner=False, verbose=True, tuner_verbose=True, return_train_score=False, kwargs={}, self=<pycaret.regression.oop.RegressionExperiment object at 0x000002738D1EBBE0>)
2024-12-27 15:35:37,863:INFO:Checking exceptions
2024-12-27 15:35:37,866:INFO:Copying training dataset
2024-12-27 15:35:37,868:INFO:Checking base model
2024-12-27 15:35:37,868:INFO:Base model : Extra Trees Regressor
2024-12-27 15:35:37,868:INFO:Declaring metric variables
2024-12-27 15:35:37,868:INFO:Defining Hyperparameters
2024-12-27 15:35:38,013:INFO:Tuning with n_jobs=-1
2024-12-27 15:35:38,014:INFO:Initializing RandomizedSearchCV
2024-12-27 15:35:40,640:WARNING:C:\Users\yashu\anaconda3\envs\env_linear_regression\lib\site-packages\pycaret\internal\pipeline.py:260: UserWarning: Persisting input arguments took 0.51s to run.
If this happens often in your code, it can cause performance problems 
(results will be correct in all cases). 
The reason for this is probably some large input arguments for a wrapped
 function (e.g. large strings).
THIS IS A JOBLIB ISSUE. If you can, kindly provide the joblib's team with an
 example so that they can fix the problem.
  fitted_estimator = self._memory_fit(

2024-12-27 15:35:50,859:INFO:best_params: {'actual_estimator__n_estimators': 100, 'actual_estimator__min_samples_split': 7, 'actual_estimator__min_samples_leaf': 4, 'actual_estimator__min_impurity_decrease': 0.1, 'actual_estimator__max_features': 1.0, 'actual_estimator__max_depth': 9, 'actual_estimator__criterion': 'squared_error', 'actual_estimator__bootstrap': True}
2024-12-27 15:35:50,859:INFO:Hyperparameter search completed
2024-12-27 15:35:50,859:INFO:SubProcess create_model() called ==================================
2024-12-27 15:35:50,860:INFO:Initializing create_model()
2024-12-27 15:35:50,860:INFO:create_model(self=<pycaret.regression.oop.RegressionExperiment object at 0x000002738D1EBBE0>, estimator=ExtraTreesRegressor(n_jobs=-1, random_state=123), fold=KFold(n_splits=10, random_state=None, shuffle=False), round=4, cross_validation=True, predict=True, fit_kwargs={}, groups=None, refit=True, probability_threshold=None, experiment_custom_tags=None, verbose=True, system=False, add_to_model_list=True, metrics=None, display=<pycaret.internal.display.display.CommonDisplay object at 0x000002739CA4D330>, model_only=True, return_train_score=False, kwargs={'n_estimators': 100, 'min_samples_split': 7, 'min_samples_leaf': 4, 'min_impurity_decrease': 0.1, 'max_features': 1.0, 'max_depth': 9, 'criterion': 'squared_error', 'bootstrap': True})
2024-12-27 15:35:50,860:INFO:Checking exceptions
2024-12-27 15:35:50,860:INFO:Importing libraries
2024-12-27 15:35:50,860:INFO:Copying training dataset
2024-12-27 15:35:50,864:INFO:Defining folds
2024-12-27 15:35:50,864:INFO:Declaring metric variables
2024-12-27 15:35:50,865:INFO:Importing untrained model
2024-12-27 15:35:50,865:INFO:Declaring custom model
2024-12-27 15:35:50,866:INFO:Extra Trees Regressor Imported successfully
2024-12-27 15:35:50,866:INFO:Starting cross validation
2024-12-27 15:35:50,867:INFO:Cross validating with KFold(n_splits=10, random_state=None, shuffle=False), n_jobs=-1
2024-12-27 15:35:51,963:INFO:Calculating mean and std
2024-12-27 15:35:51,964:INFO:Creating metrics dataframe
2024-12-27 15:35:51,966:INFO:Finalizing model
2024-12-27 15:35:52,387:INFO:Uploading results into container
2024-12-27 15:35:52,389:INFO:Uploading model into container now
2024-12-27 15:35:52,389:INFO:_master_model_container: 20
2024-12-27 15:35:52,389:INFO:_display_container: 3
2024-12-27 15:35:52,390:INFO:ExtraTreesRegressor(bootstrap=True, max_depth=9, min_impurity_decrease=0.1,
                    min_samples_leaf=4, min_samples_split=7, n_jobs=-1,
                    random_state=123)
2024-12-27 15:35:52,390:INFO:create_model() successfully completed......................................
2024-12-27 15:35:52,581:INFO:SubProcess create_model() end ==================================
2024-12-27 15:35:52,581:INFO:choose_better activated
2024-12-27 15:35:52,582:INFO:SubProcess create_model() called ==================================
2024-12-27 15:35:52,582:INFO:Initializing create_model()
2024-12-27 15:35:52,582:INFO:create_model(self=<pycaret.regression.oop.RegressionExperiment object at 0x000002738D1EBBE0>, estimator=ExtraTreesRegressor(n_jobs=-1, random_state=123), fold=KFold(n_splits=10, random_state=None, shuffle=False), round=4, cross_validation=True, predict=True, fit_kwargs={}, groups=None, refit=True, probability_threshold=None, experiment_custom_tags=None, verbose=False, system=False, add_to_model_list=True, metrics=None, display=None, model_only=True, return_train_score=False, kwargs={})
2024-12-27 15:35:52,583:INFO:Checking exceptions
2024-12-27 15:35:52,584:INFO:Importing libraries
2024-12-27 15:35:52,584:INFO:Copying training dataset
2024-12-27 15:35:52,588:INFO:Defining folds
2024-12-27 15:35:52,588:INFO:Declaring metric variables
2024-12-27 15:35:52,588:INFO:Importing untrained model
2024-12-27 15:35:52,588:INFO:Declaring custom model
2024-12-27 15:35:52,589:INFO:Extra Trees Regressor Imported successfully
2024-12-27 15:35:52,589:INFO:Starting cross validation
2024-12-27 15:35:52,590:INFO:Cross validating with KFold(n_splits=10, random_state=None, shuffle=False), n_jobs=-1
2024-12-27 15:35:53,910:INFO:Calculating mean and std
2024-12-27 15:35:53,910:INFO:Creating metrics dataframe
2024-12-27 15:35:53,912:INFO:Finalizing model
2024-12-27 15:35:54,122:INFO:Uploading results into container
2024-12-27 15:35:54,123:INFO:Uploading model into container now
2024-12-27 15:35:54,123:INFO:_master_model_container: 21
2024-12-27 15:35:54,123:INFO:_display_container: 4
2024-12-27 15:35:54,123:INFO:ExtraTreesRegressor(n_jobs=-1, random_state=123)
2024-12-27 15:35:54,124:INFO:create_model() successfully completed......................................
2024-12-27 15:35:54,328:INFO:SubProcess create_model() end ==================================
2024-12-27 15:35:54,329:INFO:ExtraTreesRegressor(n_jobs=-1, random_state=123) result for R2 is 0.8884
2024-12-27 15:35:54,329:INFO:ExtraTreesRegressor(bootstrap=True, max_depth=9, min_impurity_decrease=0.1,
                    min_samples_leaf=4, min_samples_split=7, n_jobs=-1,
                    random_state=123) result for R2 is 0.8488
2024-12-27 15:35:54,330:INFO:ExtraTreesRegressor(n_jobs=-1, random_state=123) is best model
2024-12-27 15:35:54,330:INFO:choose_better completed
2024-12-27 15:35:54,330:INFO:Original model was better than the tuned model, hence it will be returned. NOTE: The display metrics are for the tuned model (not the original one).
2024-12-27 15:35:54,343:INFO:_master_model_container: 21
2024-12-27 15:35:54,344:INFO:_display_container: 3
2024-12-27 15:35:54,344:INFO:ExtraTreesRegressor(n_jobs=-1, random_state=123)
2024-12-27 15:35:54,344:INFO:tune_model() successfully completed......................................
2024-12-27 15:36:38,011:WARNING:
'cuml' is a soft dependency and not included in the pycaret installation. Please run: `pip install cuml` to install.
2024-12-27 15:36:38,011:WARNING:
'cuml' is a soft dependency and not included in the pycaret installation. Please run: `pip install cuml` to install.
2024-12-27 15:36:38,012:WARNING:
'cuml' is a soft dependency and not included in the pycaret installation. Please run: `pip install cuml` to install.
2024-12-27 15:36:38,012:WARNING:
'cuml' is a soft dependency and not included in the pycaret installation. Please run: `pip install cuml` to install.
2024-12-27 15:36:38,698:INFO:PyCaret RegressionExperiment
2024-12-27 15:36:38,698:INFO:Logging name: reg-default-name
2024-12-27 15:36:38,699:INFO:ML Usecase: MLUsecase.REGRESSION
2024-12-27 15:36:38,699:INFO:version 3.0.4
2024-12-27 15:36:38,699:INFO:Initializing setup()
2024-12-27 15:36:38,699:INFO:self.USI: c408
2024-12-27 15:36:38,699:INFO:self._variable_keys: {'logging_param', 'exp_id', 'fold_shuffle_param', 'X_train', 'y_train', 'gpu_n_jobs_param', 'idx', 'n_jobs_param', '_available_plots', 'data', 'html_param', 'fold_generator', 'y', 'memory', 'log_plots_param', 'fold_groups_param', 'seed', '_ml_usecase', 'USI', 'target_param', 'y_test', 'transform_target_param', 'gpu_param', 'pipeline', 'X_test', 'exp_name_log', 'X'}
2024-12-27 15:36:38,699:INFO:Checking environment
2024-12-27 15:36:38,699:INFO:python_version: 3.10.16
2024-12-27 15:36:38,699:INFO:python_build: ('main', 'Dec  5 2024 14:07:43')
2024-12-27 15:36:38,699:INFO:machine: AMD64
2024-12-27 15:36:38,709:INFO:platform: Windows-10-10.0.26100-SP0
2024-12-27 15:36:38,714:INFO:Memory: svmem(total=7893946368, available=1283149824, percent=83.7, used=6610796544, free=1283149824)
2024-12-27 15:36:38,714:INFO:Physical Core: 6
2024-12-27 15:36:38,714:INFO:Logical Core: 12
2024-12-27 15:36:38,714:INFO:Checking libraries
2024-12-27 15:36:38,715:INFO:System:
2024-12-27 15:36:38,715:INFO:    python: 3.10.16 | packaged by conda-forge | (main, Dec  5 2024, 14:07:43) [MSC v.1942 64 bit (AMD64)]
2024-12-27 15:36:38,715:INFO:executable: C:\Users\yashu\anaconda3\envs\env_linear_regression\python.exe
2024-12-27 15:36:38,715:INFO:   machine: Windows-10-10.0.26100-SP0
2024-12-27 15:36:38,715:INFO:PyCaret required dependencies:
2024-12-27 15:36:38,716:INFO:                 pip: 24.3.1
2024-12-27 15:36:38,716:INFO:          setuptools: 75.6.0
2024-12-27 15:36:38,716:INFO:             pycaret: 3.0.4
2024-12-27 15:36:38,716:INFO:             IPython: 8.31.0
2024-12-27 15:36:38,716:INFO:          ipywidgets: 8.1.5
2024-12-27 15:36:38,716:INFO:                tqdm: 4.67.1
2024-12-27 15:36:38,716:INFO:               numpy: 1.23.5
2024-12-27 15:36:38,716:INFO:              pandas: 1.5.3
2024-12-27 15:36:38,716:INFO:              jinja2: 3.1.5
2024-12-27 15:36:38,716:INFO:               scipy: 1.9.3
2024-12-27 15:36:38,716:INFO:              joblib: 1.2.0
2024-12-27 15:36:38,716:INFO:             sklearn: 1.2.2
2024-12-27 15:36:38,716:INFO:                pyod: 2.0.2
2024-12-27 15:36:38,716:INFO:            imblearn: 0.12.4
2024-12-27 15:36:38,716:INFO:   category_encoders: 2.6.4
2024-12-27 15:36:38,716:INFO:            lightgbm: 4.5.0
2024-12-27 15:36:38,716:INFO:               numba: 0.60.0
2024-12-27 15:36:38,716:INFO:            requests: 2.32.3
2024-12-27 15:36:38,716:INFO:          matplotlib: 3.10.0
2024-12-27 15:36:38,716:INFO:          scikitplot: 0.3.7
2024-12-27 15:36:38,716:INFO:         yellowbrick: 1.5
2024-12-27 15:36:38,716:INFO:              plotly: 5.24.1
2024-12-27 15:36:38,716:INFO:    plotly-resampler: Not installed
2024-12-27 15:36:38,716:INFO:             kaleido: 0.2.1
2024-12-27 15:36:38,716:INFO:           schemdraw: 0.15
2024-12-27 15:36:38,716:INFO:         statsmodels: 0.14.4
2024-12-27 15:36:38,716:INFO:              sktime: 0.21.1
2024-12-27 15:36:38,716:INFO:               tbats: 1.1.3
2024-12-27 15:36:38,716:INFO:            pmdarima: 2.0.4
2024-12-27 15:36:38,716:INFO:              psutil: 6.1.0
2024-12-27 15:36:38,716:INFO:          markupsafe: 3.0.2
2024-12-27 15:36:38,718:INFO:             pickle5: Not installed
2024-12-27 15:36:38,718:INFO:         cloudpickle: 3.1.0
2024-12-27 15:36:38,718:INFO:         deprecation: 2.1.0
2024-12-27 15:36:38,718:INFO:              xxhash: 3.5.0
2024-12-27 15:36:38,718:INFO:           wurlitzer: 3.1.1
2024-12-27 15:36:38,718:INFO:PyCaret optional dependencies:
2024-12-27 15:36:38,728:INFO:                shap: Not installed
2024-12-27 15:36:38,728:INFO:           interpret: Not installed
2024-12-27 15:36:38,728:INFO:                umap: 0.5.7
2024-12-27 15:36:38,728:INFO:    pandas_profiling: Not installed
2024-12-27 15:36:38,729:INFO:  explainerdashboard: Not installed
2024-12-27 15:36:38,729:INFO:             autoviz: Not installed
2024-12-27 15:36:38,729:INFO:           fairlearn: Not installed
2024-12-27 15:36:38,729:INFO:          deepchecks: Not installed
2024-12-27 15:36:38,729:INFO:             xgboost: 2.1.3
2024-12-27 15:36:38,729:INFO:            catboost: Not installed
2024-12-27 15:36:38,729:INFO:              kmodes: Not installed
2024-12-27 15:36:38,729:INFO:             mlxtend: Not installed
2024-12-27 15:36:38,729:INFO:       statsforecast: Not installed
2024-12-27 15:36:38,729:INFO:        tune_sklearn: Not installed
2024-12-27 15:36:38,729:INFO:                 ray: Not installed
2024-12-27 15:36:38,729:INFO:            hyperopt: Not installed
2024-12-27 15:36:38,729:INFO:              optuna: 4.1.0
2024-12-27 15:36:38,729:INFO:               skopt: Not installed
2024-12-27 15:36:38,729:INFO:              mlflow: 2.19.0
2024-12-27 15:36:38,729:INFO:              gradio: Not installed
2024-12-27 15:36:38,729:INFO:             fastapi: Not installed
2024-12-27 15:36:38,729:INFO:             uvicorn: Not installed
2024-12-27 15:36:38,729:INFO:              m2cgen: Not installed
2024-12-27 15:36:38,729:INFO:           evidently: Not installed
2024-12-27 15:36:38,729:INFO:               fugue: Not installed
2024-12-27 15:36:38,729:INFO:           streamlit: Not installed
2024-12-27 15:36:38,729:INFO:             prophet: Not installed
2024-12-27 15:36:38,729:INFO:None
2024-12-27 15:36:38,729:INFO:Set up data.
2024-12-27 15:36:38,737:INFO:Set up train/test split.
2024-12-27 15:36:38,741:INFO:Set up index.
2024-12-27 15:36:38,741:INFO:Set up folding strategy.
2024-12-27 15:36:38,741:INFO:Assigning column types.
2024-12-27 15:36:38,744:INFO:Engine successfully changes for model 'lr' to 'sklearn'.
2024-12-27 15:36:38,744:INFO:Engine for model 'lasso' has not been set explicitly, hence returning None.
2024-12-27 15:36:38,748:INFO:Engine for model 'ridge' has not been set explicitly, hence returning None.
2024-12-27 15:36:38,752:INFO:Engine for model 'en' has not been set explicitly, hence returning None.
2024-12-27 15:36:38,802:INFO:Engine for model 'svm' has not been set explicitly, hence returning None.
2024-12-27 15:36:38,841:INFO:Engine for model 'knn' has not been set explicitly, hence returning None.
2024-12-27 15:36:38,842:INFO:Soft dependency imported: xgboost: 2.1.3
2024-12-27 15:36:38,844:WARNING:
'catboost' is a soft dependency and not included in the pycaret installation. Please run: `pip install catboost` to install.
Alternately, you can install this by running `pip install pycaret[models]`
2024-12-27 15:36:38,844:INFO:Engine for model 'lasso' has not been set explicitly, hence returning None.
2024-12-27 15:36:38,848:INFO:Engine for model 'ridge' has not been set explicitly, hence returning None.
2024-12-27 15:36:38,853:INFO:Engine for model 'en' has not been set explicitly, hence returning None.
2024-12-27 15:36:38,906:INFO:Engine for model 'svm' has not been set explicitly, hence returning None.
2024-12-27 15:36:38,949:INFO:Engine for model 'knn' has not been set explicitly, hence returning None.
2024-12-27 15:36:38,950:INFO:Soft dependency imported: xgboost: 2.1.3
2024-12-27 15:36:38,952:WARNING:
'catboost' is a soft dependency and not included in the pycaret installation. Please run: `pip install catboost` to install.
Alternately, you can install this by running `pip install pycaret[models]`
2024-12-27 15:36:38,953:INFO:Engine successfully changes for model 'lasso' to 'sklearn'.
2024-12-27 15:36:38,957:INFO:Engine for model 'ridge' has not been set explicitly, hence returning None.
2024-12-27 15:36:38,961:INFO:Engine for model 'en' has not been set explicitly, hence returning None.
2024-12-27 15:36:39,017:INFO:Engine for model 'svm' has not been set explicitly, hence returning None.
2024-12-27 15:36:39,060:INFO:Engine for model 'knn' has not been set explicitly, hence returning None.
2024-12-27 15:36:39,060:INFO:Soft dependency imported: xgboost: 2.1.3
2024-12-27 15:36:39,063:WARNING:
'catboost' is a soft dependency and not included in the pycaret installation. Please run: `pip install catboost` to install.
Alternately, you can install this by running `pip install pycaret[models]`
2024-12-27 15:36:39,067:INFO:Engine for model 'ridge' has not been set explicitly, hence returning None.
2024-12-27 15:36:39,071:INFO:Engine for model 'en' has not been set explicitly, hence returning None.
2024-12-27 15:36:39,127:INFO:Engine for model 'svm' has not been set explicitly, hence returning None.
2024-12-27 15:36:39,167:INFO:Engine for model 'knn' has not been set explicitly, hence returning None.
2024-12-27 15:36:39,167:INFO:Soft dependency imported: xgboost: 2.1.3
2024-12-27 15:36:39,171:WARNING:
'catboost' is a soft dependency and not included in the pycaret installation. Please run: `pip install catboost` to install.
Alternately, you can install this by running `pip install pycaret[models]`
2024-12-27 15:36:39,171:INFO:Engine successfully changes for model 'ridge' to 'sklearn'.
2024-12-27 15:36:39,179:INFO:Engine for model 'en' has not been set explicitly, hence returning None.
2024-12-27 15:36:39,233:INFO:Engine for model 'svm' has not been set explicitly, hence returning None.
2024-12-27 15:36:39,281:INFO:Engine for model 'knn' has not been set explicitly, hence returning None.
2024-12-27 15:36:39,282:INFO:Soft dependency imported: xgboost: 2.1.3
2024-12-27 15:36:39,284:WARNING:
'catboost' is a soft dependency and not included in the pycaret installation. Please run: `pip install catboost` to install.
Alternately, you can install this by running `pip install pycaret[models]`
2024-12-27 15:36:39,293:INFO:Engine for model 'en' has not been set explicitly, hence returning None.
2024-12-27 15:36:39,356:INFO:Engine for model 'svm' has not been set explicitly, hence returning None.
2024-12-27 15:36:39,405:INFO:Engine for model 'knn' has not been set explicitly, hence returning None.
2024-12-27 15:36:39,405:INFO:Soft dependency imported: xgboost: 2.1.3
2024-12-27 15:36:39,409:WARNING:
'catboost' is a soft dependency and not included in the pycaret installation. Please run: `pip install catboost` to install.
Alternately, you can install this by running `pip install pycaret[models]`
2024-12-27 15:36:39,409:INFO:Engine successfully changes for model 'en' to 'sklearn'.
2024-12-27 15:36:39,488:INFO:Engine for model 'svm' has not been set explicitly, hence returning None.
2024-12-27 15:36:39,532:INFO:Engine for model 'knn' has not been set explicitly, hence returning None.
2024-12-27 15:36:39,533:INFO:Soft dependency imported: xgboost: 2.1.3
2024-12-27 15:36:39,535:WARNING:
'catboost' is a soft dependency and not included in the pycaret installation. Please run: `pip install catboost` to install.
Alternately, you can install this by running `pip install pycaret[models]`
2024-12-27 15:36:39,607:INFO:Engine for model 'svm' has not been set explicitly, hence returning None.
2024-12-27 15:36:39,653:INFO:Engine for model 'knn' has not been set explicitly, hence returning None.
2024-12-27 15:36:39,654:INFO:Soft dependency imported: xgboost: 2.1.3
2024-12-27 15:36:39,656:WARNING:
'catboost' is a soft dependency and not included in the pycaret installation. Please run: `pip install catboost` to install.
Alternately, you can install this by running `pip install pycaret[models]`
2024-12-27 15:36:39,656:INFO:Engine successfully changes for model 'knn' to 'sklearn'.
2024-12-27 15:36:39,739:INFO:Engine for model 'svm' has not been set explicitly, hence returning None.
2024-12-27 15:36:39,796:INFO:Soft dependency imported: xgboost: 2.1.3
2024-12-27 15:36:39,799:WARNING:
'catboost' is a soft dependency and not included in the pycaret installation. Please run: `pip install catboost` to install.
Alternately, you can install this by running `pip install pycaret[models]`
2024-12-27 15:36:39,865:INFO:Engine for model 'svm' has not been set explicitly, hence returning None.
2024-12-27 15:36:39,909:INFO:Soft dependency imported: xgboost: 2.1.3
2024-12-27 15:36:39,911:WARNING:
'catboost' is a soft dependency and not included in the pycaret installation. Please run: `pip install catboost` to install.
Alternately, you can install this by running `pip install pycaret[models]`
2024-12-27 15:36:39,912:INFO:Engine successfully changes for model 'svm' to 'sklearn'.
2024-12-27 15:36:40,022:INFO:Soft dependency imported: xgboost: 2.1.3
2024-12-27 15:36:40,025:WARNING:
'catboost' is a soft dependency and not included in the pycaret installation. Please run: `pip install catboost` to install.
Alternately, you can install this by running `pip install pycaret[models]`
2024-12-27 15:36:40,141:INFO:Soft dependency imported: xgboost: 2.1.3
2024-12-27 15:36:40,143:WARNING:
'catboost' is a soft dependency and not included in the pycaret installation. Please run: `pip install catboost` to install.
Alternately, you can install this by running `pip install pycaret[models]`
2024-12-27 15:36:40,147:INFO:Preparing preprocessing pipeline...
2024-12-27 15:36:40,147:INFO:Set up simple imputation.
2024-12-27 15:36:40,174:INFO:Finished creating preprocessing pipeline.
2024-12-27 15:36:40,181:INFO:Pipeline: Pipeline(memory=FastMemory(location=C:\Users\yashu\AppData\Local\Temp\joblib),
         steps=[('numerical_imputer',
                 TransformerWrapper(include=['crim', 'zn', 'indus', 'chas',
                                             'nox', 'rm', 'age', 'dis', 'rad',
                                             'tax', 'ptratio', 'b', 'lstat'],
                                    transformer=SimpleImputer())),
                ('categorical_imputer',
                 TransformerWrapper(include=[],
                                    transformer=SimpleImputer(strategy='most_frequent')))])
2024-12-27 15:36:40,182:INFO:Creating final display dataframe.
2024-12-27 15:36:40,251:INFO:Setup _display_container:                     Description             Value
0                    Session id               123
1                        Target              medv
2                   Target type        Regression
3           Original data shape         (506, 14)
4        Transformed data shape         (506, 14)
5   Transformed train set shape         (354, 14)
6    Transformed test set shape         (152, 14)
7              Numeric features                13
8                    Preprocess              True
9               Imputation type            simple
10           Numeric imputation              mean
11       Categorical imputation              mode
12               Fold Generator             KFold
13                  Fold Number                10
14                     CPU Jobs                -1
15                      Use GPU             False
16               Log Experiment             False
17              Experiment Name  reg-default-name
18                          USI              c408
2024-12-27 15:36:40,373:INFO:Soft dependency imported: xgboost: 2.1.3
2024-12-27 15:36:40,375:WARNING:
'catboost' is a soft dependency and not included in the pycaret installation. Please run: `pip install catboost` to install.
Alternately, you can install this by running `pip install pycaret[models]`
2024-12-27 15:36:40,512:INFO:Soft dependency imported: xgboost: 2.1.3
2024-12-27 15:36:40,515:WARNING:
'catboost' is a soft dependency and not included in the pycaret installation. Please run: `pip install catboost` to install.
Alternately, you can install this by running `pip install pycaret[models]`
2024-12-27 15:36:40,516:INFO:setup() successfully completed in 1.89s...............
2024-12-27 15:36:40,516:INFO:Initializing compare_models()
2024-12-27 15:36:40,516:INFO:compare_models(self=<pycaret.regression.oop.RegressionExperiment object at 0x000001B99697BB50>, include=None, fold=None, round=4, cross_validation=True, sort=R2, n_select=1, budget_time=None, turbo=True, errors=ignore, fit_kwargs=None, groups=None, experiment_custom_tags=None, probability_threshold=None, verbose=True, parallel=None, caller_params={'self': <pycaret.regression.oop.RegressionExperiment object at 0x000001B99697BB50>, 'include': None, 'exclude': None, 'fold': None, 'round': 4, 'cross_validation': True, 'sort': 'R2', 'n_select': 1, 'budget_time': None, 'turbo': True, 'errors': 'ignore', 'fit_kwargs': None, 'groups': None, 'experiment_custom_tags': None, 'engine': None, 'verbose': True, 'parallel': None, '__class__': <class 'pycaret.regression.oop.RegressionExperiment'>}, exclude=None)
2024-12-27 15:36:40,516:INFO:Checking exceptions
2024-12-27 15:36:40,518:INFO:Preparing display monitor
2024-12-27 15:36:40,521:INFO:Initializing Linear Regression
2024-12-27 15:36:40,521:INFO:Total runtime is 0.0 minutes
2024-12-27 15:36:40,521:INFO:SubProcess create_model() called ==================================
2024-12-27 15:36:40,521:INFO:Initializing create_model()
2024-12-27 15:36:40,521:INFO:create_model(self=<pycaret.regression.oop.RegressionExperiment object at 0x000001B99697BB50>, estimator=lr, fold=KFold(n_splits=10, random_state=None, shuffle=False), round=4, cross_validation=True, predict=True, fit_kwargs={}, groups=None, refit=False, probability_threshold=None, experiment_custom_tags=None, verbose=False, system=False, add_to_model_list=True, metrics=None, display=<pycaret.internal.display.display.CommonDisplay object at 0x000001B9A6550850>, model_only=True, return_train_score=False, kwargs={})
2024-12-27 15:36:40,521:INFO:Checking exceptions
2024-12-27 15:36:40,521:INFO:Importing libraries
2024-12-27 15:36:40,521:INFO:Copying training dataset
2024-12-27 15:36:40,524:INFO:Defining folds
2024-12-27 15:36:40,524:INFO:Declaring metric variables
2024-12-27 15:36:40,524:INFO:Importing untrained model
2024-12-27 15:36:40,524:INFO:Linear Regression Imported successfully
2024-12-27 15:36:40,524:INFO:Starting cross validation
2024-12-27 15:36:40,531:INFO:Cross validating with KFold(n_splits=10, random_state=None, shuffle=False), n_jobs=-1
2024-12-27 15:36:46,682:INFO:Calculating mean and std
2024-12-27 15:36:46,682:INFO:Creating metrics dataframe
2024-12-27 15:36:46,814:INFO:Uploading results into container
2024-12-27 15:36:46,815:INFO:Uploading model into container now
2024-12-27 15:36:46,815:INFO:_master_model_container: 1
2024-12-27 15:36:46,815:INFO:_display_container: 2
2024-12-27 15:36:46,816:INFO:LinearRegression(n_jobs=-1)
2024-12-27 15:36:46,816:INFO:create_model() successfully completed......................................
2024-12-27 15:36:46,961:INFO:SubProcess create_model() end ==================================
2024-12-27 15:36:46,961:INFO:Creating metrics dataframe
2024-12-27 15:36:46,967:INFO:Initializing Lasso Regression
2024-12-27 15:36:46,967:INFO:Total runtime is 0.10744232336680094 minutes
2024-12-27 15:36:46,967:INFO:SubProcess create_model() called ==================================
2024-12-27 15:36:46,967:INFO:Initializing create_model()
2024-12-27 15:36:46,967:INFO:create_model(self=<pycaret.regression.oop.RegressionExperiment object at 0x000001B99697BB50>, estimator=lasso, fold=KFold(n_splits=10, random_state=None, shuffle=False), round=4, cross_validation=True, predict=True, fit_kwargs={}, groups=None, refit=False, probability_threshold=None, experiment_custom_tags=None, verbose=False, system=False, add_to_model_list=True, metrics=None, display=<pycaret.internal.display.display.CommonDisplay object at 0x000001B9A6550850>, model_only=True, return_train_score=False, kwargs={})
2024-12-27 15:36:46,969:INFO:Checking exceptions
2024-12-27 15:36:46,969:INFO:Importing libraries
2024-12-27 15:36:46,969:INFO:Copying training dataset
2024-12-27 15:36:46,972:INFO:Defining folds
2024-12-27 15:36:46,972:INFO:Declaring metric variables
2024-12-27 15:36:46,972:INFO:Importing untrained model
2024-12-27 15:36:46,972:INFO:Lasso Regression Imported successfully
2024-12-27 15:36:46,973:INFO:Starting cross validation
2024-12-27 15:36:46,974:INFO:Cross validating with KFold(n_splits=10, random_state=None, shuffle=False), n_jobs=-1
2024-12-27 15:36:49,444:INFO:Calculating mean and std
2024-12-27 15:36:49,445:INFO:Creating metrics dataframe
2024-12-27 15:36:49,566:INFO:Uploading results into container
2024-12-27 15:36:49,567:INFO:Uploading model into container now
2024-12-27 15:36:49,567:INFO:_master_model_container: 2
2024-12-27 15:36:49,568:INFO:_display_container: 2
2024-12-27 15:36:49,568:INFO:Lasso(random_state=123)
2024-12-27 15:36:49,568:INFO:create_model() successfully completed......................................
2024-12-27 15:36:49,687:INFO:SubProcess create_model() end ==================================
2024-12-27 15:36:49,687:INFO:Creating metrics dataframe
2024-12-27 15:36:49,691:INFO:Initializing Ridge Regression
2024-12-27 15:36:49,691:INFO:Total runtime is 0.1528423508008321 minutes
2024-12-27 15:36:49,691:INFO:SubProcess create_model() called ==================================
2024-12-27 15:36:49,691:INFO:Initializing create_model()
2024-12-27 15:36:49,691:INFO:create_model(self=<pycaret.regression.oop.RegressionExperiment object at 0x000001B99697BB50>, estimator=ridge, fold=KFold(n_splits=10, random_state=None, shuffle=False), round=4, cross_validation=True, predict=True, fit_kwargs={}, groups=None, refit=False, probability_threshold=None, experiment_custom_tags=None, verbose=False, system=False, add_to_model_list=True, metrics=None, display=<pycaret.internal.display.display.CommonDisplay object at 0x000001B9A6550850>, model_only=True, return_train_score=False, kwargs={})
2024-12-27 15:36:49,692:INFO:Checking exceptions
2024-12-27 15:36:49,692:INFO:Importing libraries
2024-12-27 15:36:49,692:INFO:Copying training dataset
2024-12-27 15:36:49,694:INFO:Defining folds
2024-12-27 15:36:49,694:INFO:Declaring metric variables
2024-12-27 15:36:49,694:INFO:Importing untrained model
2024-12-27 15:36:49,696:INFO:Ridge Regression Imported successfully
2024-12-27 15:36:49,696:INFO:Starting cross validation
2024-12-27 15:36:49,697:INFO:Cross validating with KFold(n_splits=10, random_state=None, shuffle=False), n_jobs=-1
2024-12-27 15:36:50,486:INFO:Calculating mean and std
2024-12-27 15:36:50,486:INFO:Creating metrics dataframe
2024-12-27 15:36:50,619:INFO:Uploading results into container
2024-12-27 15:36:50,619:INFO:Uploading model into container now
2024-12-27 15:36:50,619:INFO:_master_model_container: 3
2024-12-27 15:36:50,619:INFO:_display_container: 2
2024-12-27 15:36:50,620:INFO:Ridge(random_state=123)
2024-12-27 15:36:50,620:INFO:create_model() successfully completed......................................
2024-12-27 15:36:50,736:INFO:SubProcess create_model() end ==================================
2024-12-27 15:36:50,736:INFO:Creating metrics dataframe
2024-12-27 15:36:50,740:INFO:Initializing Elastic Net
2024-12-27 15:36:50,740:INFO:Total runtime is 0.17031867106755574 minutes
2024-12-27 15:36:50,740:INFO:SubProcess create_model() called ==================================
2024-12-27 15:36:50,740:INFO:Initializing create_model()
2024-12-27 15:36:50,740:INFO:create_model(self=<pycaret.regression.oop.RegressionExperiment object at 0x000001B99697BB50>, estimator=en, fold=KFold(n_splits=10, random_state=None, shuffle=False), round=4, cross_validation=True, predict=True, fit_kwargs={}, groups=None, refit=False, probability_threshold=None, experiment_custom_tags=None, verbose=False, system=False, add_to_model_list=True, metrics=None, display=<pycaret.internal.display.display.CommonDisplay object at 0x000001B9A6550850>, model_only=True, return_train_score=False, kwargs={})
2024-12-27 15:36:50,740:INFO:Checking exceptions
2024-12-27 15:36:50,741:INFO:Importing libraries
2024-12-27 15:36:50,741:INFO:Copying training dataset
2024-12-27 15:36:50,743:INFO:Defining folds
2024-12-27 15:36:50,743:INFO:Declaring metric variables
2024-12-27 15:36:50,744:INFO:Importing untrained model
2024-12-27 15:36:50,744:INFO:Elastic Net Imported successfully
2024-12-27 15:36:50,744:INFO:Starting cross validation
2024-12-27 15:36:50,745:INFO:Cross validating with KFold(n_splits=10, random_state=None, shuffle=False), n_jobs=-1
2024-12-27 15:36:51,543:INFO:Calculating mean and std
2024-12-27 15:36:51,544:INFO:Creating metrics dataframe
2024-12-27 15:36:51,679:INFO:Uploading results into container
2024-12-27 15:36:51,680:INFO:Uploading model into container now
2024-12-27 15:36:51,681:INFO:_master_model_container: 4
2024-12-27 15:36:51,681:INFO:_display_container: 2
2024-12-27 15:36:51,681:INFO:ElasticNet(random_state=123)
2024-12-27 15:36:51,682:INFO:create_model() successfully completed......................................
2024-12-27 15:36:51,808:INFO:SubProcess create_model() end ==================================
2024-12-27 15:36:51,809:INFO:Creating metrics dataframe
2024-12-27 15:36:51,813:INFO:Initializing Least Angle Regression
2024-12-27 15:36:51,813:INFO:Total runtime is 0.18820568720499675 minutes
2024-12-27 15:36:51,813:INFO:SubProcess create_model() called ==================================
2024-12-27 15:36:51,813:INFO:Initializing create_model()
2024-12-27 15:36:51,814:INFO:create_model(self=<pycaret.regression.oop.RegressionExperiment object at 0x000001B99697BB50>, estimator=lar, fold=KFold(n_splits=10, random_state=None, shuffle=False), round=4, cross_validation=True, predict=True, fit_kwargs={}, groups=None, refit=False, probability_threshold=None, experiment_custom_tags=None, verbose=False, system=False, add_to_model_list=True, metrics=None, display=<pycaret.internal.display.display.CommonDisplay object at 0x000001B9A6550850>, model_only=True, return_train_score=False, kwargs={})
2024-12-27 15:36:51,814:INFO:Checking exceptions
2024-12-27 15:36:51,814:INFO:Importing libraries
2024-12-27 15:36:51,814:INFO:Copying training dataset
2024-12-27 15:36:51,817:INFO:Defining folds
2024-12-27 15:36:51,817:INFO:Declaring metric variables
2024-12-27 15:36:51,818:INFO:Importing untrained model
2024-12-27 15:36:51,818:INFO:Least Angle Regression Imported successfully
2024-12-27 15:36:51,818:INFO:Starting cross validation
2024-12-27 15:36:51,819:INFO:Cross validating with KFold(n_splits=10, random_state=None, shuffle=False), n_jobs=-1
2024-12-27 15:36:52,668:INFO:Calculating mean and std
2024-12-27 15:36:52,668:INFO:Creating metrics dataframe
2024-12-27 15:36:52,799:INFO:Uploading results into container
2024-12-27 15:36:52,800:INFO:Uploading model into container now
2024-12-27 15:36:52,801:INFO:_master_model_container: 5
2024-12-27 15:36:52,801:INFO:_display_container: 2
2024-12-27 15:36:52,802:INFO:Lars(random_state=123)
2024-12-27 15:36:52,802:INFO:create_model() successfully completed......................................
2024-12-27 15:36:52,915:INFO:SubProcess create_model() end ==================================
2024-12-27 15:36:52,915:INFO:Creating metrics dataframe
2024-12-27 15:36:52,919:INFO:Initializing Lasso Least Angle Regression
2024-12-27 15:36:52,919:INFO:Total runtime is 0.20663259824117025 minutes
2024-12-27 15:36:52,919:INFO:SubProcess create_model() called ==================================
2024-12-27 15:36:52,920:INFO:Initializing create_model()
2024-12-27 15:36:52,920:INFO:create_model(self=<pycaret.regression.oop.RegressionExperiment object at 0x000001B99697BB50>, estimator=llar, fold=KFold(n_splits=10, random_state=None, shuffle=False), round=4, cross_validation=True, predict=True, fit_kwargs={}, groups=None, refit=False, probability_threshold=None, experiment_custom_tags=None, verbose=False, system=False, add_to_model_list=True, metrics=None, display=<pycaret.internal.display.display.CommonDisplay object at 0x000001B9A6550850>, model_only=True, return_train_score=False, kwargs={})
2024-12-27 15:36:52,920:INFO:Checking exceptions
2024-12-27 15:36:52,920:INFO:Importing libraries
2024-12-27 15:36:52,920:INFO:Copying training dataset
2024-12-27 15:36:52,923:INFO:Defining folds
2024-12-27 15:36:52,923:INFO:Declaring metric variables
2024-12-27 15:36:52,923:INFO:Importing untrained model
2024-12-27 15:36:52,923:INFO:Lasso Least Angle Regression Imported successfully
2024-12-27 15:36:52,923:INFO:Starting cross validation
2024-12-27 15:36:52,924:INFO:Cross validating with KFold(n_splits=10, random_state=None, shuffle=False), n_jobs=-1
2024-12-27 15:36:53,683:INFO:Calculating mean and std
2024-12-27 15:36:53,684:INFO:Creating metrics dataframe
2024-12-27 15:36:53,813:INFO:Uploading results into container
2024-12-27 15:36:53,814:INFO:Uploading model into container now
2024-12-27 15:36:53,814:INFO:_master_model_container: 6
2024-12-27 15:36:53,814:INFO:_display_container: 2
2024-12-27 15:36:53,815:INFO:LassoLars(random_state=123)
2024-12-27 15:36:53,815:INFO:create_model() successfully completed......................................
2024-12-27 15:36:53,932:INFO:SubProcess create_model() end ==================================
2024-12-27 15:36:53,932:INFO:Creating metrics dataframe
2024-12-27 15:36:53,936:INFO:Initializing Orthogonal Matching Pursuit
2024-12-27 15:36:53,936:INFO:Total runtime is 0.22358561356862386 minutes
2024-12-27 15:36:53,936:INFO:SubProcess create_model() called ==================================
2024-12-27 15:36:53,936:INFO:Initializing create_model()
2024-12-27 15:36:53,936:INFO:create_model(self=<pycaret.regression.oop.RegressionExperiment object at 0x000001B99697BB50>, estimator=omp, fold=KFold(n_splits=10, random_state=None, shuffle=False), round=4, cross_validation=True, predict=True, fit_kwargs={}, groups=None, refit=False, probability_threshold=None, experiment_custom_tags=None, verbose=False, system=False, add_to_model_list=True, metrics=None, display=<pycaret.internal.display.display.CommonDisplay object at 0x000001B9A6550850>, model_only=True, return_train_score=False, kwargs={})
2024-12-27 15:36:53,936:INFO:Checking exceptions
2024-12-27 15:36:53,936:INFO:Importing libraries
2024-12-27 15:36:53,936:INFO:Copying training dataset
2024-12-27 15:36:53,939:INFO:Defining folds
2024-12-27 15:36:53,939:INFO:Declaring metric variables
2024-12-27 15:36:53,939:INFO:Importing untrained model
2024-12-27 15:36:53,940:INFO:Orthogonal Matching Pursuit Imported successfully
2024-12-27 15:36:53,940:INFO:Starting cross validation
2024-12-27 15:36:53,941:INFO:Cross validating with KFold(n_splits=10, random_state=None, shuffle=False), n_jobs=-1
2024-12-27 15:36:54,706:INFO:Calculating mean and std
2024-12-27 15:36:54,706:INFO:Creating metrics dataframe
2024-12-27 15:36:54,834:INFO:Uploading results into container
2024-12-27 15:36:54,835:INFO:Uploading model into container now
2024-12-27 15:36:54,835:INFO:_master_model_container: 7
2024-12-27 15:36:54,835:INFO:_display_container: 2
2024-12-27 15:36:54,836:INFO:OrthogonalMatchingPursuit()
2024-12-27 15:36:54,836:INFO:create_model() successfully completed......................................
2024-12-27 15:36:54,957:INFO:SubProcess create_model() end ==================================
2024-12-27 15:36:54,957:INFO:Creating metrics dataframe
2024-12-27 15:36:54,962:INFO:Initializing Bayesian Ridge
2024-12-27 15:36:54,962:INFO:Total runtime is 0.24069339036941528 minutes
2024-12-27 15:36:54,962:INFO:SubProcess create_model() called ==================================
2024-12-27 15:36:54,962:INFO:Initializing create_model()
2024-12-27 15:36:54,962:INFO:create_model(self=<pycaret.regression.oop.RegressionExperiment object at 0x000001B99697BB50>, estimator=br, fold=KFold(n_splits=10, random_state=None, shuffle=False), round=4, cross_validation=True, predict=True, fit_kwargs={}, groups=None, refit=False, probability_threshold=None, experiment_custom_tags=None, verbose=False, system=False, add_to_model_list=True, metrics=None, display=<pycaret.internal.display.display.CommonDisplay object at 0x000001B9A6550850>, model_only=True, return_train_score=False, kwargs={})
2024-12-27 15:36:54,963:INFO:Checking exceptions
2024-12-27 15:36:54,963:INFO:Importing libraries
2024-12-27 15:36:54,963:INFO:Copying training dataset
2024-12-27 15:36:54,966:INFO:Defining folds
2024-12-27 15:36:54,966:INFO:Declaring metric variables
2024-12-27 15:36:54,967:INFO:Importing untrained model
2024-12-27 15:36:54,967:INFO:Bayesian Ridge Imported successfully
2024-12-27 15:36:54,967:INFO:Starting cross validation
2024-12-27 15:36:54,968:INFO:Cross validating with KFold(n_splits=10, random_state=None, shuffle=False), n_jobs=-1
2024-12-27 15:36:55,762:INFO:Calculating mean and std
2024-12-27 15:36:55,763:INFO:Creating metrics dataframe
2024-12-27 15:36:55,893:INFO:Uploading results into container
2024-12-27 15:36:55,894:INFO:Uploading model into container now
2024-12-27 15:36:55,895:INFO:_master_model_container: 8
2024-12-27 15:36:55,895:INFO:_display_container: 2
2024-12-27 15:36:55,895:INFO:BayesianRidge()
2024-12-27 15:36:55,895:INFO:create_model() successfully completed......................................
2024-12-27 15:36:56,008:INFO:SubProcess create_model() end ==================================
2024-12-27 15:36:56,008:INFO:Creating metrics dataframe
2024-12-27 15:36:56,012:INFO:Initializing Passive Aggressive Regressor
2024-12-27 15:36:56,012:INFO:Total runtime is 0.25819192330042523 minutes
2024-12-27 15:36:56,012:INFO:SubProcess create_model() called ==================================
2024-12-27 15:36:56,013:INFO:Initializing create_model()
2024-12-27 15:36:56,013:INFO:create_model(self=<pycaret.regression.oop.RegressionExperiment object at 0x000001B99697BB50>, estimator=par, fold=KFold(n_splits=10, random_state=None, shuffle=False), round=4, cross_validation=True, predict=True, fit_kwargs={}, groups=None, refit=False, probability_threshold=None, experiment_custom_tags=None, verbose=False, system=False, add_to_model_list=True, metrics=None, display=<pycaret.internal.display.display.CommonDisplay object at 0x000001B9A6550850>, model_only=True, return_train_score=False, kwargs={})
2024-12-27 15:36:56,013:INFO:Checking exceptions
2024-12-27 15:36:56,013:INFO:Importing libraries
2024-12-27 15:36:56,013:INFO:Copying training dataset
2024-12-27 15:36:56,016:INFO:Defining folds
2024-12-27 15:36:56,016:INFO:Declaring metric variables
2024-12-27 15:36:56,016:INFO:Importing untrained model
2024-12-27 15:36:56,016:INFO:Passive Aggressive Regressor Imported successfully
2024-12-27 15:36:56,017:INFO:Starting cross validation
2024-12-27 15:36:56,017:INFO:Cross validating with KFold(n_splits=10, random_state=None, shuffle=False), n_jobs=-1
2024-12-27 15:36:56,791:INFO:Calculating mean and std
2024-12-27 15:36:56,792:INFO:Creating metrics dataframe
2024-12-27 15:36:56,924:INFO:Uploading results into container
2024-12-27 15:36:56,925:INFO:Uploading model into container now
2024-12-27 15:36:56,925:INFO:_master_model_container: 9
2024-12-27 15:36:56,925:INFO:_display_container: 2
2024-12-27 15:36:56,926:INFO:PassiveAggressiveRegressor(random_state=123)
2024-12-27 15:36:56,926:INFO:create_model() successfully completed......................................
2024-12-27 15:36:57,041:INFO:SubProcess create_model() end ==================================
2024-12-27 15:36:57,041:INFO:Creating metrics dataframe
2024-12-27 15:36:57,045:INFO:Initializing Huber Regressor
2024-12-27 15:36:57,045:INFO:Total runtime is 0.2753971695899964 minutes
2024-12-27 15:36:57,045:INFO:SubProcess create_model() called ==================================
2024-12-27 15:36:57,045:INFO:Initializing create_model()
2024-12-27 15:36:57,045:INFO:create_model(self=<pycaret.regression.oop.RegressionExperiment object at 0x000001B99697BB50>, estimator=huber, fold=KFold(n_splits=10, random_state=None, shuffle=False), round=4, cross_validation=True, predict=True, fit_kwargs={}, groups=None, refit=False, probability_threshold=None, experiment_custom_tags=None, verbose=False, system=False, add_to_model_list=True, metrics=None, display=<pycaret.internal.display.display.CommonDisplay object at 0x000001B9A6550850>, model_only=True, return_train_score=False, kwargs={})
2024-12-27 15:36:57,045:INFO:Checking exceptions
2024-12-27 15:36:57,045:INFO:Importing libraries
2024-12-27 15:36:57,045:INFO:Copying training dataset
2024-12-27 15:36:57,048:INFO:Defining folds
2024-12-27 15:36:57,048:INFO:Declaring metric variables
2024-12-27 15:36:57,048:INFO:Importing untrained model
2024-12-27 15:36:57,049:INFO:Huber Regressor Imported successfully
2024-12-27 15:36:57,049:INFO:Starting cross validation
2024-12-27 15:36:57,049:INFO:Cross validating with KFold(n_splits=10, random_state=None, shuffle=False), n_jobs=-1
2024-12-27 15:36:57,126:WARNING:C:\Users\yashu\anaconda3\envs\env_linear_regression\lib\site-packages\sklearn\linear_model\_huber.py:342: ConvergenceWarning: lbfgs failed to converge (status=1):
STOP: TOTAL NO. of ITERATIONS REACHED LIMIT.

Increase the number of iterations (max_iter) or scale the data as shown in:
    https://scikit-learn.org/stable/modules/preprocessing.html
  self.n_iter_ = _check_optimize_result("lbfgs", opt_res, self.max_iter)

2024-12-27 15:36:57,134:WARNING:C:\Users\yashu\anaconda3\envs\env_linear_regression\lib\site-packages\sklearn\linear_model\_huber.py:342: ConvergenceWarning: lbfgs failed to converge (status=1):
STOP: TOTAL NO. of ITERATIONS REACHED LIMIT.

Increase the number of iterations (max_iter) or scale the data as shown in:
    https://scikit-learn.org/stable/modules/preprocessing.html
  self.n_iter_ = _check_optimize_result("lbfgs", opt_res, self.max_iter)

2024-12-27 15:36:57,141:WARNING:C:\Users\yashu\anaconda3\envs\env_linear_regression\lib\site-packages\sklearn\linear_model\_huber.py:342: ConvergenceWarning: lbfgs failed to converge (status=1):
STOP: TOTAL NO. of ITERATIONS REACHED LIMIT.

Increase the number of iterations (max_iter) or scale the data as shown in:
    https://scikit-learn.org/stable/modules/preprocessing.html
  self.n_iter_ = _check_optimize_result("lbfgs", opt_res, self.max_iter)

2024-12-27 15:36:57,152:WARNING:C:\Users\yashu\anaconda3\envs\env_linear_regression\lib\site-packages\sklearn\linear_model\_huber.py:342: ConvergenceWarning: lbfgs failed to converge (status=1):
STOP: TOTAL NO. of ITERATIONS REACHED LIMIT.

Increase the number of iterations (max_iter) or scale the data as shown in:
    https://scikit-learn.org/stable/modules/preprocessing.html
  self.n_iter_ = _check_optimize_result("lbfgs", opt_res, self.max_iter)

2024-12-27 15:36:57,156:WARNING:C:\Users\yashu\anaconda3\envs\env_linear_regression\lib\site-packages\sklearn\linear_model\_huber.py:342: ConvergenceWarning: lbfgs failed to converge (status=1):
STOP: TOTAL NO. of ITERATIONS REACHED LIMIT.

Increase the number of iterations (max_iter) or scale the data as shown in:
    https://scikit-learn.org/stable/modules/preprocessing.html
  self.n_iter_ = _check_optimize_result("lbfgs", opt_res, self.max_iter)

2024-12-27 15:36:57,174:WARNING:C:\Users\yashu\anaconda3\envs\env_linear_regression\lib\site-packages\sklearn\linear_model\_huber.py:342: ConvergenceWarning: lbfgs failed to converge (status=1):
STOP: TOTAL NO. of ITERATIONS REACHED LIMIT.

Increase the number of iterations (max_iter) or scale the data as shown in:
    https://scikit-learn.org/stable/modules/preprocessing.html
  self.n_iter_ = _check_optimize_result("lbfgs", opt_res, self.max_iter)

2024-12-27 15:36:57,187:WARNING:C:\Users\yashu\anaconda3\envs\env_linear_regression\lib\site-packages\sklearn\linear_model\_huber.py:342: ConvergenceWarning: lbfgs failed to converge (status=1):
STOP: TOTAL NO. of ITERATIONS REACHED LIMIT.

Increase the number of iterations (max_iter) or scale the data as shown in:
    https://scikit-learn.org/stable/modules/preprocessing.html
  self.n_iter_ = _check_optimize_result("lbfgs", opt_res, self.max_iter)

2024-12-27 15:36:57,193:WARNING:C:\Users\yashu\anaconda3\envs\env_linear_regression\lib\site-packages\sklearn\linear_model\_huber.py:342: ConvergenceWarning: lbfgs failed to converge (status=1):
STOP: TOTAL NO. of ITERATIONS REACHED LIMIT.

Increase the number of iterations (max_iter) or scale the data as shown in:
    https://scikit-learn.org/stable/modules/preprocessing.html
  self.n_iter_ = _check_optimize_result("lbfgs", opt_res, self.max_iter)

2024-12-27 15:36:57,196:WARNING:C:\Users\yashu\anaconda3\envs\env_linear_regression\lib\site-packages\sklearn\linear_model\_huber.py:342: ConvergenceWarning: lbfgs failed to converge (status=1):
STOP: TOTAL NO. of ITERATIONS REACHED LIMIT.

Increase the number of iterations (max_iter) or scale the data as shown in:
    https://scikit-learn.org/stable/modules/preprocessing.html
  self.n_iter_ = _check_optimize_result("lbfgs", opt_res, self.max_iter)

2024-12-27 15:36:57,215:WARNING:C:\Users\yashu\anaconda3\envs\env_linear_regression\lib\site-packages\sklearn\linear_model\_huber.py:342: ConvergenceWarning: lbfgs failed to converge (status=1):
STOP: TOTAL NO. of ITERATIONS REACHED LIMIT.

Increase the number of iterations (max_iter) or scale the data as shown in:
    https://scikit-learn.org/stable/modules/preprocessing.html
  self.n_iter_ = _check_optimize_result("lbfgs", opt_res, self.max_iter)

2024-12-27 15:36:57,857:INFO:Calculating mean and std
2024-12-27 15:36:57,858:INFO:Creating metrics dataframe
2024-12-27 15:36:57,992:INFO:Uploading results into container
2024-12-27 15:36:57,994:INFO:Uploading model into container now
2024-12-27 15:36:57,994:INFO:_master_model_container: 10
2024-12-27 15:36:57,994:INFO:_display_container: 2
2024-12-27 15:36:57,995:INFO:HuberRegressor()
2024-12-27 15:36:57,995:INFO:create_model() successfully completed......................................
2024-12-27 15:36:58,108:INFO:SubProcess create_model() end ==================================
2024-12-27 15:36:58,108:INFO:Creating metrics dataframe
2024-12-27 15:36:58,112:INFO:Initializing K Neighbors Regressor
2024-12-27 15:36:58,112:INFO:Total runtime is 0.29318289756774907 minutes
2024-12-27 15:36:58,113:INFO:SubProcess create_model() called ==================================
2024-12-27 15:36:58,113:INFO:Initializing create_model()
2024-12-27 15:36:58,113:INFO:create_model(self=<pycaret.regression.oop.RegressionExperiment object at 0x000001B99697BB50>, estimator=knn, fold=KFold(n_splits=10, random_state=None, shuffle=False), round=4, cross_validation=True, predict=True, fit_kwargs={}, groups=None, refit=False, probability_threshold=None, experiment_custom_tags=None, verbose=False, system=False, add_to_model_list=True, metrics=None, display=<pycaret.internal.display.display.CommonDisplay object at 0x000001B9A6550850>, model_only=True, return_train_score=False, kwargs={})
2024-12-27 15:36:58,113:INFO:Checking exceptions
2024-12-27 15:36:58,113:INFO:Importing libraries
2024-12-27 15:36:58,113:INFO:Copying training dataset
2024-12-27 15:36:58,116:INFO:Defining folds
2024-12-27 15:36:58,116:INFO:Declaring metric variables
2024-12-27 15:36:58,116:INFO:Importing untrained model
2024-12-27 15:36:58,117:INFO:K Neighbors Regressor Imported successfully
2024-12-27 15:36:58,117:INFO:Starting cross validation
2024-12-27 15:36:58,118:INFO:Cross validating with KFold(n_splits=10, random_state=None, shuffle=False), n_jobs=-1
2024-12-27 15:36:58,898:INFO:Calculating mean and std
2024-12-27 15:36:58,898:INFO:Creating metrics dataframe
2024-12-27 15:36:59,030:INFO:Uploading results into container
2024-12-27 15:36:59,031:INFO:Uploading model into container now
2024-12-27 15:36:59,031:INFO:_master_model_container: 11
2024-12-27 15:36:59,031:INFO:_display_container: 2
2024-12-27 15:36:59,031:INFO:KNeighborsRegressor(n_jobs=-1)
2024-12-27 15:36:59,031:INFO:create_model() successfully completed......................................
2024-12-27 15:36:59,145:INFO:SubProcess create_model() end ==================================
2024-12-27 15:36:59,145:INFO:Creating metrics dataframe
2024-12-27 15:36:59,149:INFO:Initializing Decision Tree Regressor
2024-12-27 15:36:59,150:INFO:Total runtime is 0.3104673425356547 minutes
2024-12-27 15:36:59,150:INFO:SubProcess create_model() called ==================================
2024-12-27 15:36:59,150:INFO:Initializing create_model()
2024-12-27 15:36:59,150:INFO:create_model(self=<pycaret.regression.oop.RegressionExperiment object at 0x000001B99697BB50>, estimator=dt, fold=KFold(n_splits=10, random_state=None, shuffle=False), round=4, cross_validation=True, predict=True, fit_kwargs={}, groups=None, refit=False, probability_threshold=None, experiment_custom_tags=None, verbose=False, system=False, add_to_model_list=True, metrics=None, display=<pycaret.internal.display.display.CommonDisplay object at 0x000001B9A6550850>, model_only=True, return_train_score=False, kwargs={})
2024-12-27 15:36:59,150:INFO:Checking exceptions
2024-12-27 15:36:59,150:INFO:Importing libraries
2024-12-27 15:36:59,150:INFO:Copying training dataset
2024-12-27 15:36:59,153:INFO:Defining folds
2024-12-27 15:36:59,153:INFO:Declaring metric variables
2024-12-27 15:36:59,153:INFO:Importing untrained model
2024-12-27 15:36:59,154:INFO:Decision Tree Regressor Imported successfully
2024-12-27 15:36:59,154:INFO:Starting cross validation
2024-12-27 15:36:59,154:INFO:Cross validating with KFold(n_splits=10, random_state=None, shuffle=False), n_jobs=-1
2024-12-27 15:36:59,930:INFO:Calculating mean and std
2024-12-27 15:36:59,931:INFO:Creating metrics dataframe
2024-12-27 15:37:00,064:INFO:Uploading results into container
2024-12-27 15:37:00,064:INFO:Uploading model into container now
2024-12-27 15:37:00,065:INFO:_master_model_container: 12
2024-12-27 15:37:00,065:INFO:_display_container: 2
2024-12-27 15:37:00,065:INFO:DecisionTreeRegressor(random_state=123)
2024-12-27 15:37:00,065:INFO:create_model() successfully completed......................................
2024-12-27 15:37:00,181:INFO:SubProcess create_model() end ==================================
2024-12-27 15:37:00,181:INFO:Creating metrics dataframe
2024-12-27 15:37:00,185:INFO:Initializing Random Forest Regressor
2024-12-27 15:37:00,185:INFO:Total runtime is 0.32773643334706626 minutes
2024-12-27 15:37:00,185:INFO:SubProcess create_model() called ==================================
2024-12-27 15:37:00,185:INFO:Initializing create_model()
2024-12-27 15:37:00,185:INFO:create_model(self=<pycaret.regression.oop.RegressionExperiment object at 0x000001B99697BB50>, estimator=rf, fold=KFold(n_splits=10, random_state=None, shuffle=False), round=4, cross_validation=True, predict=True, fit_kwargs={}, groups=None, refit=False, probability_threshold=None, experiment_custom_tags=None, verbose=False, system=False, add_to_model_list=True, metrics=None, display=<pycaret.internal.display.display.CommonDisplay object at 0x000001B9A6550850>, model_only=True, return_train_score=False, kwargs={})
2024-12-27 15:37:00,185:INFO:Checking exceptions
2024-12-27 15:37:00,185:INFO:Importing libraries
2024-12-27 15:37:00,185:INFO:Copying training dataset
2024-12-27 15:37:00,188:INFO:Defining folds
2024-12-27 15:37:00,188:INFO:Declaring metric variables
2024-12-27 15:37:00,188:INFO:Importing untrained model
2024-12-27 15:37:00,189:INFO:Random Forest Regressor Imported successfully
2024-12-27 15:37:00,189:INFO:Starting cross validation
2024-12-27 15:37:00,189:INFO:Cross validating with KFold(n_splits=10, random_state=None, shuffle=False), n_jobs=-1
2024-12-27 15:37:01,116:INFO:Calculating mean and std
2024-12-27 15:37:01,118:INFO:Creating metrics dataframe
2024-12-27 15:37:01,249:INFO:Uploading results into container
2024-12-27 15:37:01,250:INFO:Uploading model into container now
2024-12-27 15:37:01,251:INFO:_master_model_container: 13
2024-12-27 15:37:01,251:INFO:_display_container: 2
2024-12-27 15:37:01,251:INFO:RandomForestRegressor(n_jobs=-1, random_state=123)
2024-12-27 15:37:01,252:INFO:create_model() successfully completed......................................
2024-12-27 15:37:01,382:INFO:SubProcess create_model() end ==================================
2024-12-27 15:37:01,382:INFO:Creating metrics dataframe
2024-12-27 15:37:01,390:INFO:Initializing Extra Trees Regressor
2024-12-27 15:37:01,390:INFO:Total runtime is 0.3478194197018941 minutes
2024-12-27 15:37:01,390:INFO:SubProcess create_model() called ==================================
2024-12-27 15:37:01,390:INFO:Initializing create_model()
2024-12-27 15:37:01,390:INFO:create_model(self=<pycaret.regression.oop.RegressionExperiment object at 0x000001B99697BB50>, estimator=et, fold=KFold(n_splits=10, random_state=None, shuffle=False), round=4, cross_validation=True, predict=True, fit_kwargs={}, groups=None, refit=False, probability_threshold=None, experiment_custom_tags=None, verbose=False, system=False, add_to_model_list=True, metrics=None, display=<pycaret.internal.display.display.CommonDisplay object at 0x000001B9A6550850>, model_only=True, return_train_score=False, kwargs={})
2024-12-27 15:37:01,390:INFO:Checking exceptions
2024-12-27 15:37:01,390:INFO:Importing libraries
2024-12-27 15:37:01,390:INFO:Copying training dataset
2024-12-27 15:37:01,393:INFO:Defining folds
2024-12-27 15:37:01,393:INFO:Declaring metric variables
2024-12-27 15:37:01,393:INFO:Importing untrained model
2024-12-27 15:37:01,394:INFO:Extra Trees Regressor Imported successfully
2024-12-27 15:37:01,394:INFO:Starting cross validation
2024-12-27 15:37:01,396:INFO:Cross validating with KFold(n_splits=10, random_state=None, shuffle=False), n_jobs=-1
2024-12-27 15:37:02,435:INFO:Calculating mean and std
2024-12-27 15:37:02,436:INFO:Creating metrics dataframe
2024-12-27 15:37:02,564:INFO:Uploading results into container
2024-12-27 15:37:02,565:INFO:Uploading model into container now
2024-12-27 15:37:02,566:INFO:_master_model_container: 14
2024-12-27 15:37:02,566:INFO:_display_container: 2
2024-12-27 15:37:02,566:INFO:ExtraTreesRegressor(n_jobs=-1, random_state=123)
2024-12-27 15:37:02,566:INFO:create_model() successfully completed......................................
2024-12-27 15:37:02,700:INFO:SubProcess create_model() end ==================================
2024-12-27 15:37:02,700:INFO:Creating metrics dataframe
2024-12-27 15:37:02,706:INFO:Initializing AdaBoost Regressor
2024-12-27 15:37:02,707:INFO:Total runtime is 0.36976417303085324 minutes
2024-12-27 15:37:02,707:INFO:SubProcess create_model() called ==================================
2024-12-27 15:37:02,707:INFO:Initializing create_model()
2024-12-27 15:37:02,707:INFO:create_model(self=<pycaret.regression.oop.RegressionExperiment object at 0x000001B99697BB50>, estimator=ada, fold=KFold(n_splits=10, random_state=None, shuffle=False), round=4, cross_validation=True, predict=True, fit_kwargs={}, groups=None, refit=False, probability_threshold=None, experiment_custom_tags=None, verbose=False, system=False, add_to_model_list=True, metrics=None, display=<pycaret.internal.display.display.CommonDisplay object at 0x000001B9A6550850>, model_only=True, return_train_score=False, kwargs={})
2024-12-27 15:37:02,707:INFO:Checking exceptions
2024-12-27 15:37:02,707:INFO:Importing libraries
2024-12-27 15:37:02,707:INFO:Copying training dataset
2024-12-27 15:37:02,712:INFO:Defining folds
2024-12-27 15:37:02,712:INFO:Declaring metric variables
2024-12-27 15:37:02,712:INFO:Importing untrained model
2024-12-27 15:37:02,713:INFO:AdaBoost Regressor Imported successfully
2024-12-27 15:37:02,713:INFO:Starting cross validation
2024-12-27 15:37:02,714:INFO:Cross validating with KFold(n_splits=10, random_state=None, shuffle=False), n_jobs=-1
2024-12-27 15:37:03,670:INFO:Calculating mean and std
2024-12-27 15:37:03,671:INFO:Creating metrics dataframe
2024-12-27 15:37:03,799:INFO:Uploading results into container
2024-12-27 15:37:03,800:INFO:Uploading model into container now
2024-12-27 15:37:03,801:INFO:_master_model_container: 15
2024-12-27 15:37:03,801:INFO:_display_container: 2
2024-12-27 15:37:03,801:INFO:AdaBoostRegressor(random_state=123)
2024-12-27 15:37:03,801:INFO:create_model() successfully completed......................................
2024-12-27 15:37:03,935:INFO:SubProcess create_model() end ==================================
2024-12-27 15:37:03,935:INFO:Creating metrics dataframe
2024-12-27 15:37:03,939:INFO:Initializing Gradient Boosting Regressor
2024-12-27 15:37:03,939:INFO:Total runtime is 0.3903061230977376 minutes
2024-12-27 15:37:03,940:INFO:SubProcess create_model() called ==================================
2024-12-27 15:37:03,940:INFO:Initializing create_model()
2024-12-27 15:37:03,940:INFO:create_model(self=<pycaret.regression.oop.RegressionExperiment object at 0x000001B99697BB50>, estimator=gbr, fold=KFold(n_splits=10, random_state=None, shuffle=False), round=4, cross_validation=True, predict=True, fit_kwargs={}, groups=None, refit=False, probability_threshold=None, experiment_custom_tags=None, verbose=False, system=False, add_to_model_list=True, metrics=None, display=<pycaret.internal.display.display.CommonDisplay object at 0x000001B9A6550850>, model_only=True, return_train_score=False, kwargs={})
2024-12-27 15:37:03,940:INFO:Checking exceptions
2024-12-27 15:37:03,940:INFO:Importing libraries
2024-12-27 15:37:03,940:INFO:Copying training dataset
2024-12-27 15:37:03,943:INFO:Defining folds
2024-12-27 15:37:03,943:INFO:Declaring metric variables
2024-12-27 15:37:03,944:INFO:Importing untrained model
2024-12-27 15:37:03,944:INFO:Gradient Boosting Regressor Imported successfully
2024-12-27 15:37:03,945:INFO:Starting cross validation
2024-12-27 15:37:03,945:INFO:Cross validating with KFold(n_splits=10, random_state=None, shuffle=False), n_jobs=-1
2024-12-27 15:37:04,921:INFO:Calculating mean and std
2024-12-27 15:37:04,921:INFO:Creating metrics dataframe
2024-12-27 15:37:05,053:INFO:Uploading results into container
2024-12-27 15:37:05,054:INFO:Uploading model into container now
2024-12-27 15:37:05,054:INFO:_master_model_container: 16
2024-12-27 15:37:05,054:INFO:_display_container: 2
2024-12-27 15:37:05,055:INFO:GradientBoostingRegressor(random_state=123)
2024-12-27 15:37:05,055:INFO:create_model() successfully completed......................................
2024-12-27 15:37:05,181:INFO:SubProcess create_model() end ==================================
2024-12-27 15:37:05,182:INFO:Creating metrics dataframe
2024-12-27 15:37:05,186:INFO:Initializing Extreme Gradient Boosting
2024-12-27 15:37:05,186:INFO:Total runtime is 0.41109179258346557 minutes
2024-12-27 15:37:05,186:INFO:SubProcess create_model() called ==================================
2024-12-27 15:37:05,187:INFO:Initializing create_model()
2024-12-27 15:37:05,187:INFO:create_model(self=<pycaret.regression.oop.RegressionExperiment object at 0x000001B99697BB50>, estimator=xgboost, fold=KFold(n_splits=10, random_state=None, shuffle=False), round=4, cross_validation=True, predict=True, fit_kwargs={}, groups=None, refit=False, probability_threshold=None, experiment_custom_tags=None, verbose=False, system=False, add_to_model_list=True, metrics=None, display=<pycaret.internal.display.display.CommonDisplay object at 0x000001B9A6550850>, model_only=True, return_train_score=False, kwargs={})
2024-12-27 15:37:05,187:INFO:Checking exceptions
2024-12-27 15:37:05,187:INFO:Importing libraries
2024-12-27 15:37:05,187:INFO:Copying training dataset
2024-12-27 15:37:05,191:INFO:Defining folds
2024-12-27 15:37:05,191:INFO:Declaring metric variables
2024-12-27 15:37:05,191:INFO:Importing untrained model
2024-12-27 15:37:05,192:INFO:Extreme Gradient Boosting Imported successfully
2024-12-27 15:37:05,192:INFO:Starting cross validation
2024-12-27 15:37:05,194:INFO:Cross validating with KFold(n_splits=10, random_state=None, shuffle=False), n_jobs=-1
2024-12-27 15:37:07,037:INFO:Calculating mean and std
2024-12-27 15:37:07,043:INFO:Creating metrics dataframe
2024-12-27 15:37:07,199:INFO:Uploading results into container
2024-12-27 15:37:07,200:INFO:Uploading model into container now
2024-12-27 15:37:07,200:INFO:_master_model_container: 17
2024-12-27 15:37:07,200:INFO:_display_container: 2
2024-12-27 15:37:07,201:INFO:XGBRegressor(base_score=None, booster='gbtree', callbacks=None,
             colsample_bylevel=None, colsample_bynode=None,
             colsample_bytree=None, device=None, early_stopping_rounds=None,
             enable_categorical=False, eval_metric=None, feature_types=None,
             gamma=None, grow_policy=None, importance_type=None,
             interaction_constraints=None, learning_rate=None, max_bin=None,
             max_cat_threshold=None, max_cat_to_onehot=None,
             max_delta_step=None, max_depth=None, max_leaves=None,
             min_child_weight=None, missing=nan, monotone_constraints=None,
             multi_strategy=None, n_estimators=None, n_jobs=-1,
             num_parallel_tree=None, random_state=123, ...)
2024-12-27 15:37:07,201:INFO:create_model() successfully completed......................................
2024-12-27 15:37:07,425:INFO:SubProcess create_model() end ==================================
2024-12-27 15:37:07,426:INFO:Creating metrics dataframe
2024-12-27 15:37:07,430:INFO:Initializing Light Gradient Boosting Machine
2024-12-27 15:37:07,430:INFO:Total runtime is 0.44849241177241006 minutes
2024-12-27 15:37:07,430:INFO:SubProcess create_model() called ==================================
2024-12-27 15:37:07,430:INFO:Initializing create_model()
2024-12-27 15:37:07,430:INFO:create_model(self=<pycaret.regression.oop.RegressionExperiment object at 0x000001B99697BB50>, estimator=lightgbm, fold=KFold(n_splits=10, random_state=None, shuffle=False), round=4, cross_validation=True, predict=True, fit_kwargs={}, groups=None, refit=False, probability_threshold=None, experiment_custom_tags=None, verbose=False, system=False, add_to_model_list=True, metrics=None, display=<pycaret.internal.display.display.CommonDisplay object at 0x000001B9A6550850>, model_only=True, return_train_score=False, kwargs={})
2024-12-27 15:37:07,430:INFO:Checking exceptions
2024-12-27 15:37:07,430:INFO:Importing libraries
2024-12-27 15:37:07,430:INFO:Copying training dataset
2024-12-27 15:37:07,434:INFO:Defining folds
2024-12-27 15:37:07,434:INFO:Declaring metric variables
2024-12-27 15:37:07,435:INFO:Importing untrained model
2024-12-27 15:37:07,435:INFO:Light Gradient Boosting Machine Imported successfully
2024-12-27 15:37:07,436:INFO:Starting cross validation
2024-12-27 15:37:07,437:INFO:Cross validating with KFold(n_splits=10, random_state=None, shuffle=False), n_jobs=-1
2024-12-27 15:37:08,592:INFO:Calculating mean and std
2024-12-27 15:37:08,593:INFO:Creating metrics dataframe
2024-12-27 15:37:08,723:INFO:Uploading results into container
2024-12-27 15:37:08,724:INFO:Uploading model into container now
2024-12-27 15:37:08,724:INFO:_master_model_container: 18
2024-12-27 15:37:08,724:INFO:_display_container: 2
2024-12-27 15:37:08,725:INFO:LGBMRegressor(n_jobs=-1, random_state=123)
2024-12-27 15:37:08,725:INFO:create_model() successfully completed......................................
2024-12-27 15:37:08,857:INFO:SubProcess create_model() end ==================================
2024-12-27 15:37:08,858:INFO:Creating metrics dataframe
2024-12-27 15:37:08,865:INFO:Initializing Dummy Regressor
2024-12-27 15:37:08,865:INFO:Total runtime is 0.4723994453748067 minutes
2024-12-27 15:37:08,865:INFO:SubProcess create_model() called ==================================
2024-12-27 15:37:08,865:INFO:Initializing create_model()
2024-12-27 15:37:08,865:INFO:create_model(self=<pycaret.regression.oop.RegressionExperiment object at 0x000001B99697BB50>, estimator=dummy, fold=KFold(n_splits=10, random_state=None, shuffle=False), round=4, cross_validation=True, predict=True, fit_kwargs={}, groups=None, refit=False, probability_threshold=None, experiment_custom_tags=None, verbose=False, system=False, add_to_model_list=True, metrics=None, display=<pycaret.internal.display.display.CommonDisplay object at 0x000001B9A6550850>, model_only=True, return_train_score=False, kwargs={})
2024-12-27 15:37:08,865:INFO:Checking exceptions
2024-12-27 15:37:08,865:INFO:Importing libraries
2024-12-27 15:37:08,865:INFO:Copying training dataset
2024-12-27 15:37:08,868:INFO:Defining folds
2024-12-27 15:37:08,868:INFO:Declaring metric variables
2024-12-27 15:37:08,868:INFO:Importing untrained model
2024-12-27 15:37:08,869:INFO:Dummy Regressor Imported successfully
2024-12-27 15:37:08,869:INFO:Starting cross validation
2024-12-27 15:37:08,870:INFO:Cross validating with KFold(n_splits=10, random_state=None, shuffle=False), n_jobs=-1
2024-12-27 15:37:09,768:INFO:Calculating mean and std
2024-12-27 15:37:09,769:INFO:Creating metrics dataframe
2024-12-27 15:37:09,897:INFO:Uploading results into container
2024-12-27 15:37:09,898:INFO:Uploading model into container now
2024-12-27 15:37:09,899:INFO:_master_model_container: 19
2024-12-27 15:37:09,899:INFO:_display_container: 2
2024-12-27 15:37:09,899:INFO:DummyRegressor()
2024-12-27 15:37:09,899:INFO:create_model() successfully completed......................................
2024-12-27 15:37:10,040:INFO:SubProcess create_model() end ==================================
2024-12-27 15:37:10,040:INFO:Creating metrics dataframe
2024-12-27 15:37:10,048:INFO:Initializing create_model()
2024-12-27 15:37:10,048:INFO:create_model(self=<pycaret.regression.oop.RegressionExperiment object at 0x000001B99697BB50>, estimator=ExtraTreesRegressor(n_jobs=-1, random_state=123), fold=KFold(n_splits=10, random_state=None, shuffle=False), round=4, cross_validation=False, predict=False, fit_kwargs={}, groups=None, refit=True, probability_threshold=None, experiment_custom_tags=None, verbose=False, system=False, add_to_model_list=True, metrics=None, display=None, model_only=True, return_train_score=False, kwargs={})
2024-12-27 15:37:10,048:INFO:Checking exceptions
2024-12-27 15:37:10,049:INFO:Importing libraries
2024-12-27 15:37:10,049:INFO:Copying training dataset
2024-12-27 15:37:10,053:INFO:Defining folds
2024-12-27 15:37:10,053:INFO:Declaring metric variables
2024-12-27 15:37:10,053:INFO:Importing untrained model
2024-12-27 15:37:10,053:INFO:Declaring custom model
2024-12-27 15:37:10,054:INFO:Extra Trees Regressor Imported successfully
2024-12-27 15:37:10,055:INFO:Cross validation set to False
2024-12-27 15:37:10,055:INFO:Fitting Model
2024-12-27 15:37:10,194:INFO:ExtraTreesRegressor(n_jobs=-1, random_state=123)
2024-12-27 15:37:10,194:INFO:create_model() successfully completed......................................
2024-12-27 15:37:10,345:INFO:_master_model_container: 19
2024-12-27 15:37:10,346:INFO:_display_container: 2
2024-12-27 15:37:10,346:INFO:ExtraTreesRegressor(n_jobs=-1, random_state=123)
2024-12-27 15:37:10,346:INFO:compare_models() successfully completed......................................
2024-12-27 15:37:10,347:INFO:Initializing tune_model()
2024-12-27 15:37:10,347:INFO:tune_model(estimator=ExtraTreesRegressor(n_jobs=-1, random_state=123), fold=None, round=4, n_iter=10, custom_grid=None, optimize=R2, custom_scorer=None, search_library=scikit-learn, search_algorithm=None, early_stopping=False, early_stopping_max_iters=10, choose_better=True, fit_kwargs=None, groups=None, return_tuner=False, verbose=True, tuner_verbose=True, return_train_score=False, kwargs={}, self=<pycaret.regression.oop.RegressionExperiment object at 0x000001B99697BB50>)
2024-12-27 15:37:10,347:INFO:Checking exceptions
2024-12-27 15:37:10,349:INFO:Copying training dataset
2024-12-27 15:37:10,352:INFO:Checking base model
2024-12-27 15:37:10,352:INFO:Base model : Extra Trees Regressor
2024-12-27 15:37:10,352:INFO:Declaring metric variables
2024-12-27 15:37:10,352:INFO:Defining Hyperparameters
2024-12-27 15:37:10,494:INFO:Tuning with n_jobs=-1
2024-12-27 15:37:10,494:INFO:Initializing RandomizedSearchCV
2024-12-27 15:37:21,262:INFO:best_params: {'actual_estimator__n_estimators': 100, 'actual_estimator__min_samples_split': 7, 'actual_estimator__min_samples_leaf': 4, 'actual_estimator__min_impurity_decrease': 0.1, 'actual_estimator__max_features': 1.0, 'actual_estimator__max_depth': 9, 'actual_estimator__criterion': 'squared_error', 'actual_estimator__bootstrap': True}
2024-12-27 15:37:21,262:INFO:Hyperparameter search completed
2024-12-27 15:37:21,262:INFO:SubProcess create_model() called ==================================
2024-12-27 15:37:21,263:INFO:Initializing create_model()
2024-12-27 15:37:21,263:INFO:create_model(self=<pycaret.regression.oop.RegressionExperiment object at 0x000001B99697BB50>, estimator=ExtraTreesRegressor(n_jobs=-1, random_state=123), fold=KFold(n_splits=10, random_state=None, shuffle=False), round=4, cross_validation=True, predict=True, fit_kwargs={}, groups=None, refit=True, probability_threshold=None, experiment_custom_tags=None, verbose=True, system=False, add_to_model_list=True, metrics=None, display=<pycaret.internal.display.display.CommonDisplay object at 0x000001B9A6458C10>, model_only=True, return_train_score=False, kwargs={'n_estimators': 100, 'min_samples_split': 7, 'min_samples_leaf': 4, 'min_impurity_decrease': 0.1, 'max_features': 1.0, 'max_depth': 9, 'criterion': 'squared_error', 'bootstrap': True})
2024-12-27 15:37:21,263:INFO:Checking exceptions
2024-12-27 15:37:21,263:INFO:Importing libraries
2024-12-27 15:37:21,263:INFO:Copying training dataset
2024-12-27 15:37:21,266:INFO:Defining folds
2024-12-27 15:37:21,267:INFO:Declaring metric variables
2024-12-27 15:37:21,267:INFO:Importing untrained model
2024-12-27 15:37:21,267:INFO:Declaring custom model
2024-12-27 15:37:21,267:INFO:Extra Trees Regressor Imported successfully
2024-12-27 15:37:21,268:INFO:Starting cross validation
2024-12-27 15:37:21,268:INFO:Cross validating with KFold(n_splits=10, random_state=None, shuffle=False), n_jobs=-1
2024-12-27 15:37:22,159:INFO:Calculating mean and std
2024-12-27 15:37:22,160:INFO:Creating metrics dataframe
2024-12-27 15:37:22,162:INFO:Finalizing model
2024-12-27 15:37:22,340:INFO:Uploading results into container
2024-12-27 15:37:22,341:INFO:Uploading model into container now
2024-12-27 15:37:22,341:INFO:_master_model_container: 20
2024-12-27 15:37:22,341:INFO:_display_container: 3
2024-12-27 15:37:22,342:INFO:ExtraTreesRegressor(bootstrap=True, max_depth=9, min_impurity_decrease=0.1,
                    min_samples_leaf=4, min_samples_split=7, n_jobs=-1,
                    random_state=123)
2024-12-27 15:37:22,342:INFO:create_model() successfully completed......................................
2024-12-27 15:37:22,466:INFO:SubProcess create_model() end ==================================
2024-12-27 15:37:22,466:INFO:choose_better activated
2024-12-27 15:37:22,466:INFO:SubProcess create_model() called ==================================
2024-12-27 15:37:22,467:INFO:Initializing create_model()
2024-12-27 15:37:22,467:INFO:create_model(self=<pycaret.regression.oop.RegressionExperiment object at 0x000001B99697BB50>, estimator=ExtraTreesRegressor(n_jobs=-1, random_state=123), fold=KFold(n_splits=10, random_state=None, shuffle=False), round=4, cross_validation=True, predict=True, fit_kwargs={}, groups=None, refit=True, probability_threshold=None, experiment_custom_tags=None, verbose=False, system=False, add_to_model_list=True, metrics=None, display=None, model_only=True, return_train_score=False, kwargs={})
2024-12-27 15:37:22,467:INFO:Checking exceptions
2024-12-27 15:37:22,468:INFO:Importing libraries
2024-12-27 15:37:22,468:INFO:Copying training dataset
2024-12-27 15:37:22,471:INFO:Defining folds
2024-12-27 15:37:22,471:INFO:Declaring metric variables
2024-12-27 15:37:22,471:INFO:Importing untrained model
2024-12-27 15:37:22,471:INFO:Declaring custom model
2024-12-27 15:37:22,471:INFO:Extra Trees Regressor Imported successfully
2024-12-27 15:37:22,472:INFO:Starting cross validation
2024-12-27 15:37:22,472:INFO:Cross validating with KFold(n_splits=10, random_state=None, shuffle=False), n_jobs=-1
2024-12-27 15:37:23,378:INFO:Calculating mean and std
2024-12-27 15:37:23,379:INFO:Creating metrics dataframe
2024-12-27 15:37:23,380:INFO:Finalizing model
2024-12-27 15:37:23,566:INFO:Uploading results into container
2024-12-27 15:37:23,566:INFO:Uploading model into container now
2024-12-27 15:37:23,567:INFO:_master_model_container: 21
2024-12-27 15:37:23,567:INFO:_display_container: 4
2024-12-27 15:37:23,567:INFO:ExtraTreesRegressor(n_jobs=-1, random_state=123)
2024-12-27 15:37:23,567:INFO:create_model() successfully completed......................................
2024-12-27 15:37:23,679:INFO:SubProcess create_model() end ==================================
2024-12-27 15:37:23,680:INFO:ExtraTreesRegressor(n_jobs=-1, random_state=123) result for R2 is 0.8884
2024-12-27 15:37:23,681:INFO:ExtraTreesRegressor(bootstrap=True, max_depth=9, min_impurity_decrease=0.1,
                    min_samples_leaf=4, min_samples_split=7, n_jobs=-1,
                    random_state=123) result for R2 is 0.8488
2024-12-27 15:37:23,681:INFO:ExtraTreesRegressor(n_jobs=-1, random_state=123) is best model
2024-12-27 15:37:23,681:INFO:choose_better completed
2024-12-27 15:37:23,681:INFO:Original model was better than the tuned model, hence it will be returned. NOTE: The display metrics are for the tuned model (not the original one).
2024-12-27 15:37:23,689:INFO:_master_model_container: 21
2024-12-27 15:37:23,689:INFO:_display_container: 3
2024-12-27 15:37:23,689:INFO:ExtraTreesRegressor(n_jobs=-1, random_state=123)
2024-12-27 15:37:23,689:INFO:tune_model() successfully completed......................................
2024-12-27 15:38:04,123:WARNING:
'cuml' is a soft dependency and not included in the pycaret installation. Please run: `pip install cuml` to install.
2024-12-27 15:38:04,123:WARNING:
'cuml' is a soft dependency and not included in the pycaret installation. Please run: `pip install cuml` to install.
2024-12-27 15:38:04,124:WARNING:
'cuml' is a soft dependency and not included in the pycaret installation. Please run: `pip install cuml` to install.
2024-12-27 15:38:04,124:WARNING:
'cuml' is a soft dependency and not included in the pycaret installation. Please run: `pip install cuml` to install.
2024-12-27 15:38:04,764:INFO:PyCaret RegressionExperiment
2024-12-27 15:38:04,764:INFO:Logging name: reg-default-name
2024-12-27 15:38:04,764:INFO:ML Usecase: MLUsecase.REGRESSION
2024-12-27 15:38:04,764:INFO:version 3.0.4
2024-12-27 15:38:04,764:INFO:Initializing setup()
2024-12-27 15:38:04,764:INFO:self.USI: 8ded
2024-12-27 15:38:04,764:INFO:self._variable_keys: {'idx', 'data', '_available_plots', 'USI', 'n_jobs_param', '_ml_usecase', 'X_train', 'seed', 'log_plots_param', 'fold_shuffle_param', 'y', 'transform_target_param', 'fold_generator', 'pipeline', 'html_param', 'exp_name_log', 'exp_id', 'y_test', 'memory', 'target_param', 'X', 'fold_groups_param', 'logging_param', 'y_train', 'X_test', 'gpu_param', 'gpu_n_jobs_param'}
2024-12-27 15:38:04,765:INFO:Checking environment
2024-12-27 15:38:04,765:INFO:python_version: 3.10.16
2024-12-27 15:38:04,765:INFO:python_build: ('main', 'Dec  5 2024 14:07:43')
2024-12-27 15:38:04,765:INFO:machine: AMD64
2024-12-27 15:38:04,774:INFO:platform: Windows-10-10.0.26100-SP0
2024-12-27 15:38:04,780:INFO:Memory: svmem(total=7893946368, available=1863876608, percent=76.4, used=6030069760, free=1863876608)
2024-12-27 15:38:04,780:INFO:Physical Core: 6
2024-12-27 15:38:04,780:INFO:Logical Core: 12
2024-12-27 15:38:04,780:INFO:Checking libraries
2024-12-27 15:38:04,780:INFO:System:
2024-12-27 15:38:04,780:INFO:    python: 3.10.16 | packaged by conda-forge | (main, Dec  5 2024, 14:07:43) [MSC v.1942 64 bit (AMD64)]
2024-12-27 15:38:04,780:INFO:executable: C:\Users\yashu\anaconda3\envs\env_linear_regression\python.exe
2024-12-27 15:38:04,780:INFO:   machine: Windows-10-10.0.26100-SP0
2024-12-27 15:38:04,780:INFO:PyCaret required dependencies:
2024-12-27 15:38:04,781:INFO:                 pip: 24.3.1
2024-12-27 15:38:04,781:INFO:          setuptools: 75.6.0
2024-12-27 15:38:04,782:INFO:             pycaret: 3.0.4
2024-12-27 15:38:04,782:INFO:             IPython: 8.31.0
2024-12-27 15:38:04,782:INFO:          ipywidgets: 8.1.5
2024-12-27 15:38:04,782:INFO:                tqdm: 4.67.1
2024-12-27 15:38:04,782:INFO:               numpy: 1.23.5
2024-12-27 15:38:04,782:INFO:              pandas: 1.5.3
2024-12-27 15:38:04,782:INFO:              jinja2: 3.1.5
2024-12-27 15:38:04,782:INFO:               scipy: 1.9.3
2024-12-27 15:38:04,782:INFO:              joblib: 1.2.0
2024-12-27 15:38:04,782:INFO:             sklearn: 1.2.2
2024-12-27 15:38:04,782:INFO:                pyod: 2.0.2
2024-12-27 15:38:04,782:INFO:            imblearn: 0.12.4
2024-12-27 15:38:04,782:INFO:   category_encoders: 2.6.4
2024-12-27 15:38:04,782:INFO:            lightgbm: 4.5.0
2024-12-27 15:38:04,782:INFO:               numba: 0.60.0
2024-12-27 15:38:04,782:INFO:            requests: 2.32.3
2024-12-27 15:38:04,782:INFO:          matplotlib: 3.10.0
2024-12-27 15:38:04,782:INFO:          scikitplot: 0.3.7
2024-12-27 15:38:04,782:INFO:         yellowbrick: 1.5
2024-12-27 15:38:04,782:INFO:              plotly: 5.24.1
2024-12-27 15:38:04,782:INFO:    plotly-resampler: Not installed
2024-12-27 15:38:04,782:INFO:             kaleido: 0.2.1
2024-12-27 15:38:04,782:INFO:           schemdraw: 0.15
2024-12-27 15:38:04,782:INFO:         statsmodels: 0.14.4
2024-12-27 15:38:04,782:INFO:              sktime: 0.21.1
2024-12-27 15:38:04,782:INFO:               tbats: 1.1.3
2024-12-27 15:38:04,784:INFO:            pmdarima: 2.0.4
2024-12-27 15:38:04,784:INFO:              psutil: 6.1.0
2024-12-27 15:38:04,784:INFO:          markupsafe: 3.0.2
2024-12-27 15:38:04,784:INFO:             pickle5: Not installed
2024-12-27 15:38:04,784:INFO:         cloudpickle: 3.1.0
2024-12-27 15:38:04,784:INFO:         deprecation: 2.1.0
2024-12-27 15:38:04,784:INFO:              xxhash: 3.5.0
2024-12-27 15:38:04,784:INFO:           wurlitzer: 3.1.1
2024-12-27 15:38:04,784:INFO:PyCaret optional dependencies:
2024-12-27 15:38:04,794:INFO:                shap: Not installed
2024-12-27 15:38:04,794:INFO:           interpret: Not installed
2024-12-27 15:38:04,795:INFO:                umap: 0.5.7
2024-12-27 15:38:04,795:INFO:    pandas_profiling: Not installed
2024-12-27 15:38:04,795:INFO:  explainerdashboard: Not installed
2024-12-27 15:38:04,795:INFO:             autoviz: Not installed
2024-12-27 15:38:04,795:INFO:           fairlearn: Not installed
2024-12-27 15:38:04,795:INFO:          deepchecks: Not installed
2024-12-27 15:38:04,795:INFO:             xgboost: 2.1.3
2024-12-27 15:38:04,795:INFO:            catboost: Not installed
2024-12-27 15:38:04,795:INFO:              kmodes: Not installed
2024-12-27 15:38:04,795:INFO:             mlxtend: Not installed
2024-12-27 15:38:04,795:INFO:       statsforecast: Not installed
2024-12-27 15:38:04,795:INFO:        tune_sklearn: Not installed
2024-12-27 15:38:04,795:INFO:                 ray: Not installed
2024-12-27 15:38:04,795:INFO:            hyperopt: Not installed
2024-12-27 15:38:04,795:INFO:              optuna: 4.1.0
2024-12-27 15:38:04,795:INFO:               skopt: Not installed
2024-12-27 15:38:04,795:INFO:              mlflow: 2.19.0
2024-12-27 15:38:04,795:INFO:              gradio: Not installed
2024-12-27 15:38:04,795:INFO:             fastapi: Not installed
2024-12-27 15:38:04,795:INFO:             uvicorn: Not installed
2024-12-27 15:38:04,795:INFO:              m2cgen: Not installed
2024-12-27 15:38:04,795:INFO:           evidently: Not installed
2024-12-27 15:38:04,795:INFO:               fugue: Not installed
2024-12-27 15:38:04,795:INFO:           streamlit: Not installed
2024-12-27 15:38:04,795:INFO:             prophet: Not installed
2024-12-27 15:38:04,795:INFO:None
2024-12-27 15:38:04,795:INFO:Set up data.
2024-12-27 15:38:04,802:INFO:Set up train/test split.
2024-12-27 15:38:04,805:INFO:Set up index.
2024-12-27 15:38:04,806:INFO:Set up folding strategy.
2024-12-27 15:38:04,806:INFO:Assigning column types.
2024-12-27 15:38:04,808:INFO:Engine successfully changes for model 'lr' to 'sklearn'.
2024-12-27 15:38:04,808:INFO:Engine for model 'lasso' has not been set explicitly, hence returning None.
2024-12-27 15:38:04,812:INFO:Engine for model 'ridge' has not been set explicitly, hence returning None.
2024-12-27 15:38:04,816:INFO:Engine for model 'en' has not been set explicitly, hence returning None.
2024-12-27 15:38:04,868:INFO:Engine for model 'svm' has not been set explicitly, hence returning None.
2024-12-27 15:38:04,908:INFO:Engine for model 'knn' has not been set explicitly, hence returning None.
2024-12-27 15:38:04,909:INFO:Soft dependency imported: xgboost: 2.1.3
2024-12-27 15:38:04,912:WARNING:
'catboost' is a soft dependency and not included in the pycaret installation. Please run: `pip install catboost` to install.
Alternately, you can install this by running `pip install pycaret[models]`
2024-12-27 15:38:04,912:INFO:Engine for model 'lasso' has not been set explicitly, hence returning None.
2024-12-27 15:38:04,916:INFO:Engine for model 'ridge' has not been set explicitly, hence returning None.
2024-12-27 15:38:04,920:INFO:Engine for model 'en' has not been set explicitly, hence returning None.
2024-12-27 15:38:04,972:INFO:Engine for model 'svm' has not been set explicitly, hence returning None.
2024-12-27 15:38:05,014:INFO:Engine for model 'knn' has not been set explicitly, hence returning None.
2024-12-27 15:38:05,015:INFO:Soft dependency imported: xgboost: 2.1.3
2024-12-27 15:38:05,017:WARNING:
'catboost' is a soft dependency and not included in the pycaret installation. Please run: `pip install catboost` to install.
Alternately, you can install this by running `pip install pycaret[models]`
2024-12-27 15:38:05,018:INFO:Engine successfully changes for model 'lasso' to 'sklearn'.
2024-12-27 15:38:05,022:INFO:Engine for model 'ridge' has not been set explicitly, hence returning None.
2024-12-27 15:38:05,026:INFO:Engine for model 'en' has not been set explicitly, hence returning None.
2024-12-27 15:38:05,078:INFO:Engine for model 'svm' has not been set explicitly, hence returning None.
2024-12-27 15:38:05,119:INFO:Engine for model 'knn' has not been set explicitly, hence returning None.
2024-12-27 15:38:05,120:INFO:Soft dependency imported: xgboost: 2.1.3
2024-12-27 15:38:05,122:WARNING:
'catboost' is a soft dependency and not included in the pycaret installation. Please run: `pip install catboost` to install.
Alternately, you can install this by running `pip install pycaret[models]`
2024-12-27 15:38:05,127:INFO:Engine for model 'ridge' has not been set explicitly, hence returning None.
2024-12-27 15:38:05,131:INFO:Engine for model 'en' has not been set explicitly, hence returning None.
2024-12-27 15:38:05,183:INFO:Engine for model 'svm' has not been set explicitly, hence returning None.
2024-12-27 15:38:05,233:INFO:Engine for model 'knn' has not been set explicitly, hence returning None.
2024-12-27 15:38:05,233:INFO:Soft dependency imported: xgboost: 2.1.3
2024-12-27 15:38:05,236:WARNING:
'catboost' is a soft dependency and not included in the pycaret installation. Please run: `pip install catboost` to install.
Alternately, you can install this by running `pip install pycaret[models]`
2024-12-27 15:38:05,236:INFO:Engine successfully changes for model 'ridge' to 'sklearn'.
2024-12-27 15:38:05,246:INFO:Engine for model 'en' has not been set explicitly, hence returning None.
2024-12-27 15:38:05,300:INFO:Engine for model 'svm' has not been set explicitly, hence returning None.
2024-12-27 15:38:05,342:INFO:Engine for model 'knn' has not been set explicitly, hence returning None.
2024-12-27 15:38:05,342:INFO:Soft dependency imported: xgboost: 2.1.3
2024-12-27 15:38:05,344:WARNING:
'catboost' is a soft dependency and not included in the pycaret installation. Please run: `pip install catboost` to install.
Alternately, you can install this by running `pip install pycaret[models]`
2024-12-27 15:38:05,354:INFO:Engine for model 'en' has not been set explicitly, hence returning None.
2024-12-27 15:38:05,408:INFO:Engine for model 'svm' has not been set explicitly, hence returning None.
2024-12-27 15:38:05,450:INFO:Engine for model 'knn' has not been set explicitly, hence returning None.
2024-12-27 15:38:05,451:INFO:Soft dependency imported: xgboost: 2.1.3
2024-12-27 15:38:05,453:WARNING:
'catboost' is a soft dependency and not included in the pycaret installation. Please run: `pip install catboost` to install.
Alternately, you can install this by running `pip install pycaret[models]`
2024-12-27 15:38:05,454:INFO:Engine successfully changes for model 'en' to 'sklearn'.
2024-12-27 15:38:05,520:INFO:Engine for model 'svm' has not been set explicitly, hence returning None.
2024-12-27 15:38:05,565:INFO:Engine for model 'knn' has not been set explicitly, hence returning None.
2024-12-27 15:38:05,566:INFO:Soft dependency imported: xgboost: 2.1.3
2024-12-27 15:38:05,569:WARNING:
'catboost' is a soft dependency and not included in the pycaret installation. Please run: `pip install catboost` to install.
Alternately, you can install this by running `pip install pycaret[models]`
2024-12-27 15:38:05,632:INFO:Engine for model 'svm' has not been set explicitly, hence returning None.
2024-12-27 15:38:05,673:INFO:Engine for model 'knn' has not been set explicitly, hence returning None.
2024-12-27 15:38:05,674:INFO:Soft dependency imported: xgboost: 2.1.3
2024-12-27 15:38:05,676:WARNING:
'catboost' is a soft dependency and not included in the pycaret installation. Please run: `pip install catboost` to install.
Alternately, you can install this by running `pip install pycaret[models]`
2024-12-27 15:38:05,677:INFO:Engine successfully changes for model 'knn' to 'sklearn'.
2024-12-27 15:38:05,740:INFO:Engine for model 'svm' has not been set explicitly, hence returning None.
2024-12-27 15:38:05,781:INFO:Soft dependency imported: xgboost: 2.1.3
2024-12-27 15:38:05,784:WARNING:
'catboost' is a soft dependency and not included in the pycaret installation. Please run: `pip install catboost` to install.
Alternately, you can install this by running `pip install pycaret[models]`
2024-12-27 15:38:05,845:INFO:Engine for model 'svm' has not been set explicitly, hence returning None.
2024-12-27 15:38:05,898:INFO:Soft dependency imported: xgboost: 2.1.3
2024-12-27 15:38:05,902:WARNING:
'catboost' is a soft dependency and not included in the pycaret installation. Please run: `pip install catboost` to install.
Alternately, you can install this by running `pip install pycaret[models]`
2024-12-27 15:38:05,902:INFO:Engine successfully changes for model 'svm' to 'sklearn'.
2024-12-27 15:38:06,016:INFO:Soft dependency imported: xgboost: 2.1.3
2024-12-27 15:38:06,018:WARNING:
'catboost' is a soft dependency and not included in the pycaret installation. Please run: `pip install catboost` to install.
Alternately, you can install this by running `pip install pycaret[models]`
2024-12-27 15:38:06,118:INFO:Soft dependency imported: xgboost: 2.1.3
2024-12-27 15:38:06,121:WARNING:
'catboost' is a soft dependency and not included in the pycaret installation. Please run: `pip install catboost` to install.
Alternately, you can install this by running `pip install pycaret[models]`
2024-12-27 15:38:06,123:INFO:Preparing preprocessing pipeline...
2024-12-27 15:38:06,123:INFO:Set up simple imputation.
2024-12-27 15:38:06,143:INFO:Finished creating preprocessing pipeline.
2024-12-27 15:38:06,147:INFO:Pipeline: Pipeline(memory=FastMemory(location=C:\Users\yashu\AppData\Local\Temp\joblib),
         steps=[('numerical_imputer',
                 TransformerWrapper(include=['crim', 'zn', 'indus', 'chas',
                                             'nox', 'rm', 'age', 'dis', 'rad',
                                             'tax', 'ptratio', 'b', 'lstat'],
                                    transformer=SimpleImputer())),
                ('categorical_imputer',
                 TransformerWrapper(include=[],
                                    transformer=SimpleImputer(strategy='most_frequent')))])
2024-12-27 15:38:06,147:INFO:Creating final display dataframe.
2024-12-27 15:38:06,206:INFO:Setup _display_container:                     Description             Value
0                    Session id               123
1                        Target              medv
2                   Target type        Regression
3           Original data shape         (506, 14)
4        Transformed data shape         (506, 14)
5   Transformed train set shape         (354, 14)
6    Transformed test set shape         (152, 14)
7              Numeric features                13
8                    Preprocess              True
9               Imputation type            simple
10           Numeric imputation              mean
11       Categorical imputation              mode
12               Fold Generator             KFold
13                  Fold Number                10
14                     CPU Jobs                -1
15                      Use GPU             False
16               Log Experiment             False
17              Experiment Name  reg-default-name
18                          USI              8ded
2024-12-27 15:38:06,309:INFO:Soft dependency imported: xgboost: 2.1.3
2024-12-27 15:38:06,311:WARNING:
'catboost' is a soft dependency and not included in the pycaret installation. Please run: `pip install catboost` to install.
Alternately, you can install this by running `pip install pycaret[models]`
2024-12-27 15:38:06,416:INFO:Soft dependency imported: xgboost: 2.1.3
2024-12-27 15:38:06,419:WARNING:
'catboost' is a soft dependency and not included in the pycaret installation. Please run: `pip install catboost` to install.
Alternately, you can install this by running `pip install pycaret[models]`
2024-12-27 15:38:06,419:INFO:setup() successfully completed in 1.73s...............
2024-12-27 15:38:06,419:INFO:Initializing compare_models()
2024-12-27 15:38:06,419:INFO:compare_models(self=<pycaret.regression.oop.RegressionExperiment object at 0x0000025BE5CDBBE0>, include=None, fold=None, round=4, cross_validation=True, sort=R2, n_select=1, budget_time=None, turbo=True, errors=ignore, fit_kwargs=None, groups=None, experiment_custom_tags=None, probability_threshold=None, verbose=True, parallel=None, caller_params={'self': <pycaret.regression.oop.RegressionExperiment object at 0x0000025BE5CDBBE0>, 'include': None, 'exclude': None, 'fold': None, 'round': 4, 'cross_validation': True, 'sort': 'R2', 'n_select': 1, 'budget_time': None, 'turbo': True, 'errors': 'ignore', 'fit_kwargs': None, 'groups': None, 'experiment_custom_tags': None, 'engine': None, 'verbose': True, 'parallel': None, '__class__': <class 'pycaret.regression.oop.RegressionExperiment'>}, exclude=None)
2024-12-27 15:38:06,419:INFO:Checking exceptions
2024-12-27 15:38:06,421:INFO:Preparing display monitor
2024-12-27 15:38:06,423:INFO:Initializing Linear Regression
2024-12-27 15:38:06,425:INFO:Total runtime is 2.1946430206298827e-05 minutes
2024-12-27 15:38:06,425:INFO:SubProcess create_model() called ==================================
2024-12-27 15:38:06,425:INFO:Initializing create_model()
2024-12-27 15:38:06,425:INFO:create_model(self=<pycaret.regression.oop.RegressionExperiment object at 0x0000025BE5CDBBE0>, estimator=lr, fold=KFold(n_splits=10, random_state=None, shuffle=False), round=4, cross_validation=True, predict=True, fit_kwargs={}, groups=None, refit=False, probability_threshold=None, experiment_custom_tags=None, verbose=False, system=False, add_to_model_list=True, metrics=None, display=<pycaret.internal.display.display.CommonDisplay object at 0x0000025BF57BE500>, model_only=True, return_train_score=False, kwargs={})
2024-12-27 15:38:06,425:INFO:Checking exceptions
2024-12-27 15:38:06,425:INFO:Importing libraries
2024-12-27 15:38:06,425:INFO:Copying training dataset
2024-12-27 15:38:06,428:INFO:Defining folds
2024-12-27 15:38:06,428:INFO:Declaring metric variables
2024-12-27 15:38:06,428:INFO:Importing untrained model
2024-12-27 15:38:06,428:INFO:Linear Regression Imported successfully
2024-12-27 15:38:06,428:INFO:Starting cross validation
2024-12-27 15:38:06,434:INFO:Cross validating with KFold(n_splits=10, random_state=None, shuffle=False), n_jobs=-1
2024-12-27 15:38:12,519:INFO:Calculating mean and std
2024-12-27 15:38:12,521:INFO:Creating metrics dataframe
2024-12-27 15:38:12,649:INFO:Uploading results into container
2024-12-27 15:38:12,650:INFO:Uploading model into container now
2024-12-27 15:38:12,650:INFO:_master_model_container: 1
2024-12-27 15:38:12,650:INFO:_display_container: 2
2024-12-27 15:38:12,651:INFO:LinearRegression(n_jobs=-1)
2024-12-27 15:38:12,651:INFO:create_model() successfully completed......................................
2024-12-27 15:38:12,783:INFO:SubProcess create_model() end ==================================
2024-12-27 15:38:12,783:INFO:Creating metrics dataframe
2024-12-27 15:38:12,787:INFO:Initializing Lasso Regression
2024-12-27 15:38:12,787:INFO:Total runtime is 0.10606834491093953 minutes
2024-12-27 15:38:12,788:INFO:SubProcess create_model() called ==================================
2024-12-27 15:38:12,788:INFO:Initializing create_model()
2024-12-27 15:38:12,788:INFO:create_model(self=<pycaret.regression.oop.RegressionExperiment object at 0x0000025BE5CDBBE0>, estimator=lasso, fold=KFold(n_splits=10, random_state=None, shuffle=False), round=4, cross_validation=True, predict=True, fit_kwargs={}, groups=None, refit=False, probability_threshold=None, experiment_custom_tags=None, verbose=False, system=False, add_to_model_list=True, metrics=None, display=<pycaret.internal.display.display.CommonDisplay object at 0x0000025BF57BE500>, model_only=True, return_train_score=False, kwargs={})
2024-12-27 15:38:12,788:INFO:Checking exceptions
2024-12-27 15:38:12,788:INFO:Importing libraries
2024-12-27 15:38:12,788:INFO:Copying training dataset
2024-12-27 15:38:12,793:INFO:Defining folds
2024-12-27 15:38:12,793:INFO:Declaring metric variables
2024-12-27 15:38:12,794:INFO:Importing untrained model
2024-12-27 15:38:12,794:INFO:Lasso Regression Imported successfully
2024-12-27 15:38:12,794:INFO:Starting cross validation
2024-12-27 15:38:12,795:INFO:Cross validating with KFold(n_splits=10, random_state=None, shuffle=False), n_jobs=-1
2024-12-27 15:38:15,174:INFO:Calculating mean and std
2024-12-27 15:38:15,175:INFO:Creating metrics dataframe
2024-12-27 15:38:15,301:INFO:Uploading results into container
2024-12-27 15:38:15,302:INFO:Uploading model into container now
2024-12-27 15:38:15,304:INFO:_master_model_container: 2
2024-12-27 15:38:15,304:INFO:_display_container: 2
2024-12-27 15:38:15,304:INFO:Lasso(random_state=123)
2024-12-27 15:38:15,304:INFO:create_model() successfully completed......................................
2024-12-27 15:38:15,436:INFO:SubProcess create_model() end ==================================
2024-12-27 15:38:15,436:INFO:Creating metrics dataframe
2024-12-27 15:38:15,441:INFO:Initializing Ridge Regression
2024-12-27 15:38:15,441:INFO:Total runtime is 0.15029025077819824 minutes
2024-12-27 15:38:15,442:INFO:SubProcess create_model() called ==================================
2024-12-27 15:38:15,442:INFO:Initializing create_model()
2024-12-27 15:38:15,442:INFO:create_model(self=<pycaret.regression.oop.RegressionExperiment object at 0x0000025BE5CDBBE0>, estimator=ridge, fold=KFold(n_splits=10, random_state=None, shuffle=False), round=4, cross_validation=True, predict=True, fit_kwargs={}, groups=None, refit=False, probability_threshold=None, experiment_custom_tags=None, verbose=False, system=False, add_to_model_list=True, metrics=None, display=<pycaret.internal.display.display.CommonDisplay object at 0x0000025BF57BE500>, model_only=True, return_train_score=False, kwargs={})
2024-12-27 15:38:15,442:INFO:Checking exceptions
2024-12-27 15:38:15,442:INFO:Importing libraries
2024-12-27 15:38:15,442:INFO:Copying training dataset
2024-12-27 15:38:15,446:INFO:Defining folds
2024-12-27 15:38:15,446:INFO:Declaring metric variables
2024-12-27 15:38:15,448:INFO:Importing untrained model
2024-12-27 15:38:15,448:INFO:Ridge Regression Imported successfully
2024-12-27 15:38:15,448:INFO:Starting cross validation
2024-12-27 15:38:15,449:INFO:Cross validating with KFold(n_splits=10, random_state=None, shuffle=False), n_jobs=-1
2024-12-27 15:38:16,392:INFO:Calculating mean and std
2024-12-27 15:38:16,392:INFO:Creating metrics dataframe
2024-12-27 15:38:16,528:INFO:Uploading results into container
2024-12-27 15:38:16,530:INFO:Uploading model into container now
2024-12-27 15:38:16,531:INFO:_master_model_container: 3
2024-12-27 15:38:16,531:INFO:_display_container: 2
2024-12-27 15:38:16,531:INFO:Ridge(random_state=123)
2024-12-27 15:38:16,531:INFO:create_model() successfully completed......................................
2024-12-27 15:38:16,671:INFO:SubProcess create_model() end ==================================
2024-12-27 15:38:16,671:INFO:Creating metrics dataframe
2024-12-27 15:38:16,676:INFO:Initializing Elastic Net
2024-12-27 15:38:16,677:INFO:Total runtime is 0.17088541587193806 minutes
2024-12-27 15:38:16,677:INFO:SubProcess create_model() called ==================================
2024-12-27 15:38:16,677:INFO:Initializing create_model()
2024-12-27 15:38:16,677:INFO:create_model(self=<pycaret.regression.oop.RegressionExperiment object at 0x0000025BE5CDBBE0>, estimator=en, fold=KFold(n_splits=10, random_state=None, shuffle=False), round=4, cross_validation=True, predict=True, fit_kwargs={}, groups=None, refit=False, probability_threshold=None, experiment_custom_tags=None, verbose=False, system=False, add_to_model_list=True, metrics=None, display=<pycaret.internal.display.display.CommonDisplay object at 0x0000025BF57BE500>, model_only=True, return_train_score=False, kwargs={})
2024-12-27 15:38:16,677:INFO:Checking exceptions
2024-12-27 15:38:16,677:INFO:Importing libraries
2024-12-27 15:38:16,677:INFO:Copying training dataset
2024-12-27 15:38:16,680:INFO:Defining folds
2024-12-27 15:38:16,680:INFO:Declaring metric variables
2024-12-27 15:38:16,680:INFO:Importing untrained model
2024-12-27 15:38:16,680:INFO:Elastic Net Imported successfully
2024-12-27 15:38:16,680:INFO:Starting cross validation
2024-12-27 15:38:16,681:INFO:Cross validating with KFold(n_splits=10, random_state=None, shuffle=False), n_jobs=-1
2024-12-27 15:38:17,581:INFO:Calculating mean and std
2024-12-27 15:38:17,582:INFO:Creating metrics dataframe
2024-12-27 15:38:17,717:INFO:Uploading results into container
2024-12-27 15:38:17,718:INFO:Uploading model into container now
2024-12-27 15:38:17,718:INFO:_master_model_container: 4
2024-12-27 15:38:17,718:INFO:_display_container: 2
2024-12-27 15:38:17,719:INFO:ElasticNet(random_state=123)
2024-12-27 15:38:17,719:INFO:create_model() successfully completed......................................
2024-12-27 15:38:17,860:INFO:SubProcess create_model() end ==================================
2024-12-27 15:38:17,860:INFO:Creating metrics dataframe
2024-12-27 15:38:17,864:INFO:Initializing Least Angle Regression
2024-12-27 15:38:17,864:INFO:Total runtime is 0.19067524274190267 minutes
2024-12-27 15:38:17,865:INFO:SubProcess create_model() called ==================================
2024-12-27 15:38:17,865:INFO:Initializing create_model()
2024-12-27 15:38:17,865:INFO:create_model(self=<pycaret.regression.oop.RegressionExperiment object at 0x0000025BE5CDBBE0>, estimator=lar, fold=KFold(n_splits=10, random_state=None, shuffle=False), round=4, cross_validation=True, predict=True, fit_kwargs={}, groups=None, refit=False, probability_threshold=None, experiment_custom_tags=None, verbose=False, system=False, add_to_model_list=True, metrics=None, display=<pycaret.internal.display.display.CommonDisplay object at 0x0000025BF57BE500>, model_only=True, return_train_score=False, kwargs={})
2024-12-27 15:38:17,865:INFO:Checking exceptions
2024-12-27 15:38:17,865:INFO:Importing libraries
2024-12-27 15:38:17,865:INFO:Copying training dataset
2024-12-27 15:38:17,868:INFO:Defining folds
2024-12-27 15:38:17,868:INFO:Declaring metric variables
2024-12-27 15:38:17,868:INFO:Importing untrained model
2024-12-27 15:38:17,869:INFO:Least Angle Regression Imported successfully
2024-12-27 15:38:17,869:INFO:Starting cross validation
2024-12-27 15:38:17,870:INFO:Cross validating with KFold(n_splits=10, random_state=None, shuffle=False), n_jobs=-1
2024-12-27 15:38:18,675:INFO:Calculating mean and std
2024-12-27 15:38:18,676:INFO:Creating metrics dataframe
2024-12-27 15:38:18,812:INFO:Uploading results into container
2024-12-27 15:38:18,812:INFO:Uploading model into container now
2024-12-27 15:38:18,813:INFO:_master_model_container: 5
2024-12-27 15:38:18,813:INFO:_display_container: 2
2024-12-27 15:38:18,813:INFO:Lars(random_state=123)
2024-12-27 15:38:18,813:INFO:create_model() successfully completed......................................
2024-12-27 15:38:18,931:INFO:SubProcess create_model() end ==================================
2024-12-27 15:38:18,931:INFO:Creating metrics dataframe
2024-12-27 15:38:18,935:INFO:Initializing Lasso Least Angle Regression
2024-12-27 15:38:18,935:INFO:Total runtime is 0.20853110551834106 minutes
2024-12-27 15:38:18,935:INFO:SubProcess create_model() called ==================================
2024-12-27 15:38:18,935:INFO:Initializing create_model()
2024-12-27 15:38:18,936:INFO:create_model(self=<pycaret.regression.oop.RegressionExperiment object at 0x0000025BE5CDBBE0>, estimator=llar, fold=KFold(n_splits=10, random_state=None, shuffle=False), round=4, cross_validation=True, predict=True, fit_kwargs={}, groups=None, refit=False, probability_threshold=None, experiment_custom_tags=None, verbose=False, system=False, add_to_model_list=True, metrics=None, display=<pycaret.internal.display.display.CommonDisplay object at 0x0000025BF57BE500>, model_only=True, return_train_score=False, kwargs={})
2024-12-27 15:38:18,936:INFO:Checking exceptions
2024-12-27 15:38:18,936:INFO:Importing libraries
2024-12-27 15:38:18,936:INFO:Copying training dataset
2024-12-27 15:38:18,939:INFO:Defining folds
2024-12-27 15:38:18,939:INFO:Declaring metric variables
2024-12-27 15:38:18,939:INFO:Importing untrained model
2024-12-27 15:38:18,939:INFO:Lasso Least Angle Regression Imported successfully
2024-12-27 15:38:18,939:INFO:Starting cross validation
2024-12-27 15:38:18,941:INFO:Cross validating with KFold(n_splits=10, random_state=None, shuffle=False), n_jobs=-1
2024-12-27 15:38:19,777:INFO:Calculating mean and std
2024-12-27 15:38:19,778:INFO:Creating metrics dataframe
2024-12-27 15:38:19,913:INFO:Uploading results into container
2024-12-27 15:38:19,914:INFO:Uploading model into container now
2024-12-27 15:38:19,914:INFO:_master_model_container: 6
2024-12-27 15:38:19,914:INFO:_display_container: 2
2024-12-27 15:38:19,915:INFO:LassoLars(random_state=123)
2024-12-27 15:38:19,915:INFO:create_model() successfully completed......................................
2024-12-27 15:38:20,033:INFO:SubProcess create_model() end ==================================
2024-12-27 15:38:20,033:INFO:Creating metrics dataframe
2024-12-27 15:38:20,038:INFO:Initializing Orthogonal Matching Pursuit
2024-12-27 15:38:20,038:INFO:Total runtime is 0.22690900166829425 minutes
2024-12-27 15:38:20,038:INFO:SubProcess create_model() called ==================================
2024-12-27 15:38:20,038:INFO:Initializing create_model()
2024-12-27 15:38:20,038:INFO:create_model(self=<pycaret.regression.oop.RegressionExperiment object at 0x0000025BE5CDBBE0>, estimator=omp, fold=KFold(n_splits=10, random_state=None, shuffle=False), round=4, cross_validation=True, predict=True, fit_kwargs={}, groups=None, refit=False, probability_threshold=None, experiment_custom_tags=None, verbose=False, system=False, add_to_model_list=True, metrics=None, display=<pycaret.internal.display.display.CommonDisplay object at 0x0000025BF57BE500>, model_only=True, return_train_score=False, kwargs={})
2024-12-27 15:38:20,038:INFO:Checking exceptions
2024-12-27 15:38:20,039:INFO:Importing libraries
2024-12-27 15:38:20,039:INFO:Copying training dataset
2024-12-27 15:38:20,041:INFO:Defining folds
2024-12-27 15:38:20,041:INFO:Declaring metric variables
2024-12-27 15:38:20,042:INFO:Importing untrained model
2024-12-27 15:38:20,042:INFO:Orthogonal Matching Pursuit Imported successfully
2024-12-27 15:38:20,042:INFO:Starting cross validation
2024-12-27 15:38:20,043:INFO:Cross validating with KFold(n_splits=10, random_state=None, shuffle=False), n_jobs=-1
2024-12-27 15:38:20,890:INFO:Calculating mean and std
2024-12-27 15:38:20,891:INFO:Creating metrics dataframe
2024-12-27 15:38:21,025:INFO:Uploading results into container
2024-12-27 15:38:21,027:INFO:Uploading model into container now
2024-12-27 15:38:21,027:INFO:_master_model_container: 7
2024-12-27 15:38:21,027:INFO:_display_container: 2
2024-12-27 15:38:21,027:INFO:OrthogonalMatchingPursuit()
2024-12-27 15:38:21,027:INFO:create_model() successfully completed......................................
2024-12-27 15:38:21,205:INFO:SubProcess create_model() end ==================================
2024-12-27 15:38:21,205:INFO:Creating metrics dataframe
2024-12-27 15:38:21,213:INFO:Initializing Bayesian Ridge
2024-12-27 15:38:21,213:INFO:Total runtime is 0.24649656613667803 minutes
2024-12-27 15:38:21,213:INFO:SubProcess create_model() called ==================================
2024-12-27 15:38:21,214:INFO:Initializing create_model()
2024-12-27 15:38:21,214:INFO:create_model(self=<pycaret.regression.oop.RegressionExperiment object at 0x0000025BE5CDBBE0>, estimator=br, fold=KFold(n_splits=10, random_state=None, shuffle=False), round=4, cross_validation=True, predict=True, fit_kwargs={}, groups=None, refit=False, probability_threshold=None, experiment_custom_tags=None, verbose=False, system=False, add_to_model_list=True, metrics=None, display=<pycaret.internal.display.display.CommonDisplay object at 0x0000025BF57BE500>, model_only=True, return_train_score=False, kwargs={})
2024-12-27 15:38:21,214:INFO:Checking exceptions
2024-12-27 15:38:21,214:INFO:Importing libraries
2024-12-27 15:38:21,214:INFO:Copying training dataset
2024-12-27 15:38:21,219:INFO:Defining folds
2024-12-27 15:38:21,219:INFO:Declaring metric variables
2024-12-27 15:38:21,219:INFO:Importing untrained model
2024-12-27 15:38:21,219:INFO:Bayesian Ridge Imported successfully
2024-12-27 15:38:21,220:INFO:Starting cross validation
2024-12-27 15:38:21,220:INFO:Cross validating with KFold(n_splits=10, random_state=None, shuffle=False), n_jobs=-1
2024-12-27 15:38:22,046:INFO:Calculating mean and std
2024-12-27 15:38:22,047:INFO:Creating metrics dataframe
2024-12-27 15:38:22,178:INFO:Uploading results into container
2024-12-27 15:38:22,179:INFO:Uploading model into container now
2024-12-27 15:38:22,179:INFO:_master_model_container: 8
2024-12-27 15:38:22,179:INFO:_display_container: 2
2024-12-27 15:38:22,180:INFO:BayesianRidge()
2024-12-27 15:38:22,180:INFO:create_model() successfully completed......................................
2024-12-27 15:38:22,303:INFO:SubProcess create_model() end ==================================
2024-12-27 15:38:22,303:INFO:Creating metrics dataframe
2024-12-27 15:38:22,309:INFO:Initializing Passive Aggressive Regressor
2024-12-27 15:38:22,309:INFO:Total runtime is 0.26475679477055863 minutes
2024-12-27 15:38:22,311:INFO:SubProcess create_model() called ==================================
2024-12-27 15:38:22,311:INFO:Initializing create_model()
2024-12-27 15:38:22,311:INFO:create_model(self=<pycaret.regression.oop.RegressionExperiment object at 0x0000025BE5CDBBE0>, estimator=par, fold=KFold(n_splits=10, random_state=None, shuffle=False), round=4, cross_validation=True, predict=True, fit_kwargs={}, groups=None, refit=False, probability_threshold=None, experiment_custom_tags=None, verbose=False, system=False, add_to_model_list=True, metrics=None, display=<pycaret.internal.display.display.CommonDisplay object at 0x0000025BF57BE500>, model_only=True, return_train_score=False, kwargs={})
2024-12-27 15:38:22,311:INFO:Checking exceptions
2024-12-27 15:38:22,312:INFO:Importing libraries
2024-12-27 15:38:22,312:INFO:Copying training dataset
2024-12-27 15:38:22,319:INFO:Defining folds
2024-12-27 15:38:22,320:INFO:Declaring metric variables
2024-12-27 15:38:22,320:INFO:Importing untrained model
2024-12-27 15:38:22,320:INFO:Passive Aggressive Regressor Imported successfully
2024-12-27 15:38:22,321:INFO:Starting cross validation
2024-12-27 15:38:22,321:INFO:Cross validating with KFold(n_splits=10, random_state=None, shuffle=False), n_jobs=-1
2024-12-27 15:38:23,118:INFO:Calculating mean and std
2024-12-27 15:38:23,119:INFO:Creating metrics dataframe
2024-12-27 15:38:23,253:INFO:Uploading results into container
2024-12-27 15:38:23,254:INFO:Uploading model into container now
2024-12-27 15:38:23,254:INFO:_master_model_container: 9
2024-12-27 15:38:23,254:INFO:_display_container: 2
2024-12-27 15:38:23,254:INFO:PassiveAggressiveRegressor(random_state=123)
2024-12-27 15:38:23,254:INFO:create_model() successfully completed......................................
2024-12-27 15:38:23,371:INFO:SubProcess create_model() end ==================================
2024-12-27 15:38:23,372:INFO:Creating metrics dataframe
2024-12-27 15:38:23,375:INFO:Initializing Huber Regressor
2024-12-27 15:38:23,375:INFO:Total runtime is 0.28253112634023025 minutes
2024-12-27 15:38:23,376:INFO:SubProcess create_model() called ==================================
2024-12-27 15:38:23,376:INFO:Initializing create_model()
2024-12-27 15:38:23,376:INFO:create_model(self=<pycaret.regression.oop.RegressionExperiment object at 0x0000025BE5CDBBE0>, estimator=huber, fold=KFold(n_splits=10, random_state=None, shuffle=False), round=4, cross_validation=True, predict=True, fit_kwargs={}, groups=None, refit=False, probability_threshold=None, experiment_custom_tags=None, verbose=False, system=False, add_to_model_list=True, metrics=None, display=<pycaret.internal.display.display.CommonDisplay object at 0x0000025BF57BE500>, model_only=True, return_train_score=False, kwargs={})
2024-12-27 15:38:23,376:INFO:Checking exceptions
2024-12-27 15:38:23,376:INFO:Importing libraries
2024-12-27 15:38:23,376:INFO:Copying training dataset
2024-12-27 15:38:23,379:INFO:Defining folds
2024-12-27 15:38:23,379:INFO:Declaring metric variables
2024-12-27 15:38:23,379:INFO:Importing untrained model
2024-12-27 15:38:23,380:INFO:Huber Regressor Imported successfully
2024-12-27 15:38:23,380:INFO:Starting cross validation
2024-12-27 15:38:23,380:INFO:Cross validating with KFold(n_splits=10, random_state=None, shuffle=False), n_jobs=-1
2024-12-27 15:38:23,462:WARNING:C:\Users\yashu\anaconda3\envs\env_linear_regression\lib\site-packages\sklearn\linear_model\_huber.py:342: ConvergenceWarning: lbfgs failed to converge (status=1):
STOP: TOTAL NO. of ITERATIONS REACHED LIMIT.

Increase the number of iterations (max_iter) or scale the data as shown in:
    https://scikit-learn.org/stable/modules/preprocessing.html
  self.n_iter_ = _check_optimize_result("lbfgs", opt_res, self.max_iter)

2024-12-27 15:38:23,465:WARNING:C:\Users\yashu\anaconda3\envs\env_linear_regression\lib\site-packages\sklearn\linear_model\_huber.py:342: ConvergenceWarning: lbfgs failed to converge (status=1):
STOP: TOTAL NO. of ITERATIONS REACHED LIMIT.

Increase the number of iterations (max_iter) or scale the data as shown in:
    https://scikit-learn.org/stable/modules/preprocessing.html
  self.n_iter_ = _check_optimize_result("lbfgs", opt_res, self.max_iter)

2024-12-27 15:38:23,471:WARNING:C:\Users\yashu\anaconda3\envs\env_linear_regression\lib\site-packages\sklearn\linear_model\_huber.py:342: ConvergenceWarning: lbfgs failed to converge (status=1):
STOP: TOTAL NO. of ITERATIONS REACHED LIMIT.

Increase the number of iterations (max_iter) or scale the data as shown in:
    https://scikit-learn.org/stable/modules/preprocessing.html
  self.n_iter_ = _check_optimize_result("lbfgs", opt_res, self.max_iter)

2024-12-27 15:38:23,483:WARNING:C:\Users\yashu\anaconda3\envs\env_linear_regression\lib\site-packages\sklearn\linear_model\_huber.py:342: ConvergenceWarning: lbfgs failed to converge (status=1):
STOP: TOTAL NO. of ITERATIONS REACHED LIMIT.

Increase the number of iterations (max_iter) or scale the data as shown in:
    https://scikit-learn.org/stable/modules/preprocessing.html
  self.n_iter_ = _check_optimize_result("lbfgs", opt_res, self.max_iter)

2024-12-27 15:38:23,492:WARNING:C:\Users\yashu\anaconda3\envs\env_linear_regression\lib\site-packages\sklearn\linear_model\_huber.py:342: ConvergenceWarning: lbfgs failed to converge (status=1):
STOP: TOTAL NO. of ITERATIONS REACHED LIMIT.

Increase the number of iterations (max_iter) or scale the data as shown in:
    https://scikit-learn.org/stable/modules/preprocessing.html
  self.n_iter_ = _check_optimize_result("lbfgs", opt_res, self.max_iter)

2024-12-27 15:38:23,499:WARNING:C:\Users\yashu\anaconda3\envs\env_linear_regression\lib\site-packages\sklearn\linear_model\_huber.py:342: ConvergenceWarning: lbfgs failed to converge (status=1):
STOP: TOTAL NO. of ITERATIONS REACHED LIMIT.

Increase the number of iterations (max_iter) or scale the data as shown in:
    https://scikit-learn.org/stable/modules/preprocessing.html
  self.n_iter_ = _check_optimize_result("lbfgs", opt_res, self.max_iter)

2024-12-27 15:38:23,520:WARNING:C:\Users\yashu\anaconda3\envs\env_linear_regression\lib\site-packages\sklearn\linear_model\_huber.py:342: ConvergenceWarning: lbfgs failed to converge (status=1):
STOP: TOTAL NO. of ITERATIONS REACHED LIMIT.

Increase the number of iterations (max_iter) or scale the data as shown in:
    https://scikit-learn.org/stable/modules/preprocessing.html
  self.n_iter_ = _check_optimize_result("lbfgs", opt_res, self.max_iter)

2024-12-27 15:38:23,521:WARNING:C:\Users\yashu\anaconda3\envs\env_linear_regression\lib\site-packages\sklearn\linear_model\_huber.py:342: ConvergenceWarning: lbfgs failed to converge (status=1):
STOP: TOTAL NO. of ITERATIONS REACHED LIMIT.

Increase the number of iterations (max_iter) or scale the data as shown in:
    https://scikit-learn.org/stable/modules/preprocessing.html
  self.n_iter_ = _check_optimize_result("lbfgs", opt_res, self.max_iter)

2024-12-27 15:38:23,532:WARNING:C:\Users\yashu\anaconda3\envs\env_linear_regression\lib\site-packages\sklearn\linear_model\_huber.py:342: ConvergenceWarning: lbfgs failed to converge (status=1):
STOP: TOTAL NO. of ITERATIONS REACHED LIMIT.

Increase the number of iterations (max_iter) or scale the data as shown in:
    https://scikit-learn.org/stable/modules/preprocessing.html
  self.n_iter_ = _check_optimize_result("lbfgs", opt_res, self.max_iter)

2024-12-27 15:38:23,550:WARNING:C:\Users\yashu\anaconda3\envs\env_linear_regression\lib\site-packages\sklearn\linear_model\_huber.py:342: ConvergenceWarning: lbfgs failed to converge (status=1):
STOP: TOTAL NO. of ITERATIONS REACHED LIMIT.

Increase the number of iterations (max_iter) or scale the data as shown in:
    https://scikit-learn.org/stable/modules/preprocessing.html
  self.n_iter_ = _check_optimize_result("lbfgs", opt_res, self.max_iter)

2024-12-27 15:38:24,187:INFO:Calculating mean and std
2024-12-27 15:38:24,188:INFO:Creating metrics dataframe
2024-12-27 15:38:24,321:INFO:Uploading results into container
2024-12-27 15:38:24,322:INFO:Uploading model into container now
2024-12-27 15:38:24,322:INFO:_master_model_container: 10
2024-12-27 15:38:24,322:INFO:_display_container: 2
2024-12-27 15:38:24,324:INFO:HuberRegressor()
2024-12-27 15:38:24,324:INFO:create_model() successfully completed......................................
2024-12-27 15:38:24,438:INFO:SubProcess create_model() end ==================================
2024-12-27 15:38:24,438:INFO:Creating metrics dataframe
2024-12-27 15:38:24,442:INFO:Initializing K Neighbors Regressor
2024-12-27 15:38:24,443:INFO:Total runtime is 0.3003245910008748 minutes
2024-12-27 15:38:24,443:INFO:SubProcess create_model() called ==================================
2024-12-27 15:38:24,443:INFO:Initializing create_model()
2024-12-27 15:38:24,443:INFO:create_model(self=<pycaret.regression.oop.RegressionExperiment object at 0x0000025BE5CDBBE0>, estimator=knn, fold=KFold(n_splits=10, random_state=None, shuffle=False), round=4, cross_validation=True, predict=True, fit_kwargs={}, groups=None, refit=False, probability_threshold=None, experiment_custom_tags=None, verbose=False, system=False, add_to_model_list=True, metrics=None, display=<pycaret.internal.display.display.CommonDisplay object at 0x0000025BF57BE500>, model_only=True, return_train_score=False, kwargs={})
2024-12-27 15:38:24,443:INFO:Checking exceptions
2024-12-27 15:38:24,443:INFO:Importing libraries
2024-12-27 15:38:24,443:INFO:Copying training dataset
2024-12-27 15:38:24,446:INFO:Defining folds
2024-12-27 15:38:24,446:INFO:Declaring metric variables
2024-12-27 15:38:24,446:INFO:Importing untrained model
2024-12-27 15:38:24,447:INFO:K Neighbors Regressor Imported successfully
2024-12-27 15:38:24,447:INFO:Starting cross validation
2024-12-27 15:38:24,448:INFO:Cross validating with KFold(n_splits=10, random_state=None, shuffle=False), n_jobs=-1
2024-12-27 15:38:25,312:INFO:Calculating mean and std
2024-12-27 15:38:25,313:INFO:Creating metrics dataframe
2024-12-27 15:38:25,450:INFO:Uploading results into container
2024-12-27 15:38:25,450:INFO:Uploading model into container now
2024-12-27 15:38:25,451:INFO:_master_model_container: 11
2024-12-27 15:38:25,451:INFO:_display_container: 2
2024-12-27 15:38:25,451:INFO:KNeighborsRegressor(n_jobs=-1)
2024-12-27 15:38:25,451:INFO:create_model() successfully completed......................................
2024-12-27 15:38:25,593:INFO:SubProcess create_model() end ==================================
2024-12-27 15:38:25,595:INFO:Creating metrics dataframe
2024-12-27 15:38:25,601:INFO:Initializing Decision Tree Regressor
2024-12-27 15:38:25,602:INFO:Total runtime is 0.31964634259541824 minutes
2024-12-27 15:38:25,602:INFO:SubProcess create_model() called ==================================
2024-12-27 15:38:25,602:INFO:Initializing create_model()
2024-12-27 15:38:25,602:INFO:create_model(self=<pycaret.regression.oop.RegressionExperiment object at 0x0000025BE5CDBBE0>, estimator=dt, fold=KFold(n_splits=10, random_state=None, shuffle=False), round=4, cross_validation=True, predict=True, fit_kwargs={}, groups=None, refit=False, probability_threshold=None, experiment_custom_tags=None, verbose=False, system=False, add_to_model_list=True, metrics=None, display=<pycaret.internal.display.display.CommonDisplay object at 0x0000025BF57BE500>, model_only=True, return_train_score=False, kwargs={})
2024-12-27 15:38:25,602:INFO:Checking exceptions
2024-12-27 15:38:25,602:INFO:Importing libraries
2024-12-27 15:38:25,602:INFO:Copying training dataset
2024-12-27 15:38:25,608:INFO:Defining folds
2024-12-27 15:38:25,608:INFO:Declaring metric variables
2024-12-27 15:38:25,610:INFO:Importing untrained model
2024-12-27 15:38:25,610:INFO:Decision Tree Regressor Imported successfully
2024-12-27 15:38:25,610:INFO:Starting cross validation
2024-12-27 15:38:25,613:INFO:Cross validating with KFold(n_splits=10, random_state=None, shuffle=False), n_jobs=-1
2024-12-27 15:38:26,442:INFO:Calculating mean and std
2024-12-27 15:38:26,442:INFO:Creating metrics dataframe
2024-12-27 15:38:26,579:INFO:Uploading results into container
2024-12-27 15:38:26,580:INFO:Uploading model into container now
2024-12-27 15:38:26,580:INFO:_master_model_container: 12
2024-12-27 15:38:26,580:INFO:_display_container: 2
2024-12-27 15:38:26,581:INFO:DecisionTreeRegressor(random_state=123)
2024-12-27 15:38:26,581:INFO:create_model() successfully completed......................................
2024-12-27 15:38:26,713:INFO:SubProcess create_model() end ==================================
2024-12-27 15:38:26,713:INFO:Creating metrics dataframe
2024-12-27 15:38:26,717:INFO:Initializing Random Forest Regressor
2024-12-27 15:38:26,717:INFO:Total runtime is 0.3382274111111958 minutes
2024-12-27 15:38:26,718:INFO:SubProcess create_model() called ==================================
2024-12-27 15:38:26,718:INFO:Initializing create_model()
2024-12-27 15:38:26,718:INFO:create_model(self=<pycaret.regression.oop.RegressionExperiment object at 0x0000025BE5CDBBE0>, estimator=rf, fold=KFold(n_splits=10, random_state=None, shuffle=False), round=4, cross_validation=True, predict=True, fit_kwargs={}, groups=None, refit=False, probability_threshold=None, experiment_custom_tags=None, verbose=False, system=False, add_to_model_list=True, metrics=None, display=<pycaret.internal.display.display.CommonDisplay object at 0x0000025BF57BE500>, model_only=True, return_train_score=False, kwargs={})
2024-12-27 15:38:26,718:INFO:Checking exceptions
2024-12-27 15:38:26,718:INFO:Importing libraries
2024-12-27 15:38:26,718:INFO:Copying training dataset
2024-12-27 15:38:26,721:INFO:Defining folds
2024-12-27 15:38:26,721:INFO:Declaring metric variables
2024-12-27 15:38:26,721:INFO:Importing untrained model
2024-12-27 15:38:26,722:INFO:Random Forest Regressor Imported successfully
2024-12-27 15:38:26,722:INFO:Starting cross validation
2024-12-27 15:38:26,723:INFO:Cross validating with KFold(n_splits=10, random_state=None, shuffle=False), n_jobs=-1
2024-12-27 15:38:27,732:INFO:Calculating mean and std
2024-12-27 15:38:27,733:INFO:Creating metrics dataframe
2024-12-27 15:38:27,867:INFO:Uploading results into container
2024-12-27 15:38:27,867:INFO:Uploading model into container now
2024-12-27 15:38:27,869:INFO:_master_model_container: 13
2024-12-27 15:38:27,869:INFO:_display_container: 2
2024-12-27 15:38:27,869:INFO:RandomForestRegressor(n_jobs=-1, random_state=123)
2024-12-27 15:38:27,869:INFO:create_model() successfully completed......................................
2024-12-27 15:38:28,004:INFO:SubProcess create_model() end ==================================
2024-12-27 15:38:28,004:INFO:Creating metrics dataframe
2024-12-27 15:38:28,008:INFO:Initializing Extra Trees Regressor
2024-12-27 15:38:28,008:INFO:Total runtime is 0.3597421964009602 minutes
2024-12-27 15:38:28,008:INFO:SubProcess create_model() called ==================================
2024-12-27 15:38:28,009:INFO:Initializing create_model()
2024-12-27 15:38:28,009:INFO:create_model(self=<pycaret.regression.oop.RegressionExperiment object at 0x0000025BE5CDBBE0>, estimator=et, fold=KFold(n_splits=10, random_state=None, shuffle=False), round=4, cross_validation=True, predict=True, fit_kwargs={}, groups=None, refit=False, probability_threshold=None, experiment_custom_tags=None, verbose=False, system=False, add_to_model_list=True, metrics=None, display=<pycaret.internal.display.display.CommonDisplay object at 0x0000025BF57BE500>, model_only=True, return_train_score=False, kwargs={})
2024-12-27 15:38:28,009:INFO:Checking exceptions
2024-12-27 15:38:28,009:INFO:Importing libraries
2024-12-27 15:38:28,009:INFO:Copying training dataset
2024-12-27 15:38:28,012:INFO:Defining folds
2024-12-27 15:38:28,012:INFO:Declaring metric variables
2024-12-27 15:38:28,012:INFO:Importing untrained model
2024-12-27 15:38:28,013:INFO:Extra Trees Regressor Imported successfully
2024-12-27 15:38:28,013:INFO:Starting cross validation
2024-12-27 15:38:28,014:INFO:Cross validating with KFold(n_splits=10, random_state=None, shuffle=False), n_jobs=-1
2024-12-27 15:38:29,117:INFO:Calculating mean and std
2024-12-27 15:38:29,118:INFO:Creating metrics dataframe
2024-12-27 15:38:29,252:INFO:Uploading results into container
2024-12-27 15:38:29,254:INFO:Uploading model into container now
2024-12-27 15:38:29,255:INFO:_master_model_container: 14
2024-12-27 15:38:29,255:INFO:_display_container: 2
2024-12-27 15:38:29,255:INFO:ExtraTreesRegressor(n_jobs=-1, random_state=123)
2024-12-27 15:38:29,255:INFO:create_model() successfully completed......................................
2024-12-27 15:38:29,374:INFO:SubProcess create_model() end ==================================
2024-12-27 15:38:29,374:INFO:Creating metrics dataframe
2024-12-27 15:38:29,378:INFO:Initializing AdaBoost Regressor
2024-12-27 15:38:29,378:INFO:Total runtime is 0.3825813810030619 minutes
2024-12-27 15:38:29,378:INFO:SubProcess create_model() called ==================================
2024-12-27 15:38:29,379:INFO:Initializing create_model()
2024-12-27 15:38:29,379:INFO:create_model(self=<pycaret.regression.oop.RegressionExperiment object at 0x0000025BE5CDBBE0>, estimator=ada, fold=KFold(n_splits=10, random_state=None, shuffle=False), round=4, cross_validation=True, predict=True, fit_kwargs={}, groups=None, refit=False, probability_threshold=None, experiment_custom_tags=None, verbose=False, system=False, add_to_model_list=True, metrics=None, display=<pycaret.internal.display.display.CommonDisplay object at 0x0000025BF57BE500>, model_only=True, return_train_score=False, kwargs={})
2024-12-27 15:38:29,379:INFO:Checking exceptions
2024-12-27 15:38:29,379:INFO:Importing libraries
2024-12-27 15:38:29,379:INFO:Copying training dataset
2024-12-27 15:38:29,383:INFO:Defining folds
2024-12-27 15:38:29,383:INFO:Declaring metric variables
2024-12-27 15:38:29,383:INFO:Importing untrained model
2024-12-27 15:38:29,383:INFO:AdaBoost Regressor Imported successfully
2024-12-27 15:38:29,383:INFO:Starting cross validation
2024-12-27 15:38:29,384:INFO:Cross validating with KFold(n_splits=10, random_state=None, shuffle=False), n_jobs=-1
2024-12-27 15:38:30,318:INFO:Calculating mean and std
2024-12-27 15:38:30,320:INFO:Creating metrics dataframe
2024-12-27 15:38:30,461:INFO:Uploading results into container
2024-12-27 15:38:30,462:INFO:Uploading model into container now
2024-12-27 15:38:30,463:INFO:_master_model_container: 15
2024-12-27 15:38:30,463:INFO:_display_container: 2
2024-12-27 15:38:30,464:INFO:AdaBoostRegressor(random_state=123)
2024-12-27 15:38:30,464:INFO:create_model() successfully completed......................................
2024-12-27 15:38:30,632:INFO:SubProcess create_model() end ==================================
2024-12-27 15:38:30,632:INFO:Creating metrics dataframe
2024-12-27 15:38:30,636:INFO:Initializing Gradient Boosting Regressor
2024-12-27 15:38:30,636:INFO:Total runtime is 0.40354568958282466 minutes
2024-12-27 15:38:30,636:INFO:SubProcess create_model() called ==================================
2024-12-27 15:38:30,636:INFO:Initializing create_model()
2024-12-27 15:38:30,637:INFO:create_model(self=<pycaret.regression.oop.RegressionExperiment object at 0x0000025BE5CDBBE0>, estimator=gbr, fold=KFold(n_splits=10, random_state=None, shuffle=False), round=4, cross_validation=True, predict=True, fit_kwargs={}, groups=None, refit=False, probability_threshold=None, experiment_custom_tags=None, verbose=False, system=False, add_to_model_list=True, metrics=None, display=<pycaret.internal.display.display.CommonDisplay object at 0x0000025BF57BE500>, model_only=True, return_train_score=False, kwargs={})
2024-12-27 15:38:30,637:INFO:Checking exceptions
2024-12-27 15:38:30,637:INFO:Importing libraries
2024-12-27 15:38:30,637:INFO:Copying training dataset
2024-12-27 15:38:30,639:INFO:Defining folds
2024-12-27 15:38:30,640:INFO:Declaring metric variables
2024-12-27 15:38:30,640:INFO:Importing untrained model
2024-12-27 15:38:30,640:INFO:Gradient Boosting Regressor Imported successfully
2024-12-27 15:38:30,640:INFO:Starting cross validation
2024-12-27 15:38:30,641:INFO:Cross validating with KFold(n_splits=10, random_state=None, shuffle=False), n_jobs=-1
2024-12-27 15:38:31,723:INFO:Calculating mean and std
2024-12-27 15:38:31,724:INFO:Creating metrics dataframe
2024-12-27 15:38:31,862:INFO:Uploading results into container
2024-12-27 15:38:31,863:INFO:Uploading model into container now
2024-12-27 15:38:31,864:INFO:_master_model_container: 16
2024-12-27 15:38:31,864:INFO:_display_container: 2
2024-12-27 15:38:31,864:INFO:GradientBoostingRegressor(random_state=123)
2024-12-27 15:38:31,864:INFO:create_model() successfully completed......................................
2024-12-27 15:38:32,055:INFO:SubProcess create_model() end ==================================
2024-12-27 15:38:32,055:INFO:Creating metrics dataframe
2024-12-27 15:38:32,061:INFO:Initializing Extreme Gradient Boosting
2024-12-27 15:38:32,061:INFO:Total runtime is 0.4272925813992818 minutes
2024-12-27 15:38:32,061:INFO:SubProcess create_model() called ==================================
2024-12-27 15:38:32,061:INFO:Initializing create_model()
2024-12-27 15:38:32,061:INFO:create_model(self=<pycaret.regression.oop.RegressionExperiment object at 0x0000025BE5CDBBE0>, estimator=xgboost, fold=KFold(n_splits=10, random_state=None, shuffle=False), round=4, cross_validation=True, predict=True, fit_kwargs={}, groups=None, refit=False, probability_threshold=None, experiment_custom_tags=None, verbose=False, system=False, add_to_model_list=True, metrics=None, display=<pycaret.internal.display.display.CommonDisplay object at 0x0000025BF57BE500>, model_only=True, return_train_score=False, kwargs={})
2024-12-27 15:38:32,061:INFO:Checking exceptions
2024-12-27 15:38:32,061:INFO:Importing libraries
2024-12-27 15:38:32,061:INFO:Copying training dataset
2024-12-27 15:38:32,065:INFO:Defining folds
2024-12-27 15:38:32,065:INFO:Declaring metric variables
2024-12-27 15:38:32,065:INFO:Importing untrained model
2024-12-27 15:38:32,067:INFO:Extreme Gradient Boosting Imported successfully
2024-12-27 15:38:32,067:INFO:Starting cross validation
2024-12-27 15:38:32,069:INFO:Cross validating with KFold(n_splits=10, random_state=None, shuffle=False), n_jobs=-1
2024-12-27 15:38:34,619:INFO:Calculating mean and std
2024-12-27 15:38:34,621:INFO:Creating metrics dataframe
2024-12-27 15:38:34,765:INFO:Uploading results into container
2024-12-27 15:38:34,767:INFO:Uploading model into container now
2024-12-27 15:38:34,768:INFO:_master_model_container: 17
2024-12-27 15:38:34,768:INFO:_display_container: 2
2024-12-27 15:38:34,769:INFO:XGBRegressor(base_score=None, booster='gbtree', callbacks=None,
             colsample_bylevel=None, colsample_bynode=None,
             colsample_bytree=None, device=None, early_stopping_rounds=None,
             enable_categorical=False, eval_metric=None, feature_types=None,
             gamma=None, grow_policy=None, importance_type=None,
             interaction_constraints=None, learning_rate=None, max_bin=None,
             max_cat_threshold=None, max_cat_to_onehot=None,
             max_delta_step=None, max_depth=None, max_leaves=None,
             min_child_weight=None, missing=nan, monotone_constraints=None,
             multi_strategy=None, n_estimators=None, n_jobs=-1,
             num_parallel_tree=None, random_state=123, ...)
2024-12-27 15:38:34,770:INFO:create_model() successfully completed......................................
2024-12-27 15:38:34,989:INFO:SubProcess create_model() end ==================================
2024-12-27 15:38:34,989:INFO:Creating metrics dataframe
2024-12-27 15:38:34,993:INFO:Initializing Light Gradient Boosting Machine
2024-12-27 15:38:34,993:INFO:Total runtime is 0.4761678616205851 minutes
2024-12-27 15:38:34,993:INFO:SubProcess create_model() called ==================================
2024-12-27 15:38:34,993:INFO:Initializing create_model()
2024-12-27 15:38:34,993:INFO:create_model(self=<pycaret.regression.oop.RegressionExperiment object at 0x0000025BE5CDBBE0>, estimator=lightgbm, fold=KFold(n_splits=10, random_state=None, shuffle=False), round=4, cross_validation=True, predict=True, fit_kwargs={}, groups=None, refit=False, probability_threshold=None, experiment_custom_tags=None, verbose=False, system=False, add_to_model_list=True, metrics=None, display=<pycaret.internal.display.display.CommonDisplay object at 0x0000025BF57BE500>, model_only=True, return_train_score=False, kwargs={})
2024-12-27 15:38:34,993:INFO:Checking exceptions
2024-12-27 15:38:34,993:INFO:Importing libraries
2024-12-27 15:38:34,993:INFO:Copying training dataset
2024-12-27 15:38:34,997:INFO:Defining folds
2024-12-27 15:38:34,997:INFO:Declaring metric variables
2024-12-27 15:38:34,998:INFO:Importing untrained model
2024-12-27 15:38:34,998:INFO:Light Gradient Boosting Machine Imported successfully
2024-12-27 15:38:34,998:INFO:Starting cross validation
2024-12-27 15:38:34,998:INFO:Cross validating with KFold(n_splits=10, random_state=None, shuffle=False), n_jobs=-1
2024-12-27 15:38:36,353:INFO:Calculating mean and std
2024-12-27 15:38:36,355:INFO:Creating metrics dataframe
2024-12-27 15:38:36,496:INFO:Uploading results into container
2024-12-27 15:38:36,497:INFO:Uploading model into container now
2024-12-27 15:38:36,498:INFO:_master_model_container: 18
2024-12-27 15:38:36,498:INFO:_display_container: 2
2024-12-27 15:38:36,499:INFO:LGBMRegressor(n_jobs=-1, random_state=123)
2024-12-27 15:38:36,499:INFO:create_model() successfully completed......................................
2024-12-27 15:38:36,684:INFO:SubProcess create_model() end ==================================
2024-12-27 15:38:36,684:INFO:Creating metrics dataframe
2024-12-27 15:38:36,691:INFO:Initializing Dummy Regressor
2024-12-27 15:38:36,692:INFO:Total runtime is 0.5044712781906128 minutes
2024-12-27 15:38:36,692:INFO:SubProcess create_model() called ==================================
2024-12-27 15:38:36,692:INFO:Initializing create_model()
2024-12-27 15:38:36,692:INFO:create_model(self=<pycaret.regression.oop.RegressionExperiment object at 0x0000025BE5CDBBE0>, estimator=dummy, fold=KFold(n_splits=10, random_state=None, shuffle=False), round=4, cross_validation=True, predict=True, fit_kwargs={}, groups=None, refit=False, probability_threshold=None, experiment_custom_tags=None, verbose=False, system=False, add_to_model_list=True, metrics=None, display=<pycaret.internal.display.display.CommonDisplay object at 0x0000025BF57BE500>, model_only=True, return_train_score=False, kwargs={})
2024-12-27 15:38:36,692:INFO:Checking exceptions
2024-12-27 15:38:36,692:INFO:Importing libraries
2024-12-27 15:38:36,692:INFO:Copying training dataset
2024-12-27 15:38:36,695:INFO:Defining folds
2024-12-27 15:38:36,695:INFO:Declaring metric variables
2024-12-27 15:38:36,696:INFO:Importing untrained model
2024-12-27 15:38:36,696:INFO:Dummy Regressor Imported successfully
2024-12-27 15:38:36,696:INFO:Starting cross validation
2024-12-27 15:38:36,697:INFO:Cross validating with KFold(n_splits=10, random_state=None, shuffle=False), n_jobs=-1
2024-12-27 15:38:37,673:INFO:Calculating mean and std
2024-12-27 15:38:37,673:INFO:Creating metrics dataframe
2024-12-27 15:38:37,808:INFO:Uploading results into container
2024-12-27 15:38:37,808:INFO:Uploading model into container now
2024-12-27 15:38:37,810:INFO:_master_model_container: 19
2024-12-27 15:38:37,810:INFO:_display_container: 2
2024-12-27 15:38:37,810:INFO:DummyRegressor()
2024-12-27 15:38:37,810:INFO:create_model() successfully completed......................................
2024-12-27 15:38:37,978:INFO:SubProcess create_model() end ==================================
2024-12-27 15:38:37,978:INFO:Creating metrics dataframe
2024-12-27 15:38:37,988:INFO:Initializing create_model()
2024-12-27 15:38:37,988:INFO:create_model(self=<pycaret.regression.oop.RegressionExperiment object at 0x0000025BE5CDBBE0>, estimator=ExtraTreesRegressor(n_jobs=-1, random_state=123), fold=KFold(n_splits=10, random_state=None, shuffle=False), round=4, cross_validation=False, predict=False, fit_kwargs={}, groups=None, refit=True, probability_threshold=None, experiment_custom_tags=None, verbose=False, system=False, add_to_model_list=True, metrics=None, display=None, model_only=True, return_train_score=False, kwargs={})
2024-12-27 15:38:37,988:INFO:Checking exceptions
2024-12-27 15:38:37,990:INFO:Importing libraries
2024-12-27 15:38:37,990:INFO:Copying training dataset
2024-12-27 15:38:37,994:INFO:Defining folds
2024-12-27 15:38:37,994:INFO:Declaring metric variables
2024-12-27 15:38:37,994:INFO:Importing untrained model
2024-12-27 15:38:37,994:INFO:Declaring custom model
2024-12-27 15:38:37,995:INFO:Extra Trees Regressor Imported successfully
2024-12-27 15:38:37,996:INFO:Cross validation set to False
2024-12-27 15:38:37,996:INFO:Fitting Model
2024-12-27 15:38:38,157:INFO:ExtraTreesRegressor(n_jobs=-1, random_state=123)
2024-12-27 15:38:38,157:INFO:create_model() successfully completed......................................
2024-12-27 15:38:38,340:INFO:_master_model_container: 19
2024-12-27 15:38:38,341:INFO:_display_container: 2
2024-12-27 15:38:38,341:INFO:ExtraTreesRegressor(n_jobs=-1, random_state=123)
2024-12-27 15:38:38,341:INFO:compare_models() successfully completed......................................
2024-12-27 15:38:38,342:INFO:Initializing tune_model()
2024-12-27 15:38:38,342:INFO:tune_model(estimator=ExtraTreesRegressor(n_jobs=-1, random_state=123), fold=None, round=4, n_iter=10, custom_grid=None, optimize=R2, custom_scorer=None, search_library=scikit-learn, search_algorithm=None, early_stopping=False, early_stopping_max_iters=10, choose_better=True, fit_kwargs=None, groups=None, return_tuner=False, verbose=True, tuner_verbose=True, return_train_score=False, kwargs={}, self=<pycaret.regression.oop.RegressionExperiment object at 0x0000025BE5CDBBE0>)
2024-12-27 15:38:38,343:INFO:Checking exceptions
2024-12-27 15:38:38,345:INFO:Copying training dataset
2024-12-27 15:38:38,347:INFO:Checking base model
2024-12-27 15:38:38,347:INFO:Base model : Extra Trees Regressor
2024-12-27 15:38:38,347:INFO:Declaring metric variables
2024-12-27 15:38:38,348:INFO:Defining Hyperparameters
2024-12-27 15:38:38,527:INFO:Tuning with n_jobs=-1
2024-12-27 15:38:38,528:INFO:Initializing RandomizedSearchCV
2024-12-27 15:38:49,809:INFO:best_params: {'actual_estimator__n_estimators': 100, 'actual_estimator__min_samples_split': 7, 'actual_estimator__min_samples_leaf': 4, 'actual_estimator__min_impurity_decrease': 0.1, 'actual_estimator__max_features': 1.0, 'actual_estimator__max_depth': 9, 'actual_estimator__criterion': 'squared_error', 'actual_estimator__bootstrap': True}
2024-12-27 15:38:49,810:INFO:Hyperparameter search completed
2024-12-27 15:38:49,810:INFO:SubProcess create_model() called ==================================
2024-12-27 15:38:49,811:INFO:Initializing create_model()
2024-12-27 15:38:49,811:INFO:create_model(self=<pycaret.regression.oop.RegressionExperiment object at 0x0000025BE5CDBBE0>, estimator=ExtraTreesRegressor(n_jobs=-1, random_state=123), fold=KFold(n_splits=10, random_state=None, shuffle=False), round=4, cross_validation=True, predict=True, fit_kwargs={}, groups=None, refit=True, probability_threshold=None, experiment_custom_tags=None, verbose=True, system=False, add_to_model_list=True, metrics=None, display=<pycaret.internal.display.display.CommonDisplay object at 0x0000025BF5503550>, model_only=True, return_train_score=False, kwargs={'n_estimators': 100, 'min_samples_split': 7, 'min_samples_leaf': 4, 'min_impurity_decrease': 0.1, 'max_features': 1.0, 'max_depth': 9, 'criterion': 'squared_error', 'bootstrap': True})
2024-12-27 15:38:49,811:INFO:Checking exceptions
2024-12-27 15:38:49,811:INFO:Importing libraries
2024-12-27 15:38:49,811:INFO:Copying training dataset
2024-12-27 15:38:49,816:INFO:Defining folds
2024-12-27 15:38:49,816:INFO:Declaring metric variables
2024-12-27 15:38:49,816:INFO:Importing untrained model
2024-12-27 15:38:49,816:INFO:Declaring custom model
2024-12-27 15:38:49,817:INFO:Extra Trees Regressor Imported successfully
2024-12-27 15:38:49,817:INFO:Starting cross validation
2024-12-27 15:38:49,818:INFO:Cross validating with KFold(n_splits=10, random_state=None, shuffle=False), n_jobs=-1
2024-12-27 15:38:50,749:INFO:Calculating mean and std
2024-12-27 15:38:50,750:INFO:Creating metrics dataframe
2024-12-27 15:38:50,753:INFO:Finalizing model
2024-12-27 15:38:50,936:INFO:Uploading results into container
2024-12-27 15:38:50,937:INFO:Uploading model into container now
2024-12-27 15:38:50,937:INFO:_master_model_container: 20
2024-12-27 15:38:50,937:INFO:_display_container: 3
2024-12-27 15:38:50,938:INFO:ExtraTreesRegressor(bootstrap=True, max_depth=9, min_impurity_decrease=0.1,
                    min_samples_leaf=4, min_samples_split=7, n_jobs=-1,
                    random_state=123)
2024-12-27 15:38:50,938:INFO:create_model() successfully completed......................................
2024-12-27 15:38:51,081:INFO:SubProcess create_model() end ==================================
2024-12-27 15:38:51,081:INFO:choose_better activated
2024-12-27 15:38:51,081:INFO:SubProcess create_model() called ==================================
2024-12-27 15:38:51,082:INFO:Initializing create_model()
2024-12-27 15:38:51,082:INFO:create_model(self=<pycaret.regression.oop.RegressionExperiment object at 0x0000025BE5CDBBE0>, estimator=ExtraTreesRegressor(n_jobs=-1, random_state=123), fold=KFold(n_splits=10, random_state=None, shuffle=False), round=4, cross_validation=True, predict=True, fit_kwargs={}, groups=None, refit=True, probability_threshold=None, experiment_custom_tags=None, verbose=False, system=False, add_to_model_list=True, metrics=None, display=None, model_only=True, return_train_score=False, kwargs={})
2024-12-27 15:38:51,082:INFO:Checking exceptions
2024-12-27 15:38:51,083:INFO:Importing libraries
2024-12-27 15:38:51,083:INFO:Copying training dataset
2024-12-27 15:38:51,086:INFO:Defining folds
2024-12-27 15:38:51,086:INFO:Declaring metric variables
2024-12-27 15:38:51,086:INFO:Importing untrained model
2024-12-27 15:38:51,086:INFO:Declaring custom model
2024-12-27 15:38:51,087:INFO:Extra Trees Regressor Imported successfully
2024-12-27 15:38:51,087:INFO:Starting cross validation
2024-12-27 15:38:51,088:INFO:Cross validating with KFold(n_splits=10, random_state=None, shuffle=False), n_jobs=-1
2024-12-27 15:38:52,352:INFO:Calculating mean and std
2024-12-27 15:38:52,352:INFO:Creating metrics dataframe
2024-12-27 15:38:52,355:INFO:Finalizing model
2024-12-27 15:38:52,562:INFO:Uploading results into container
2024-12-27 15:38:52,563:INFO:Uploading model into container now
2024-12-27 15:38:52,563:INFO:_master_model_container: 21
2024-12-27 15:38:52,563:INFO:_display_container: 4
2024-12-27 15:38:52,564:INFO:ExtraTreesRegressor(n_jobs=-1, random_state=123)
2024-12-27 15:38:52,564:INFO:create_model() successfully completed......................................
2024-12-27 15:38:52,758:INFO:SubProcess create_model() end ==================================
2024-12-27 15:38:52,759:INFO:ExtraTreesRegressor(n_jobs=-1, random_state=123) result for R2 is 0.8884
2024-12-27 15:38:52,759:INFO:ExtraTreesRegressor(bootstrap=True, max_depth=9, min_impurity_decrease=0.1,
                    min_samples_leaf=4, min_samples_split=7, n_jobs=-1,
                    random_state=123) result for R2 is 0.8488
2024-12-27 15:38:52,760:INFO:ExtraTreesRegressor(n_jobs=-1, random_state=123) is best model
2024-12-27 15:38:52,760:INFO:choose_better completed
2024-12-27 15:38:52,760:INFO:Original model was better than the tuned model, hence it will be returned. NOTE: The display metrics are for the tuned model (not the original one).
2024-12-27 15:38:52,772:INFO:_master_model_container: 21
2024-12-27 15:38:52,772:INFO:_display_container: 3
2024-12-27 15:38:52,772:INFO:ExtraTreesRegressor(n_jobs=-1, random_state=123)
2024-12-27 15:38:52,772:INFO:tune_model() successfully completed......................................
2024-12-27 15:39:07,314:WARNING:
'cuml' is a soft dependency and not included in the pycaret installation. Please run: `pip install cuml` to install.
2024-12-27 15:39:07,315:WARNING:
'cuml' is a soft dependency and not included in the pycaret installation. Please run: `pip install cuml` to install.
2024-12-27 15:39:07,315:WARNING:
'cuml' is a soft dependency and not included in the pycaret installation. Please run: `pip install cuml` to install.
2024-12-27 15:39:07,315:WARNING:
'cuml' is a soft dependency and not included in the pycaret installation. Please run: `pip install cuml` to install.
2024-12-27 15:39:08,108:INFO:PyCaret RegressionExperiment
2024-12-27 15:39:08,108:INFO:Logging name: reg-default-name
2024-12-27 15:39:08,108:INFO:ML Usecase: MLUsecase.REGRESSION
2024-12-27 15:39:08,108:INFO:version 3.0.4
2024-12-27 15:39:08,108:INFO:Initializing setup()
2024-12-27 15:39:08,108:INFO:self.USI: ed98
2024-12-27 15:39:08,108:INFO:self._variable_keys: {'n_jobs_param', 'fold_generator', 'pipeline', 'target_param', 'USI', '_available_plots', 'fold_groups_param', 'logging_param', 'memory', 'X', 'html_param', 'y_train', 'log_plots_param', 'exp_name_log', 'gpu_n_jobs_param', 'X_test', 'y', 'y_test', 'transform_target_param', '_ml_usecase', 'idx', 'fold_shuffle_param', 'exp_id', 'gpu_param', 'X_train', 'data', 'seed'}
2024-12-27 15:39:08,108:INFO:Checking environment
2024-12-27 15:39:08,108:INFO:python_version: 3.10.16
2024-12-27 15:39:08,108:INFO:python_build: ('main', 'Dec  5 2024 14:07:43')
2024-12-27 15:39:08,109:INFO:machine: AMD64
2024-12-27 15:39:08,120:INFO:platform: Windows-10-10.0.26100-SP0
2024-12-27 15:39:08,127:INFO:Memory: svmem(total=7893946368, available=2539098112, percent=67.8, used=5354848256, free=2539098112)
2024-12-27 15:39:08,127:INFO:Physical Core: 6
2024-12-27 15:39:08,128:INFO:Logical Core: 12
2024-12-27 15:39:08,128:INFO:Checking libraries
2024-12-27 15:39:08,128:INFO:System:
2024-12-27 15:39:08,128:INFO:    python: 3.10.16 | packaged by conda-forge | (main, Dec  5 2024, 14:07:43) [MSC v.1942 64 bit (AMD64)]
2024-12-27 15:39:08,128:INFO:executable: C:\Users\yashu\anaconda3\envs\env_linear_regression\python.exe
2024-12-27 15:39:08,128:INFO:   machine: Windows-10-10.0.26100-SP0
2024-12-27 15:39:08,128:INFO:PyCaret required dependencies:
2024-12-27 15:39:08,129:INFO:                 pip: 24.3.1
2024-12-27 15:39:08,129:INFO:          setuptools: 75.6.0
2024-12-27 15:39:08,129:INFO:             pycaret: 3.0.4
2024-12-27 15:39:08,129:INFO:             IPython: 8.31.0
2024-12-27 15:39:08,129:INFO:          ipywidgets: 8.1.5
2024-12-27 15:39:08,131:INFO:                tqdm: 4.67.1
2024-12-27 15:39:08,131:INFO:               numpy: 1.23.5
2024-12-27 15:39:08,131:INFO:              pandas: 1.5.3
2024-12-27 15:39:08,131:INFO:              jinja2: 3.1.5
2024-12-27 15:39:08,131:INFO:               scipy: 1.9.3
2024-12-27 15:39:08,131:INFO:              joblib: 1.2.0
2024-12-27 15:39:08,131:INFO:             sklearn: 1.2.2
2024-12-27 15:39:08,131:INFO:                pyod: 2.0.2
2024-12-27 15:39:08,131:INFO:            imblearn: 0.12.4
2024-12-27 15:39:08,131:INFO:   category_encoders: 2.6.4
2024-12-27 15:39:08,131:INFO:            lightgbm: 4.5.0
2024-12-27 15:39:08,131:INFO:               numba: 0.60.0
2024-12-27 15:39:08,131:INFO:            requests: 2.32.3
2024-12-27 15:39:08,131:INFO:          matplotlib: 3.10.0
2024-12-27 15:39:08,131:INFO:          scikitplot: 0.3.7
2024-12-27 15:39:08,131:INFO:         yellowbrick: 1.5
2024-12-27 15:39:08,131:INFO:              plotly: 5.24.1
2024-12-27 15:39:08,131:INFO:    plotly-resampler: Not installed
2024-12-27 15:39:08,131:INFO:             kaleido: 0.2.1
2024-12-27 15:39:08,131:INFO:           schemdraw: 0.15
2024-12-27 15:39:08,131:INFO:         statsmodels: 0.14.4
2024-12-27 15:39:08,131:INFO:              sktime: 0.21.1
2024-12-27 15:39:08,131:INFO:               tbats: 1.1.3
2024-12-27 15:39:08,132:INFO:            pmdarima: 2.0.4
2024-12-27 15:39:08,132:INFO:              psutil: 6.1.0
2024-12-27 15:39:08,132:INFO:          markupsafe: 3.0.2
2024-12-27 15:39:08,132:INFO:             pickle5: Not installed
2024-12-27 15:39:08,132:INFO:         cloudpickle: 3.1.0
2024-12-27 15:39:08,132:INFO:         deprecation: 2.1.0
2024-12-27 15:39:08,132:INFO:              xxhash: 3.5.0
2024-12-27 15:39:08,132:INFO:           wurlitzer: 3.1.1
2024-12-27 15:39:08,132:INFO:PyCaret optional dependencies:
2024-12-27 15:39:08,144:INFO:                shap: Not installed
2024-12-27 15:39:08,144:INFO:           interpret: Not installed
2024-12-27 15:39:08,144:INFO:                umap: 0.5.7
2024-12-27 15:39:08,144:INFO:    pandas_profiling: Not installed
2024-12-27 15:39:08,144:INFO:  explainerdashboard: Not installed
2024-12-27 15:39:08,144:INFO:             autoviz: Not installed
2024-12-27 15:39:08,145:INFO:           fairlearn: Not installed
2024-12-27 15:39:08,145:INFO:          deepchecks: Not installed
2024-12-27 15:39:08,145:INFO:             xgboost: 2.1.3
2024-12-27 15:39:08,145:INFO:            catboost: Not installed
2024-12-27 15:39:08,145:INFO:              kmodes: Not installed
2024-12-27 15:39:08,145:INFO:             mlxtend: Not installed
2024-12-27 15:39:08,145:INFO:       statsforecast: Not installed
2024-12-27 15:39:08,145:INFO:        tune_sklearn: Not installed
2024-12-27 15:39:08,145:INFO:                 ray: Not installed
2024-12-27 15:39:08,145:INFO:            hyperopt: Not installed
2024-12-27 15:39:08,145:INFO:              optuna: 4.1.0
2024-12-27 15:39:08,145:INFO:               skopt: Not installed
2024-12-27 15:39:08,145:INFO:              mlflow: 2.19.0
2024-12-27 15:39:08,145:INFO:              gradio: Not installed
2024-12-27 15:39:08,145:INFO:             fastapi: Not installed
2024-12-27 15:39:08,145:INFO:             uvicorn: Not installed
2024-12-27 15:39:08,145:INFO:              m2cgen: Not installed
2024-12-27 15:39:08,145:INFO:           evidently: Not installed
2024-12-27 15:39:08,145:INFO:               fugue: Not installed
2024-12-27 15:39:08,145:INFO:           streamlit: Not installed
2024-12-27 15:39:08,145:INFO:             prophet: Not installed
2024-12-27 15:39:08,145:INFO:None
2024-12-27 15:39:08,145:INFO:Set up data.
2024-12-27 15:39:08,154:INFO:Set up train/test split.
2024-12-27 15:39:08,157:INFO:Set up index.
2024-12-27 15:39:08,157:INFO:Set up folding strategy.
2024-12-27 15:39:08,157:INFO:Assigning column types.
2024-12-27 15:39:08,162:INFO:Engine successfully changes for model 'lr' to 'sklearn'.
2024-12-27 15:39:08,162:INFO:Engine for model 'lasso' has not been set explicitly, hence returning None.
2024-12-27 15:39:08,166:INFO:Engine for model 'ridge' has not been set explicitly, hence returning None.
2024-12-27 15:39:08,171:INFO:Engine for model 'en' has not been set explicitly, hence returning None.
2024-12-27 15:39:08,226:INFO:Engine for model 'svm' has not been set explicitly, hence returning None.
2024-12-27 15:39:08,265:INFO:Engine for model 'knn' has not been set explicitly, hence returning None.
2024-12-27 15:39:08,266:INFO:Soft dependency imported: xgboost: 2.1.3
2024-12-27 15:39:08,268:WARNING:
'catboost' is a soft dependency and not included in the pycaret installation. Please run: `pip install catboost` to install.
Alternately, you can install this by running `pip install pycaret[models]`
2024-12-27 15:39:08,269:INFO:Engine for model 'lasso' has not been set explicitly, hence returning None.
2024-12-27 15:39:08,273:INFO:Engine for model 'ridge' has not been set explicitly, hence returning None.
2024-12-27 15:39:08,277:INFO:Engine for model 'en' has not been set explicitly, hence returning None.
2024-12-27 15:39:08,330:INFO:Engine for model 'svm' has not been set explicitly, hence returning None.
2024-12-27 15:39:08,370:INFO:Engine for model 'knn' has not been set explicitly, hence returning None.
2024-12-27 15:39:08,371:INFO:Soft dependency imported: xgboost: 2.1.3
2024-12-27 15:39:08,374:WARNING:
'catboost' is a soft dependency and not included in the pycaret installation. Please run: `pip install catboost` to install.
Alternately, you can install this by running `pip install pycaret[models]`
2024-12-27 15:39:08,374:INFO:Engine successfully changes for model 'lasso' to 'sklearn'.
2024-12-27 15:39:08,379:INFO:Engine for model 'ridge' has not been set explicitly, hence returning None.
2024-12-27 15:39:08,388:INFO:Engine for model 'en' has not been set explicitly, hence returning None.
2024-12-27 15:39:08,442:INFO:Engine for model 'svm' has not been set explicitly, hence returning None.
2024-12-27 15:39:08,483:INFO:Engine for model 'knn' has not been set explicitly, hence returning None.
2024-12-27 15:39:08,484:INFO:Soft dependency imported: xgboost: 2.1.3
2024-12-27 15:39:08,486:WARNING:
'catboost' is a soft dependency and not included in the pycaret installation. Please run: `pip install catboost` to install.
Alternately, you can install this by running `pip install pycaret[models]`
2024-12-27 15:39:08,491:INFO:Engine for model 'ridge' has not been set explicitly, hence returning None.
2024-12-27 15:39:08,495:INFO:Engine for model 'en' has not been set explicitly, hence returning None.
2024-12-27 15:39:08,550:INFO:Engine for model 'svm' has not been set explicitly, hence returning None.
2024-12-27 15:39:08,602:INFO:Engine for model 'knn' has not been set explicitly, hence returning None.
2024-12-27 15:39:08,603:INFO:Soft dependency imported: xgboost: 2.1.3
2024-12-27 15:39:08,605:WARNING:
'catboost' is a soft dependency and not included in the pycaret installation. Please run: `pip install catboost` to install.
Alternately, you can install this by running `pip install pycaret[models]`
2024-12-27 15:39:08,605:INFO:Engine successfully changes for model 'ridge' to 'sklearn'.
2024-12-27 15:39:08,616:INFO:Engine for model 'en' has not been set explicitly, hence returning None.
2024-12-27 15:39:08,674:INFO:Engine for model 'svm' has not been set explicitly, hence returning None.
2024-12-27 15:39:08,718:INFO:Engine for model 'knn' has not been set explicitly, hence returning None.
2024-12-27 15:39:08,719:INFO:Soft dependency imported: xgboost: 2.1.3
2024-12-27 15:39:08,722:WARNING:
'catboost' is a soft dependency and not included in the pycaret installation. Please run: `pip install catboost` to install.
Alternately, you can install this by running `pip install pycaret[models]`
2024-12-27 15:39:08,731:INFO:Engine for model 'en' has not been set explicitly, hence returning None.
2024-12-27 15:39:08,803:INFO:Engine for model 'svm' has not been set explicitly, hence returning None.
2024-12-27 15:39:08,850:INFO:Engine for model 'knn' has not been set explicitly, hence returning None.
2024-12-27 15:39:08,851:INFO:Soft dependency imported: xgboost: 2.1.3
2024-12-27 15:39:08,854:WARNING:
'catboost' is a soft dependency and not included in the pycaret installation. Please run: `pip install catboost` to install.
Alternately, you can install this by running `pip install pycaret[models]`
2024-12-27 15:39:08,854:INFO:Engine successfully changes for model 'en' to 'sklearn'.
2024-12-27 15:39:08,929:INFO:Engine for model 'svm' has not been set explicitly, hence returning None.
2024-12-27 15:39:08,982:INFO:Engine for model 'knn' has not been set explicitly, hence returning None.
2024-12-27 15:39:08,983:INFO:Soft dependency imported: xgboost: 2.1.3
2024-12-27 15:39:08,985:WARNING:
'catboost' is a soft dependency and not included in the pycaret installation. Please run: `pip install catboost` to install.
Alternately, you can install this by running `pip install pycaret[models]`
2024-12-27 15:39:09,057:INFO:Engine for model 'svm' has not been set explicitly, hence returning None.
2024-12-27 15:39:09,119:INFO:Engine for model 'knn' has not been set explicitly, hence returning None.
2024-12-27 15:39:09,120:INFO:Soft dependency imported: xgboost: 2.1.3
2024-12-27 15:39:09,124:WARNING:
'catboost' is a soft dependency and not included in the pycaret installation. Please run: `pip install catboost` to install.
Alternately, you can install this by running `pip install pycaret[models]`
2024-12-27 15:39:09,124:INFO:Engine successfully changes for model 'knn' to 'sklearn'.
2024-12-27 15:39:09,196:INFO:Engine for model 'svm' has not been set explicitly, hence returning None.
2024-12-27 15:39:09,244:INFO:Soft dependency imported: xgboost: 2.1.3
2024-12-27 15:39:09,247:WARNING:
'catboost' is a soft dependency and not included in the pycaret installation. Please run: `pip install catboost` to install.
Alternately, you can install this by running `pip install pycaret[models]`
2024-12-27 15:39:09,320:INFO:Engine for model 'svm' has not been set explicitly, hence returning None.
2024-12-27 15:39:09,367:INFO:Soft dependency imported: xgboost: 2.1.3
2024-12-27 15:39:09,369:WARNING:
'catboost' is a soft dependency and not included in the pycaret installation. Please run: `pip install catboost` to install.
Alternately, you can install this by running `pip install pycaret[models]`
2024-12-27 15:39:09,369:INFO:Engine successfully changes for model 'svm' to 'sklearn'.
2024-12-27 15:39:09,479:INFO:Soft dependency imported: xgboost: 2.1.3
2024-12-27 15:39:09,482:WARNING:
'catboost' is a soft dependency and not included in the pycaret installation. Please run: `pip install catboost` to install.
Alternately, you can install this by running `pip install pycaret[models]`
2024-12-27 15:39:09,603:INFO:Soft dependency imported: xgboost: 2.1.3
2024-12-27 15:39:09,606:WARNING:
'catboost' is a soft dependency and not included in the pycaret installation. Please run: `pip install catboost` to install.
Alternately, you can install this by running `pip install pycaret[models]`
2024-12-27 15:39:09,610:INFO:Preparing preprocessing pipeline...
2024-12-27 15:39:09,610:INFO:Set up simple imputation.
2024-12-27 15:39:09,634:INFO:Finished creating preprocessing pipeline.
2024-12-27 15:39:09,641:INFO:Pipeline: Pipeline(memory=FastMemory(location=C:\Users\yashu\AppData\Local\Temp\joblib),
         steps=[('numerical_imputer',
                 TransformerWrapper(include=['crim', 'zn', 'indus', 'chas',
                                             'nox', 'rm', 'age', 'dis', 'rad',
                                             'tax', 'ptratio', 'b', 'lstat'],
                                    transformer=SimpleImputer())),
                ('categorical_imputer',
                 TransformerWrapper(include=[],
                                    transformer=SimpleImputer(strategy='most_frequent')))])
2024-12-27 15:39:09,641:INFO:Creating final display dataframe.
2024-12-27 15:39:09,729:INFO:Setup _display_container:                     Description             Value
0                    Session id               123
1                        Target              medv
2                   Target type        Regression
3           Original data shape         (426, 14)
4        Transformed data shape         (426, 14)
5   Transformed train set shape         (298, 14)
6    Transformed test set shape         (128, 14)
7              Numeric features                13
8                    Preprocess              True
9               Imputation type            simple
10           Numeric imputation              mean
11       Categorical imputation              mode
12               Fold Generator             KFold
13                  Fold Number                10
14                     CPU Jobs                -1
15                      Use GPU             False
16               Log Experiment             False
17              Experiment Name  reg-default-name
18                          USI              ed98
2024-12-27 15:39:09,855:INFO:Soft dependency imported: xgboost: 2.1.3
2024-12-27 15:39:09,858:WARNING:
'catboost' is a soft dependency and not included in the pycaret installation. Please run: `pip install catboost` to install.
Alternately, you can install this by running `pip install pycaret[models]`
2024-12-27 15:39:09,991:INFO:Soft dependency imported: xgboost: 2.1.3
2024-12-27 15:39:09,994:WARNING:
'catboost' is a soft dependency and not included in the pycaret installation. Please run: `pip install catboost` to install.
Alternately, you can install this by running `pip install pycaret[models]`
2024-12-27 15:39:09,995:INFO:setup() successfully completed in 1.97s...............
2024-12-27 15:39:09,995:INFO:Initializing compare_models()
2024-12-27 15:39:09,996:INFO:compare_models(self=<pycaret.regression.oop.RegressionExperiment object at 0x000001A01465BC70>, include=None, fold=None, round=4, cross_validation=True, sort=R2, n_select=1, budget_time=None, turbo=True, errors=ignore, fit_kwargs=None, groups=None, experiment_custom_tags=None, probability_threshold=None, verbose=True, parallel=None, caller_params={'self': <pycaret.regression.oop.RegressionExperiment object at 0x000001A01465BC70>, 'include': None, 'exclude': None, 'fold': None, 'round': 4, 'cross_validation': True, 'sort': 'R2', 'n_select': 1, 'budget_time': None, 'turbo': True, 'errors': 'ignore', 'fit_kwargs': None, 'groups': None, 'experiment_custom_tags': None, 'engine': None, 'verbose': True, 'parallel': None, '__class__': <class 'pycaret.regression.oop.RegressionExperiment'>}, exclude=None)
2024-12-27 15:39:09,996:INFO:Checking exceptions
2024-12-27 15:39:09,998:INFO:Preparing display monitor
2024-12-27 15:39:10,003:INFO:Initializing Linear Regression
2024-12-27 15:39:10,003:INFO:Total runtime is 0.0 minutes
2024-12-27 15:39:10,003:INFO:SubProcess create_model() called ==================================
2024-12-27 15:39:10,005:INFO:Initializing create_model()
2024-12-27 15:39:10,005:INFO:create_model(self=<pycaret.regression.oop.RegressionExperiment object at 0x000001A01465BC70>, estimator=lr, fold=KFold(n_splits=10, random_state=None, shuffle=False), round=4, cross_validation=True, predict=True, fit_kwargs={}, groups=None, refit=False, probability_threshold=None, experiment_custom_tags=None, verbose=False, system=False, add_to_model_list=True, metrics=None, display=<pycaret.internal.display.display.CommonDisplay object at 0x000001A0240F2560>, model_only=True, return_train_score=False, kwargs={})
2024-12-27 15:39:10,005:INFO:Checking exceptions
2024-12-27 15:39:10,005:INFO:Importing libraries
2024-12-27 15:39:10,005:INFO:Copying training dataset
2024-12-27 15:39:10,010:INFO:Defining folds
2024-12-27 15:39:10,010:INFO:Declaring metric variables
2024-12-27 15:39:10,010:INFO:Importing untrained model
2024-12-27 15:39:10,010:INFO:Linear Regression Imported successfully
2024-12-27 15:39:10,012:INFO:Starting cross validation
2024-12-27 15:39:10,021:INFO:Cross validating with KFold(n_splits=10, random_state=None, shuffle=False), n_jobs=-1
2024-12-27 15:39:19,741:INFO:Calculating mean and std
2024-12-27 15:39:19,753:INFO:Creating metrics dataframe
2024-12-27 15:39:19,964:INFO:Uploading results into container
2024-12-27 15:39:19,967:INFO:Uploading model into container now
2024-12-27 15:39:19,968:INFO:_master_model_container: 1
2024-12-27 15:39:19,968:INFO:_display_container: 2
2024-12-27 15:39:19,969:INFO:LinearRegression(n_jobs=-1)
2024-12-27 15:39:19,969:INFO:create_model() successfully completed......................................
2024-12-27 15:39:20,485:INFO:SubProcess create_model() end ==================================
2024-12-27 15:39:20,485:INFO:Creating metrics dataframe
2024-12-27 15:39:20,498:INFO:Initializing Lasso Regression
2024-12-27 15:39:20,498:INFO:Total runtime is 0.1749046524365743 minutes
2024-12-27 15:39:20,499:INFO:SubProcess create_model() called ==================================
2024-12-27 15:39:20,499:INFO:Initializing create_model()
2024-12-27 15:39:20,499:INFO:create_model(self=<pycaret.regression.oop.RegressionExperiment object at 0x000001A01465BC70>, estimator=lasso, fold=KFold(n_splits=10, random_state=None, shuffle=False), round=4, cross_validation=True, predict=True, fit_kwargs={}, groups=None, refit=False, probability_threshold=None, experiment_custom_tags=None, verbose=False, system=False, add_to_model_list=True, metrics=None, display=<pycaret.internal.display.display.CommonDisplay object at 0x000001A0240F2560>, model_only=True, return_train_score=False, kwargs={})
2024-12-27 15:39:20,499:INFO:Checking exceptions
2024-12-27 15:39:20,499:INFO:Importing libraries
2024-12-27 15:39:20,500:INFO:Copying training dataset
2024-12-27 15:39:20,507:INFO:Defining folds
2024-12-27 15:39:20,507:INFO:Declaring metric variables
2024-12-27 15:39:20,508:INFO:Importing untrained model
2024-12-27 15:39:20,508:INFO:Lasso Regression Imported successfully
2024-12-27 15:39:20,509:INFO:Starting cross validation
2024-12-27 15:39:20,510:INFO:Cross validating with KFold(n_splits=10, random_state=None, shuffle=False), n_jobs=-1
2024-12-27 15:39:25,541:INFO:Calculating mean and std
2024-12-27 15:39:25,541:INFO:Creating metrics dataframe
2024-12-27 15:39:25,686:INFO:Uploading results into container
2024-12-27 15:39:25,686:INFO:Uploading model into container now
2024-12-27 15:39:25,687:INFO:_master_model_container: 2
2024-12-27 15:39:25,687:INFO:_display_container: 2
2024-12-27 15:39:25,688:INFO:Lasso(random_state=123)
2024-12-27 15:39:25,688:INFO:create_model() successfully completed......................................
2024-12-27 15:39:25,850:INFO:SubProcess create_model() end ==================================
2024-12-27 15:39:25,850:INFO:Creating metrics dataframe
2024-12-27 15:39:25,856:INFO:Initializing Ridge Regression
2024-12-27 15:39:25,856:INFO:Total runtime is 0.26420114040374754 minutes
2024-12-27 15:39:25,857:INFO:SubProcess create_model() called ==================================
2024-12-27 15:39:25,857:INFO:Initializing create_model()
2024-12-27 15:39:25,857:INFO:create_model(self=<pycaret.regression.oop.RegressionExperiment object at 0x000001A01465BC70>, estimator=ridge, fold=KFold(n_splits=10, random_state=None, shuffle=False), round=4, cross_validation=True, predict=True, fit_kwargs={}, groups=None, refit=False, probability_threshold=None, experiment_custom_tags=None, verbose=False, system=False, add_to_model_list=True, metrics=None, display=<pycaret.internal.display.display.CommonDisplay object at 0x000001A0240F2560>, model_only=True, return_train_score=False, kwargs={})
2024-12-27 15:39:25,857:INFO:Checking exceptions
2024-12-27 15:39:25,857:INFO:Importing libraries
2024-12-27 15:39:25,857:INFO:Copying training dataset
2024-12-27 15:39:25,860:INFO:Defining folds
2024-12-27 15:39:25,860:INFO:Declaring metric variables
2024-12-27 15:39:25,860:INFO:Importing untrained model
2024-12-27 15:39:25,860:INFO:Ridge Regression Imported successfully
2024-12-27 15:39:25,862:INFO:Starting cross validation
2024-12-27 15:39:25,862:INFO:Cross validating with KFold(n_splits=10, random_state=None, shuffle=False), n_jobs=-1
2024-12-27 15:39:26,797:INFO:Calculating mean and std
2024-12-27 15:39:26,797:INFO:Creating metrics dataframe
2024-12-27 15:39:26,939:INFO:Uploading results into container
2024-12-27 15:39:26,940:INFO:Uploading model into container now
2024-12-27 15:39:26,940:INFO:_master_model_container: 3
2024-12-27 15:39:26,940:INFO:_display_container: 2
2024-12-27 15:39:26,941:INFO:Ridge(random_state=123)
2024-12-27 15:39:26,941:INFO:create_model() successfully completed......................................
2024-12-27 15:39:27,090:INFO:SubProcess create_model() end ==================================
2024-12-27 15:39:27,090:INFO:Creating metrics dataframe
2024-12-27 15:39:27,095:INFO:Initializing Elastic Net
2024-12-27 15:39:27,095:INFO:Total runtime is 0.284859816233317 minutes
2024-12-27 15:39:27,095:INFO:SubProcess create_model() called ==================================
2024-12-27 15:39:27,095:INFO:Initializing create_model()
2024-12-27 15:39:27,095:INFO:create_model(self=<pycaret.regression.oop.RegressionExperiment object at 0x000001A01465BC70>, estimator=en, fold=KFold(n_splits=10, random_state=None, shuffle=False), round=4, cross_validation=True, predict=True, fit_kwargs={}, groups=None, refit=False, probability_threshold=None, experiment_custom_tags=None, verbose=False, system=False, add_to_model_list=True, metrics=None, display=<pycaret.internal.display.display.CommonDisplay object at 0x000001A0240F2560>, model_only=True, return_train_score=False, kwargs={})
2024-12-27 15:39:27,095:INFO:Checking exceptions
2024-12-27 15:39:27,095:INFO:Importing libraries
2024-12-27 15:39:27,096:INFO:Copying training dataset
2024-12-27 15:39:27,100:INFO:Defining folds
2024-12-27 15:39:27,100:INFO:Declaring metric variables
2024-12-27 15:39:27,101:INFO:Importing untrained model
2024-12-27 15:39:27,101:INFO:Elastic Net Imported successfully
2024-12-27 15:39:27,101:INFO:Starting cross validation
2024-12-27 15:39:27,102:INFO:Cross validating with KFold(n_splits=10, random_state=None, shuffle=False), n_jobs=-1
2024-12-27 15:39:28,030:INFO:Calculating mean and std
2024-12-27 15:39:28,031:INFO:Creating metrics dataframe
2024-12-27 15:39:28,172:INFO:Uploading results into container
2024-12-27 15:39:28,173:INFO:Uploading model into container now
2024-12-27 15:39:28,174:INFO:_master_model_container: 4
2024-12-27 15:39:28,174:INFO:_display_container: 2
2024-12-27 15:39:28,174:INFO:ElasticNet(random_state=123)
2024-12-27 15:39:28,174:INFO:create_model() successfully completed......................................
2024-12-27 15:39:28,316:INFO:SubProcess create_model() end ==================================
2024-12-27 15:39:28,316:INFO:Creating metrics dataframe
2024-12-27 15:39:28,322:INFO:Initializing Least Angle Regression
2024-12-27 15:39:28,322:INFO:Total runtime is 0.30531537135442094 minutes
2024-12-27 15:39:28,322:INFO:SubProcess create_model() called ==================================
2024-12-27 15:39:28,322:INFO:Initializing create_model()
2024-12-27 15:39:28,324:INFO:create_model(self=<pycaret.regression.oop.RegressionExperiment object at 0x000001A01465BC70>, estimator=lar, fold=KFold(n_splits=10, random_state=None, shuffle=False), round=4, cross_validation=True, predict=True, fit_kwargs={}, groups=None, refit=False, probability_threshold=None, experiment_custom_tags=None, verbose=False, system=False, add_to_model_list=True, metrics=None, display=<pycaret.internal.display.display.CommonDisplay object at 0x000001A0240F2560>, model_only=True, return_train_score=False, kwargs={})
2024-12-27 15:39:28,324:INFO:Checking exceptions
2024-12-27 15:39:28,324:INFO:Importing libraries
2024-12-27 15:39:28,324:INFO:Copying training dataset
2024-12-27 15:39:28,327:INFO:Defining folds
2024-12-27 15:39:28,327:INFO:Declaring metric variables
2024-12-27 15:39:28,328:INFO:Importing untrained model
2024-12-27 15:39:28,328:INFO:Least Angle Regression Imported successfully
2024-12-27 15:39:28,329:INFO:Starting cross validation
2024-12-27 15:39:28,329:INFO:Cross validating with KFold(n_splits=10, random_state=None, shuffle=False), n_jobs=-1
2024-12-27 15:39:29,284:INFO:Calculating mean and std
2024-12-27 15:39:29,286:INFO:Creating metrics dataframe
2024-12-27 15:39:29,426:INFO:Uploading results into container
2024-12-27 15:39:29,427:INFO:Uploading model into container now
2024-12-27 15:39:29,427:INFO:_master_model_container: 5
2024-12-27 15:39:29,427:INFO:_display_container: 2
2024-12-27 15:39:29,429:INFO:Lars(random_state=123)
2024-12-27 15:39:29,429:INFO:create_model() successfully completed......................................
2024-12-27 15:39:29,552:INFO:SubProcess create_model() end ==================================
2024-12-27 15:39:29,552:INFO:Creating metrics dataframe
2024-12-27 15:39:29,557:INFO:Initializing Lasso Least Angle Regression
2024-12-27 15:39:29,557:INFO:Total runtime is 0.325891093413035 minutes
2024-12-27 15:39:29,557:INFO:SubProcess create_model() called ==================================
2024-12-27 15:39:29,558:INFO:Initializing create_model()
2024-12-27 15:39:29,558:INFO:create_model(self=<pycaret.regression.oop.RegressionExperiment object at 0x000001A01465BC70>, estimator=llar, fold=KFold(n_splits=10, random_state=None, shuffle=False), round=4, cross_validation=True, predict=True, fit_kwargs={}, groups=None, refit=False, probability_threshold=None, experiment_custom_tags=None, verbose=False, system=False, add_to_model_list=True, metrics=None, display=<pycaret.internal.display.display.CommonDisplay object at 0x000001A0240F2560>, model_only=True, return_train_score=False, kwargs={})
2024-12-27 15:39:29,558:INFO:Checking exceptions
2024-12-27 15:39:29,558:INFO:Importing libraries
2024-12-27 15:39:29,558:INFO:Copying training dataset
2024-12-27 15:39:29,562:INFO:Defining folds
2024-12-27 15:39:29,562:INFO:Declaring metric variables
2024-12-27 15:39:29,562:INFO:Importing untrained model
2024-12-27 15:39:29,562:INFO:Lasso Least Angle Regression Imported successfully
2024-12-27 15:39:29,562:INFO:Starting cross validation
2024-12-27 15:39:29,564:INFO:Cross validating with KFold(n_splits=10, random_state=None, shuffle=False), n_jobs=-1
2024-12-27 15:39:30,536:INFO:Calculating mean and std
2024-12-27 15:39:30,537:INFO:Creating metrics dataframe
2024-12-27 15:39:30,680:INFO:Uploading results into container
2024-12-27 15:39:30,681:INFO:Uploading model into container now
2024-12-27 15:39:30,682:INFO:_master_model_container: 6
2024-12-27 15:39:30,682:INFO:_display_container: 2
2024-12-27 15:39:30,682:INFO:LassoLars(random_state=123)
2024-12-27 15:39:30,682:INFO:create_model() successfully completed......................................
2024-12-27 15:39:30,829:INFO:SubProcess create_model() end ==================================
2024-12-27 15:39:30,830:INFO:Creating metrics dataframe
2024-12-27 15:39:30,835:INFO:Initializing Orthogonal Matching Pursuit
2024-12-27 15:39:30,835:INFO:Total runtime is 0.3471942067146301 minutes
2024-12-27 15:39:30,835:INFO:SubProcess create_model() called ==================================
2024-12-27 15:39:30,836:INFO:Initializing create_model()
2024-12-27 15:39:30,836:INFO:create_model(self=<pycaret.regression.oop.RegressionExperiment object at 0x000001A01465BC70>, estimator=omp, fold=KFold(n_splits=10, random_state=None, shuffle=False), round=4, cross_validation=True, predict=True, fit_kwargs={}, groups=None, refit=False, probability_threshold=None, experiment_custom_tags=None, verbose=False, system=False, add_to_model_list=True, metrics=None, display=<pycaret.internal.display.display.CommonDisplay object at 0x000001A0240F2560>, model_only=True, return_train_score=False, kwargs={})
2024-12-27 15:39:30,836:INFO:Checking exceptions
2024-12-27 15:39:30,836:INFO:Importing libraries
2024-12-27 15:39:30,836:INFO:Copying training dataset
2024-12-27 15:39:30,840:INFO:Defining folds
2024-12-27 15:39:30,840:INFO:Declaring metric variables
2024-12-27 15:39:30,840:INFO:Importing untrained model
2024-12-27 15:39:30,840:INFO:Orthogonal Matching Pursuit Imported successfully
2024-12-27 15:39:30,841:INFO:Starting cross validation
2024-12-27 15:39:30,841:INFO:Cross validating with KFold(n_splits=10, random_state=None, shuffle=False), n_jobs=-1
2024-12-27 15:39:31,779:INFO:Calculating mean and std
2024-12-27 15:39:31,779:INFO:Creating metrics dataframe
2024-12-27 15:39:31,917:INFO:Uploading results into container
2024-12-27 15:39:31,917:INFO:Uploading model into container now
2024-12-27 15:39:31,918:INFO:_master_model_container: 7
2024-12-27 15:39:31,918:INFO:_display_container: 2
2024-12-27 15:39:31,918:INFO:OrthogonalMatchingPursuit()
2024-12-27 15:39:31,919:INFO:create_model() successfully completed......................................
2024-12-27 15:39:32,048:INFO:SubProcess create_model() end ==================================
2024-12-27 15:39:32,048:INFO:Creating metrics dataframe
2024-12-27 15:39:32,053:INFO:Initializing Bayesian Ridge
2024-12-27 15:39:32,053:INFO:Total runtime is 0.36748538017272947 minutes
2024-12-27 15:39:32,053:INFO:SubProcess create_model() called ==================================
2024-12-27 15:39:32,054:INFO:Initializing create_model()
2024-12-27 15:39:32,054:INFO:create_model(self=<pycaret.regression.oop.RegressionExperiment object at 0x000001A01465BC70>, estimator=br, fold=KFold(n_splits=10, random_state=None, shuffle=False), round=4, cross_validation=True, predict=True, fit_kwargs={}, groups=None, refit=False, probability_threshold=None, experiment_custom_tags=None, verbose=False, system=False, add_to_model_list=True, metrics=None, display=<pycaret.internal.display.display.CommonDisplay object at 0x000001A0240F2560>, model_only=True, return_train_score=False, kwargs={})
2024-12-27 15:39:32,054:INFO:Checking exceptions
2024-12-27 15:39:32,054:INFO:Importing libraries
2024-12-27 15:39:32,054:INFO:Copying training dataset
2024-12-27 15:39:32,056:INFO:Defining folds
2024-12-27 15:39:32,057:INFO:Declaring metric variables
2024-12-27 15:39:32,057:INFO:Importing untrained model
2024-12-27 15:39:32,057:INFO:Bayesian Ridge Imported successfully
2024-12-27 15:39:32,057:INFO:Starting cross validation
2024-12-27 15:39:32,058:INFO:Cross validating with KFold(n_splits=10, random_state=None, shuffle=False), n_jobs=-1
2024-12-27 15:39:33,006:INFO:Calculating mean and std
2024-12-27 15:39:33,006:INFO:Creating metrics dataframe
2024-12-27 15:39:33,152:INFO:Uploading results into container
2024-12-27 15:39:33,153:INFO:Uploading model into container now
2024-12-27 15:39:33,153:INFO:_master_model_container: 8
2024-12-27 15:39:33,153:INFO:_display_container: 2
2024-12-27 15:39:33,154:INFO:BayesianRidge()
2024-12-27 15:39:33,154:INFO:create_model() successfully completed......................................
2024-12-27 15:39:33,299:INFO:SubProcess create_model() end ==================================
2024-12-27 15:39:33,299:INFO:Creating metrics dataframe
2024-12-27 15:39:33,303:INFO:Initializing Passive Aggressive Regressor
2024-12-27 15:39:33,303:INFO:Total runtime is 0.38832453886667884 minutes
2024-12-27 15:39:33,304:INFO:SubProcess create_model() called ==================================
2024-12-27 15:39:33,304:INFO:Initializing create_model()
2024-12-27 15:39:33,304:INFO:create_model(self=<pycaret.regression.oop.RegressionExperiment object at 0x000001A01465BC70>, estimator=par, fold=KFold(n_splits=10, random_state=None, shuffle=False), round=4, cross_validation=True, predict=True, fit_kwargs={}, groups=None, refit=False, probability_threshold=None, experiment_custom_tags=None, verbose=False, system=False, add_to_model_list=True, metrics=None, display=<pycaret.internal.display.display.CommonDisplay object at 0x000001A0240F2560>, model_only=True, return_train_score=False, kwargs={})
2024-12-27 15:39:33,304:INFO:Checking exceptions
2024-12-27 15:39:33,304:INFO:Importing libraries
2024-12-27 15:39:33,304:INFO:Copying training dataset
2024-12-27 15:39:33,307:INFO:Defining folds
2024-12-27 15:39:33,307:INFO:Declaring metric variables
2024-12-27 15:39:33,308:INFO:Importing untrained model
2024-12-27 15:39:33,308:INFO:Passive Aggressive Regressor Imported successfully
2024-12-27 15:39:33,309:INFO:Starting cross validation
2024-12-27 15:39:33,310:INFO:Cross validating with KFold(n_splits=10, random_state=None, shuffle=False), n_jobs=-1
2024-12-27 15:39:34,248:INFO:Calculating mean and std
2024-12-27 15:39:34,250:INFO:Creating metrics dataframe
2024-12-27 15:39:34,390:INFO:Uploading results into container
2024-12-27 15:39:34,392:INFO:Uploading model into container now
2024-12-27 15:39:34,392:INFO:_master_model_container: 9
2024-12-27 15:39:34,392:INFO:_display_container: 2
2024-12-27 15:39:34,392:INFO:PassiveAggressiveRegressor(random_state=123)
2024-12-27 15:39:34,393:INFO:create_model() successfully completed......................................
2024-12-27 15:39:34,527:INFO:SubProcess create_model() end ==================================
2024-12-27 15:39:34,528:INFO:Creating metrics dataframe
2024-12-27 15:39:34,533:INFO:Initializing Huber Regressor
2024-12-27 15:39:34,533:INFO:Total runtime is 0.40883233149846393 minutes
2024-12-27 15:39:34,534:INFO:SubProcess create_model() called ==================================
2024-12-27 15:39:34,534:INFO:Initializing create_model()
2024-12-27 15:39:34,534:INFO:create_model(self=<pycaret.regression.oop.RegressionExperiment object at 0x000001A01465BC70>, estimator=huber, fold=KFold(n_splits=10, random_state=None, shuffle=False), round=4, cross_validation=True, predict=True, fit_kwargs={}, groups=None, refit=False, probability_threshold=None, experiment_custom_tags=None, verbose=False, system=False, add_to_model_list=True, metrics=None, display=<pycaret.internal.display.display.CommonDisplay object at 0x000001A0240F2560>, model_only=True, return_train_score=False, kwargs={})
2024-12-27 15:39:34,534:INFO:Checking exceptions
2024-12-27 15:39:34,534:INFO:Importing libraries
2024-12-27 15:39:34,534:INFO:Copying training dataset
2024-12-27 15:39:34,538:INFO:Defining folds
2024-12-27 15:39:34,539:INFO:Declaring metric variables
2024-12-27 15:39:34,539:INFO:Importing untrained model
2024-12-27 15:39:34,539:INFO:Huber Regressor Imported successfully
2024-12-27 15:39:34,539:INFO:Starting cross validation
2024-12-27 15:39:34,540:INFO:Cross validating with KFold(n_splits=10, random_state=None, shuffle=False), n_jobs=-1
2024-12-27 15:39:34,630:WARNING:C:\Users\yashu\anaconda3\envs\env_linear_regression\lib\site-packages\sklearn\linear_model\_huber.py:342: ConvergenceWarning: lbfgs failed to converge (status=1):
STOP: TOTAL NO. of ITERATIONS REACHED LIMIT.

Increase the number of iterations (max_iter) or scale the data as shown in:
    https://scikit-learn.org/stable/modules/preprocessing.html
  self.n_iter_ = _check_optimize_result("lbfgs", opt_res, self.max_iter)

2024-12-27 15:39:34,635:WARNING:C:\Users\yashu\anaconda3\envs\env_linear_regression\lib\site-packages\sklearn\linear_model\_huber.py:342: ConvergenceWarning: lbfgs failed to converge (status=1):
STOP: TOTAL NO. of ITERATIONS REACHED LIMIT.

Increase the number of iterations (max_iter) or scale the data as shown in:
    https://scikit-learn.org/stable/modules/preprocessing.html
  self.n_iter_ = _check_optimize_result("lbfgs", opt_res, self.max_iter)

2024-12-27 15:39:34,651:WARNING:C:\Users\yashu\anaconda3\envs\env_linear_regression\lib\site-packages\sklearn\linear_model\_huber.py:342: ConvergenceWarning: lbfgs failed to converge (status=1):
STOP: TOTAL NO. of ITERATIONS REACHED LIMIT.

Increase the number of iterations (max_iter) or scale the data as shown in:
    https://scikit-learn.org/stable/modules/preprocessing.html
  self.n_iter_ = _check_optimize_result("lbfgs", opt_res, self.max_iter)

2024-12-27 15:39:34,661:WARNING:C:\Users\yashu\anaconda3\envs\env_linear_regression\lib\site-packages\sklearn\linear_model\_huber.py:342: ConvergenceWarning: lbfgs failed to converge (status=1):
STOP: TOTAL NO. of ITERATIONS REACHED LIMIT.

Increase the number of iterations (max_iter) or scale the data as shown in:
    https://scikit-learn.org/stable/modules/preprocessing.html
  self.n_iter_ = _check_optimize_result("lbfgs", opt_res, self.max_iter)

2024-12-27 15:39:34,674:WARNING:C:\Users\yashu\anaconda3\envs\env_linear_regression\lib\site-packages\sklearn\linear_model\_huber.py:342: ConvergenceWarning: lbfgs failed to converge (status=1):
STOP: TOTAL NO. of ITERATIONS REACHED LIMIT.

Increase the number of iterations (max_iter) or scale the data as shown in:
    https://scikit-learn.org/stable/modules/preprocessing.html
  self.n_iter_ = _check_optimize_result("lbfgs", opt_res, self.max_iter)

2024-12-27 15:39:34,681:WARNING:C:\Users\yashu\anaconda3\envs\env_linear_regression\lib\site-packages\sklearn\linear_model\_huber.py:342: ConvergenceWarning: lbfgs failed to converge (status=1):
STOP: TOTAL NO. of ITERATIONS REACHED LIMIT.

Increase the number of iterations (max_iter) or scale the data as shown in:
    https://scikit-learn.org/stable/modules/preprocessing.html
  self.n_iter_ = _check_optimize_result("lbfgs", opt_res, self.max_iter)

2024-12-27 15:39:34,696:WARNING:C:\Users\yashu\anaconda3\envs\env_linear_regression\lib\site-packages\sklearn\linear_model\_huber.py:342: ConvergenceWarning: lbfgs failed to converge (status=1):
STOP: TOTAL NO. of ITERATIONS REACHED LIMIT.

Increase the number of iterations (max_iter) or scale the data as shown in:
    https://scikit-learn.org/stable/modules/preprocessing.html
  self.n_iter_ = _check_optimize_result("lbfgs", opt_res, self.max_iter)

2024-12-27 15:39:34,714:WARNING:C:\Users\yashu\anaconda3\envs\env_linear_regression\lib\site-packages\sklearn\linear_model\_huber.py:342: ConvergenceWarning: lbfgs failed to converge (status=1):
STOP: TOTAL NO. of ITERATIONS REACHED LIMIT.

Increase the number of iterations (max_iter) or scale the data as shown in:
    https://scikit-learn.org/stable/modules/preprocessing.html
  self.n_iter_ = _check_optimize_result("lbfgs", opt_res, self.max_iter)

2024-12-27 15:39:34,730:WARNING:C:\Users\yashu\anaconda3\envs\env_linear_regression\lib\site-packages\sklearn\linear_model\_huber.py:342: ConvergenceWarning: lbfgs failed to converge (status=1):
STOP: TOTAL NO. of ITERATIONS REACHED LIMIT.

Increase the number of iterations (max_iter) or scale the data as shown in:
    https://scikit-learn.org/stable/modules/preprocessing.html
  self.n_iter_ = _check_optimize_result("lbfgs", opt_res, self.max_iter)

2024-12-27 15:39:34,737:WARNING:C:\Users\yashu\anaconda3\envs\env_linear_regression\lib\site-packages\sklearn\linear_model\_huber.py:342: ConvergenceWarning: lbfgs failed to converge (status=1):
STOP: TOTAL NO. of ITERATIONS REACHED LIMIT.

Increase the number of iterations (max_iter) or scale the data as shown in:
    https://scikit-learn.org/stable/modules/preprocessing.html
  self.n_iter_ = _check_optimize_result("lbfgs", opt_res, self.max_iter)

2024-12-27 15:39:35,511:INFO:Calculating mean and std
2024-12-27 15:39:35,512:INFO:Creating metrics dataframe
2024-12-27 15:39:35,651:INFO:Uploading results into container
2024-12-27 15:39:35,652:INFO:Uploading model into container now
2024-12-27 15:39:35,653:INFO:_master_model_container: 10
2024-12-27 15:39:35,653:INFO:_display_container: 2
2024-12-27 15:39:35,653:INFO:HuberRegressor()
2024-12-27 15:39:35,653:INFO:create_model() successfully completed......................................
2024-12-27 15:39:35,792:INFO:SubProcess create_model() end ==================================
2024-12-27 15:39:35,792:INFO:Creating metrics dataframe
2024-12-27 15:39:35,798:INFO:Initializing K Neighbors Regressor
2024-12-27 15:39:35,798:INFO:Total runtime is 0.4299139022827148 minutes
2024-12-27 15:39:35,798:INFO:SubProcess create_model() called ==================================
2024-12-27 15:39:35,800:INFO:Initializing create_model()
2024-12-27 15:39:35,800:INFO:create_model(self=<pycaret.regression.oop.RegressionExperiment object at 0x000001A01465BC70>, estimator=knn, fold=KFold(n_splits=10, random_state=None, shuffle=False), round=4, cross_validation=True, predict=True, fit_kwargs={}, groups=None, refit=False, probability_threshold=None, experiment_custom_tags=None, verbose=False, system=False, add_to_model_list=True, metrics=None, display=<pycaret.internal.display.display.CommonDisplay object at 0x000001A0240F2560>, model_only=True, return_train_score=False, kwargs={})
2024-12-27 15:39:35,800:INFO:Checking exceptions
2024-12-27 15:39:35,800:INFO:Importing libraries
2024-12-27 15:39:35,800:INFO:Copying training dataset
2024-12-27 15:39:35,803:INFO:Defining folds
2024-12-27 15:39:35,803:INFO:Declaring metric variables
2024-12-27 15:39:35,803:INFO:Importing untrained model
2024-12-27 15:39:35,803:INFO:K Neighbors Regressor Imported successfully
2024-12-27 15:39:35,804:INFO:Starting cross validation
2024-12-27 15:39:35,804:INFO:Cross validating with KFold(n_splits=10, random_state=None, shuffle=False), n_jobs=-1
2024-12-27 15:39:36,770:INFO:Calculating mean and std
2024-12-27 15:39:36,770:INFO:Creating metrics dataframe
2024-12-27 15:39:36,904:INFO:Uploading results into container
2024-12-27 15:39:36,905:INFO:Uploading model into container now
2024-12-27 15:39:36,905:INFO:_master_model_container: 11
2024-12-27 15:39:36,905:INFO:_display_container: 2
2024-12-27 15:39:36,906:INFO:KNeighborsRegressor(n_jobs=-1)
2024-12-27 15:39:36,906:INFO:create_model() successfully completed......................................
2024-12-27 15:39:37,047:INFO:SubProcess create_model() end ==================================
2024-12-27 15:39:37,047:INFO:Creating metrics dataframe
2024-12-27 15:39:37,052:INFO:Initializing Decision Tree Regressor
2024-12-27 15:39:37,052:INFO:Total runtime is 0.4508148908615112 minutes
2024-12-27 15:39:37,052:INFO:SubProcess create_model() called ==================================
2024-12-27 15:39:37,053:INFO:Initializing create_model()
2024-12-27 15:39:37,053:INFO:create_model(self=<pycaret.regression.oop.RegressionExperiment object at 0x000001A01465BC70>, estimator=dt, fold=KFold(n_splits=10, random_state=None, shuffle=False), round=4, cross_validation=True, predict=True, fit_kwargs={}, groups=None, refit=False, probability_threshold=None, experiment_custom_tags=None, verbose=False, system=False, add_to_model_list=True, metrics=None, display=<pycaret.internal.display.display.CommonDisplay object at 0x000001A0240F2560>, model_only=True, return_train_score=False, kwargs={})
2024-12-27 15:39:37,053:INFO:Checking exceptions
2024-12-27 15:39:37,053:INFO:Importing libraries
2024-12-27 15:39:37,053:INFO:Copying training dataset
2024-12-27 15:39:37,057:INFO:Defining folds
2024-12-27 15:39:37,057:INFO:Declaring metric variables
2024-12-27 15:39:37,057:INFO:Importing untrained model
2024-12-27 15:39:37,057:INFO:Decision Tree Regressor Imported successfully
2024-12-27 15:39:37,057:INFO:Starting cross validation
2024-12-27 15:39:37,058:INFO:Cross validating with KFold(n_splits=10, random_state=None, shuffle=False), n_jobs=-1
2024-12-27 15:39:37,989:INFO:Calculating mean and std
2024-12-27 15:39:37,990:INFO:Creating metrics dataframe
2024-12-27 15:39:38,126:INFO:Uploading results into container
2024-12-27 15:39:38,126:INFO:Uploading model into container now
2024-12-27 15:39:38,127:INFO:_master_model_container: 12
2024-12-27 15:39:38,127:INFO:_display_container: 2
2024-12-27 15:39:38,127:INFO:DecisionTreeRegressor(random_state=123)
2024-12-27 15:39:38,127:INFO:create_model() successfully completed......................................
2024-12-27 15:39:38,264:INFO:SubProcess create_model() end ==================================
2024-12-27 15:39:38,264:INFO:Creating metrics dataframe
2024-12-27 15:39:38,269:INFO:Initializing Random Forest Regressor
2024-12-27 15:39:38,270:INFO:Total runtime is 0.4711135665575663 minutes
2024-12-27 15:39:38,270:INFO:SubProcess create_model() called ==================================
2024-12-27 15:39:38,270:INFO:Initializing create_model()
2024-12-27 15:39:38,270:INFO:create_model(self=<pycaret.regression.oop.RegressionExperiment object at 0x000001A01465BC70>, estimator=rf, fold=KFold(n_splits=10, random_state=None, shuffle=False), round=4, cross_validation=True, predict=True, fit_kwargs={}, groups=None, refit=False, probability_threshold=None, experiment_custom_tags=None, verbose=False, system=False, add_to_model_list=True, metrics=None, display=<pycaret.internal.display.display.CommonDisplay object at 0x000001A0240F2560>, model_only=True, return_train_score=False, kwargs={})
2024-12-27 15:39:38,270:INFO:Checking exceptions
2024-12-27 15:39:38,270:INFO:Importing libraries
2024-12-27 15:39:38,270:INFO:Copying training dataset
2024-12-27 15:39:38,273:INFO:Defining folds
2024-12-27 15:39:38,273:INFO:Declaring metric variables
2024-12-27 15:39:38,273:INFO:Importing untrained model
2024-12-27 15:39:38,274:INFO:Random Forest Regressor Imported successfully
2024-12-27 15:39:38,274:INFO:Starting cross validation
2024-12-27 15:39:38,274:INFO:Cross validating with KFold(n_splits=10, random_state=None, shuffle=False), n_jobs=-1
2024-12-27 15:39:39,884:INFO:Calculating mean and std
2024-12-27 15:39:39,885:INFO:Creating metrics dataframe
2024-12-27 15:39:40,033:INFO:Uploading results into container
2024-12-27 15:39:40,033:INFO:Uploading model into container now
2024-12-27 15:39:40,034:INFO:_master_model_container: 13
2024-12-27 15:39:40,034:INFO:_display_container: 2
2024-12-27 15:39:40,034:INFO:RandomForestRegressor(n_jobs=-1, random_state=123)
2024-12-27 15:39:40,034:INFO:create_model() successfully completed......................................
2024-12-27 15:39:40,167:INFO:SubProcess create_model() end ==================================
2024-12-27 15:39:40,167:INFO:Creating metrics dataframe
2024-12-27 15:39:40,173:INFO:Initializing Extra Trees Regressor
2024-12-27 15:39:40,173:INFO:Total runtime is 0.5028294046719869 minutes
2024-12-27 15:39:40,173:INFO:SubProcess create_model() called ==================================
2024-12-27 15:39:40,173:INFO:Initializing create_model()
2024-12-27 15:39:40,173:INFO:create_model(self=<pycaret.regression.oop.RegressionExperiment object at 0x000001A01465BC70>, estimator=et, fold=KFold(n_splits=10, random_state=None, shuffle=False), round=4, cross_validation=True, predict=True, fit_kwargs={}, groups=None, refit=False, probability_threshold=None, experiment_custom_tags=None, verbose=False, system=False, add_to_model_list=True, metrics=None, display=<pycaret.internal.display.display.CommonDisplay object at 0x000001A0240F2560>, model_only=True, return_train_score=False, kwargs={})
2024-12-27 15:39:40,173:INFO:Checking exceptions
2024-12-27 15:39:40,173:INFO:Importing libraries
2024-12-27 15:39:40,173:INFO:Copying training dataset
2024-12-27 15:39:40,176:INFO:Defining folds
2024-12-27 15:39:40,177:INFO:Declaring metric variables
2024-12-27 15:39:40,177:INFO:Importing untrained model
2024-12-27 15:39:40,177:INFO:Extra Trees Regressor Imported successfully
2024-12-27 15:39:40,177:INFO:Starting cross validation
2024-12-27 15:39:40,178:INFO:Cross validating with KFold(n_splits=10, random_state=None, shuffle=False), n_jobs=-1
2024-12-27 15:39:41,660:INFO:Calculating mean and std
2024-12-27 15:39:41,661:INFO:Creating metrics dataframe
2024-12-27 15:39:41,816:INFO:Uploading results into container
2024-12-27 15:39:41,816:INFO:Uploading model into container now
2024-12-27 15:39:41,818:INFO:_master_model_container: 14
2024-12-27 15:39:41,818:INFO:_display_container: 2
2024-12-27 15:39:41,818:INFO:ExtraTreesRegressor(n_jobs=-1, random_state=123)
2024-12-27 15:39:41,818:INFO:create_model() successfully completed......................................
2024-12-27 15:39:41,945:INFO:SubProcess create_model() end ==================================
2024-12-27 15:39:41,945:INFO:Creating metrics dataframe
2024-12-27 15:39:41,949:INFO:Initializing AdaBoost Regressor
2024-12-27 15:39:41,950:INFO:Total runtime is 0.5324363708496094 minutes
2024-12-27 15:39:41,950:INFO:SubProcess create_model() called ==================================
2024-12-27 15:39:41,950:INFO:Initializing create_model()
2024-12-27 15:39:41,950:INFO:create_model(self=<pycaret.regression.oop.RegressionExperiment object at 0x000001A01465BC70>, estimator=ada, fold=KFold(n_splits=10, random_state=None, shuffle=False), round=4, cross_validation=True, predict=True, fit_kwargs={}, groups=None, refit=False, probability_threshold=None, experiment_custom_tags=None, verbose=False, system=False, add_to_model_list=True, metrics=None, display=<pycaret.internal.display.display.CommonDisplay object at 0x000001A0240F2560>, model_only=True, return_train_score=False, kwargs={})
2024-12-27 15:39:41,950:INFO:Checking exceptions
2024-12-27 15:39:41,950:INFO:Importing libraries
2024-12-27 15:39:41,950:INFO:Copying training dataset
2024-12-27 15:39:41,953:INFO:Defining folds
2024-12-27 15:39:41,953:INFO:Declaring metric variables
2024-12-27 15:39:41,953:INFO:Importing untrained model
2024-12-27 15:39:41,954:INFO:AdaBoost Regressor Imported successfully
2024-12-27 15:39:41,954:INFO:Starting cross validation
2024-12-27 15:39:41,955:INFO:Cross validating with KFold(n_splits=10, random_state=None, shuffle=False), n_jobs=-1
2024-12-27 15:39:43,122:INFO:Calculating mean and std
2024-12-27 15:39:43,123:INFO:Creating metrics dataframe
2024-12-27 15:39:43,287:INFO:Uploading results into container
2024-12-27 15:39:43,287:INFO:Uploading model into container now
2024-12-27 15:39:43,288:INFO:_master_model_container: 15
2024-12-27 15:39:43,288:INFO:_display_container: 2
2024-12-27 15:39:43,288:INFO:AdaBoostRegressor(random_state=123)
2024-12-27 15:39:43,288:INFO:create_model() successfully completed......................................
2024-12-27 15:39:43,419:INFO:SubProcess create_model() end ==================================
2024-12-27 15:39:43,419:INFO:Creating metrics dataframe
2024-12-27 15:39:43,426:INFO:Initializing Gradient Boosting Regressor
2024-12-27 15:39:43,426:INFO:Total runtime is 0.5570358951886495 minutes
2024-12-27 15:39:43,427:INFO:SubProcess create_model() called ==================================
2024-12-27 15:39:43,427:INFO:Initializing create_model()
2024-12-27 15:39:43,427:INFO:create_model(self=<pycaret.regression.oop.RegressionExperiment object at 0x000001A01465BC70>, estimator=gbr, fold=KFold(n_splits=10, random_state=None, shuffle=False), round=4, cross_validation=True, predict=True, fit_kwargs={}, groups=None, refit=False, probability_threshold=None, experiment_custom_tags=None, verbose=False, system=False, add_to_model_list=True, metrics=None, display=<pycaret.internal.display.display.CommonDisplay object at 0x000001A0240F2560>, model_only=True, return_train_score=False, kwargs={})
2024-12-27 15:39:43,427:INFO:Checking exceptions
2024-12-27 15:39:43,427:INFO:Importing libraries
2024-12-27 15:39:43,428:INFO:Copying training dataset
2024-12-27 15:39:43,436:INFO:Defining folds
2024-12-27 15:39:43,436:INFO:Declaring metric variables
2024-12-27 15:39:43,437:INFO:Importing untrained model
2024-12-27 15:39:43,437:INFO:Gradient Boosting Regressor Imported successfully
2024-12-27 15:39:43,437:INFO:Starting cross validation
2024-12-27 15:39:43,440:INFO:Cross validating with KFold(n_splits=10, random_state=None, shuffle=False), n_jobs=-1
2024-12-27 15:39:44,873:INFO:Calculating mean and std
2024-12-27 15:39:44,874:INFO:Creating metrics dataframe
2024-12-27 15:39:45,038:INFO:Uploading results into container
2024-12-27 15:39:45,039:INFO:Uploading model into container now
2024-12-27 15:39:45,040:INFO:_master_model_container: 16
2024-12-27 15:39:45,040:INFO:_display_container: 2
2024-12-27 15:39:45,040:INFO:GradientBoostingRegressor(random_state=123)
2024-12-27 15:39:45,040:INFO:create_model() successfully completed......................................
2024-12-27 15:39:45,184:INFO:SubProcess create_model() end ==================================
2024-12-27 15:39:45,184:INFO:Creating metrics dataframe
2024-12-27 15:39:45,189:INFO:Initializing Extreme Gradient Boosting
2024-12-27 15:39:45,189:INFO:Total runtime is 0.5864275654157003 minutes
2024-12-27 15:39:45,189:INFO:SubProcess create_model() called ==================================
2024-12-27 15:39:45,190:INFO:Initializing create_model()
2024-12-27 15:39:45,190:INFO:create_model(self=<pycaret.regression.oop.RegressionExperiment object at 0x000001A01465BC70>, estimator=xgboost, fold=KFold(n_splits=10, random_state=None, shuffle=False), round=4, cross_validation=True, predict=True, fit_kwargs={}, groups=None, refit=False, probability_threshold=None, experiment_custom_tags=None, verbose=False, system=False, add_to_model_list=True, metrics=None, display=<pycaret.internal.display.display.CommonDisplay object at 0x000001A0240F2560>, model_only=True, return_train_score=False, kwargs={})
2024-12-27 15:39:45,190:INFO:Checking exceptions
2024-12-27 15:39:45,190:INFO:Importing libraries
2024-12-27 15:39:45,190:INFO:Copying training dataset
2024-12-27 15:39:45,194:INFO:Defining folds
2024-12-27 15:39:45,194:INFO:Declaring metric variables
2024-12-27 15:39:45,194:INFO:Importing untrained model
2024-12-27 15:39:45,195:INFO:Extreme Gradient Boosting Imported successfully
2024-12-27 15:39:45,195:INFO:Starting cross validation
2024-12-27 15:39:45,196:INFO:Cross validating with KFold(n_splits=10, random_state=None, shuffle=False), n_jobs=-1
